,image_path,mask_path,class,scan,mask_quality
51,c:\Users\chris\Desktop\University\Thesis\AutomaticMicrogliaMorphologyAnalysis\AnnotationsData\Segmentations\images\2002-001_Iba1_Tp_B2_AD.vsi - 20x_BF_01\MG_whole\ann-100__x-36603_y-19573_w-222_h-223__ds-1.png,c:\Users\chris\Desktop\University\Thesis\AutomaticMicrogliaMorphologyAnalysis\AnnotationsData\Segmentations\masks\2002-001_Iba1_Tp_B2_AD.vsi - 20x_BF_01\MG_whole\ann-100__x-36603_y-19573_w-222_h-223__ds-1.png,MG_whole,2002-001_Iba1_Tp_B2_AD.vsi - 20x_BF_01,bad
52,c:\Users\chris\Desktop\University\Thesis\AutomaticMicrogliaMorphologyAnalysis\AnnotationsData\Segmentations\images\2002-001_Iba1_Tp_B2_AD.vsi - 20x_BF_01\MG_whole\ann-101__x-37119_y-19655_w-146_h-199__ds-1.png,c:\Users\chris\Desktop\University\Thesis\AutomaticMicrogliaMorphologyAnalysis\AnnotationsData\Segmentations\masks\2002-001_Iba1_Tp_B2_AD.vsi - 20x_BF_01\MG_whole\ann-101__x-37119_y-19655_w-146_h-199__ds-1.png,MG_whole,2002-001_Iba1_Tp_B2_AD.vsi - 20x_BF_01,good
53,c:\Users\chris\Desktop\University\Thesis\AutomaticMicrogliaMorphologyAnalysis\AnnotationsData\Segmentations\images\2002-001_Iba1_Tp_B2_AD.vsi - 20x_BF_01\MG_whole\ann-15__x-31021_y-29022_w-90_h-87__ds-1.png,c:\Users\chris\Desktop\University\Thesis\AutomaticMicrogliaMorphologyAnalysis\AnnotationsData\Segmentations\masks\2002-001_Iba1_Tp_B2_AD.vsi - 20x_BF_01\MG_whole\ann-15__x-31021_y-29022_w-90_h-87__ds-1.png,MG_whole,2002-001_Iba1_Tp_B2_AD.vsi - 20x_BF_01,good
54,c:\Users\chris\Desktop\University\Thesis\AutomaticMicrogliaMorphologyAnalysis\AnnotationsData\Segmentations\images\2002-001_Iba1_Tp_B2_AD.vsi - 20x_BF_01\MG_whole\ann-17__x-29416_y-23053_w-201_h-194__ds-1.png,c:\Users\chris\Desktop\University\Thesis\AutomaticMicrogliaMorphologyAnalysis\AnnotationsData\Segmentations\masks\2002-001_Iba1_Tp_B2_AD.vsi - 20x_BF_01\MG_whole\ann-17__x-29416_y-23053_w-201_h-194__ds-1.png,MG_whole,2002-001_Iba1_Tp_B2_AD.vsi - 20x_BF_01,medium
55,c:\Users\chris\Desktop\University\Thesis\AutomaticMicrogliaMorphologyAnalysis\AnnotationsData\Segmentations\images\2002-001_Iba1_Tp_B2_AD.vsi - 20x_BF_01\MG_whole\ann-18__x-30248_y-22502_w-86_h-72__ds-1.png,c:\Users\chris\Desktop\University\Thesis\AutomaticMicrogliaMorphologyAnalysis\AnnotationsData\Segmentations\masks\2002-001_Iba1_Tp_B2_AD.vsi - 20x_BF_01\MG_whole\ann-18__x-30248_y-22502_w-86_h-72__ds-1.png,MG_whole,2002-001_Iba1_Tp_B2_AD.vsi - 20x_BF_01,bad_image_quality
56,c:\Users\chris\Desktop\University\Thesis\AutomaticMicrogliaMorphologyAnalysis\AnnotationsData\Segmentations\images\2002-001_Iba1_Tp_B2_AD.vsi - 20x_BF_01\MG_whole\ann-20__x-30461_y-22388_w-66_h-71__ds-1.png,c:\Users\chris\Desktop\University\Thesis\AutomaticMicrogliaMorphologyAnalysis\AnnotationsData\Segmentations\masks\2002-001_Iba1_Tp_B2_AD.vsi - 20x_BF_01\MG_whole\ann-20__x-30461_y-22388_w-66_h-71__ds-1.png,MG_whole,2002-001_Iba1_Tp_B2_AD.vsi - 20x_BF_01,good
57,c:\Users\chris\Desktop\University\Thesis\AutomaticMicrogliaMorphologyAnalysis\AnnotationsData\Segmentations\images\2002-001_Iba1_Tp_B2_AD.vsi - 20x_BF_01\MG_whole\ann-21__x-32163_y-23330_w-281_h-218__ds-1.png,c:\Users\chris\Desktop\University\Thesis\AutomaticMicrogliaMorphologyAnalysis\AnnotationsData\Segmentations\masks\2002-001_Iba1_Tp_B2_AD.vsi - 20x_BF_01\MG_whole\ann-21__x-32163_y-23330_w-281_h-218__ds-1.png,MG_whole,2002-001_Iba1_Tp_B2_AD.vsi - 20x_BF_01,good
58,c:\Users\chris\Desktop\University\Thesis\AutomaticMicrogliaMorphologyAnalysis\AnnotationsData\Segmentations\images\2002-001_Iba1_Tp_B2_AD.vsi - 20x_BF_01\MG_whole\ann-22__x-32418_y-23488_w-128_h-154__ds-1.png,c:\Users\chris\Desktop\University\Thesis\AutomaticMicrogliaMorphologyAnalysis\AnnotationsData\Segmentations\masks\2002-001_Iba1_Tp_B2_AD.vsi - 20x_BF_01\MG_whole\ann-22__x-32418_y-23488_w-128_h-154__ds-1.png,MG_whole,2002-001_Iba1_Tp_B2_AD.vsi - 20x_BF_01,good
59,c:\Users\chris\Desktop\University\Thesis\AutomaticMicrogliaMorphologyAnalysis\AnnotationsData\Segmentations\images\2002-001_Iba1_Tp_B2_AD.vsi - 20x_BF_01\MG_whole\ann-23__x-32645_y-23536_w-134_h-160__ds-1.png,c:\Users\chris\Desktop\University\Thesis\AutomaticMicrogliaMorphologyAnalysis\AnnotationsData\Segmentations\masks\2002-001_Iba1_Tp_B2_AD.vsi - 20x_BF_01\MG_whole\ann-23__x-32645_y-23536_w-134_h-160__ds-1.png,MG_whole,2002-001_Iba1_Tp_B2_AD.vsi - 20x_BF_01,medium
60,c:\Users\chris\Desktop\University\Thesis\AutomaticMicrogliaMorphologyAnalysis\AnnotationsData\Segmentations\images\2002-001_Iba1_Tp_B2_AD.vsi - 20x_BF_01\MG_whole\ann-24__x-32200_y-19200_w-283_h-238__ds-1.png,c:\Users\chris\Desktop\University\Thesis\AutomaticMicrogliaMorphologyAnalysis\AnnotationsData\Segmentations\masks\2002-001_Iba1_Tp_B2_AD.vsi - 20x_BF_01\MG_whole\ann-24__x-32200_y-19200_w-283_h-238__ds-1.png,MG_whole,2002-001_Iba1_Tp_B2_AD.vsi - 20x_BF_01,good
61,c:\Users\chris\Desktop\University\Thesis\AutomaticMicrogliaMorphologyAnalysis\AnnotationsData\Segmentations\images\2002-001_Iba1_Tp_B2_AD.vsi - 20x_BF_01\MG_whole\ann-25__x-34155_y-18762_w-70_h-108__ds-1.png,c:\Users\chris\Desktop\University\Thesis\AutomaticMicrogliaMorphologyAnalysis\AnnotationsData\Segmentations\masks\2002-001_Iba1_Tp_B2_AD.vsi - 20x_BF_01\MG_whole\ann-25__x-34155_y-18762_w-70_h-108__ds-1.png,MG_whole,2002-001_Iba1_Tp_B2_AD.vsi - 20x_BF_01,good
62,c:\Users\chris\Desktop\University\Thesis\AutomaticMicrogliaMorphologyAnalysis\AnnotationsData\Segmentations\images\2002-001_Iba1_Tp_B2_AD.vsi - 20x_BF_01\MG_whole\ann-26__x-34166_y-19121_w-92_h-98__ds-1.png,c:\Users\chris\Desktop\University\Thesis\AutomaticMicrogliaMorphologyAnalysis\AnnotationsData\Segmentations\masks\2002-001_Iba1_Tp_B2_AD.vsi - 20x_BF_01\MG_whole\ann-26__x-34166_y-19121_w-92_h-98__ds-1.png,MG_whole,2002-001_Iba1_Tp_B2_AD.vsi - 20x_BF_01,bad_image_quality
63,c:\Users\chris\Desktop\University\Thesis\AutomaticMicrogliaMorphologyAnalysis\AnnotationsData\Segmentations\images\2002-001_Iba1_Tp_B2_AD.vsi - 20x_BF_01\MG_whole\ann-27__x-34569_y-19631_w-105_h-106__ds-1.png,c:\Users\chris\Desktop\University\Thesis\AutomaticMicrogliaMorphologyAnalysis\AnnotationsData\Segmentations\masks\2002-001_Iba1_Tp_B2_AD.vsi - 20x_BF_01\MG_whole\ann-27__x-34569_y-19631_w-105_h-106__ds-1.png,MG_whole,2002-001_Iba1_Tp_B2_AD.vsi - 20x_BF_01,good
64,c:\Users\chris\Desktop\University\Thesis\AutomaticMicrogliaMorphologyAnalysis\AnnotationsData\Segmentations\images\2002-001_Iba1_Tp_B2_AD.vsi - 20x_BF_01\MG_whole\ann-29__x-34559_y-19917_w-120_h-87__ds-1.png,c:\Users\chris\Desktop\University\Thesis\AutomaticMicrogliaMorphologyAnalysis\AnnotationsData\Segmentations\masks\2002-001_Iba1_Tp_B2_AD.vsi - 20x_BF_01\MG_whole\ann-29__x-34559_y-19917_w-120_h-87__ds-1.png,MG_whole,2002-001_Iba1_Tp_B2_AD.vsi - 20x_BF_01,medium
65,c:\Users\chris\Desktop\University\Thesis\AutomaticMicrogliaMorphologyAnalysis\AnnotationsData\Segmentations\images\2002-001_Iba1_Tp_B2_AD.vsi - 20x_BF_01\MG_whole\ann-30__x-34207_y-19837_w-127_h-187__ds-1.png,c:\Users\chris\Desktop\University\Thesis\AutomaticMicrogliaMorphologyAnalysis\AnnotationsData\Segmentations\masks\2002-001_Iba1_Tp_B2_AD.vsi - 20x_BF_01\MG_whole\ann-30__x-34207_y-19837_w-127_h-187__ds-1.png,MG_whole,2002-001_Iba1_Tp_B2_AD.vsi - 20x_BF_01,good
66,c:\Users\chris\Desktop\University\Thesis\AutomaticMicrogliaMorphologyAnalysis\AnnotationsData\Segmentations\images\2002-001_Iba1_Tp_B2_AD.vsi - 20x_BF_01\MG_whole\ann-31__x-35446_y-19864_w-72_h-84__ds-1.png,c:\Users\chris\Desktop\University\Thesis\AutomaticMicrogliaMorphologyAnalysis\AnnotationsData\Segmentations\masks\2002-001_Iba1_Tp_B2_AD.vsi - 20x_BF_01\MG_whole\ann-31__x-35446_y-19864_w-72_h-84__ds-1.png,MG_whole,2002-001_Iba1_Tp_B2_AD.vsi - 20x_BF_01,bad_image_quality
67,c:\Users\chris\Desktop\University\Thesis\AutomaticMicrogliaMorphologyAnalysis\AnnotationsData\Segmentations\images\2002-001_Iba1_Tp_B2_AD.vsi - 20x_BF_01\MG_whole\ann-32__x-35354_y-19598_w-119_h-57__ds-1.png,c:\Users\chris\Desktop\University\Thesis\AutomaticMicrogliaMorphologyAnalysis\AnnotationsData\Segmentations\masks\2002-001_Iba1_Tp_B2_AD.vsi - 20x_BF_01\MG_whole\ann-32__x-35354_y-19598_w-119_h-57__ds-1.png,MG_whole,2002-001_Iba1_Tp_B2_AD.vsi - 20x_BF_01,medium
68,c:\Users\chris\Desktop\University\Thesis\AutomaticMicrogliaMorphologyAnalysis\AnnotationsData\Segmentations\images\2002-001_Iba1_Tp_B2_AD.vsi - 20x_BF_01\MG_whole\ann-33__x-35520_y-19477_w-94_h-165__ds-1.png,c:\Users\chris\Desktop\University\Thesis\AutomaticMicrogliaMorphologyAnalysis\AnnotationsData\Segmentations\masks\2002-001_Iba1_Tp_B2_AD.vsi - 20x_BF_01\MG_whole\ann-33__x-35520_y-19477_w-94_h-165__ds-1.png,MG_whole,2002-001_Iba1_Tp_B2_AD.vsi - 20x_BF_01,good
69,c:\Users\chris\Desktop\University\Thesis\AutomaticMicrogliaMorphologyAnalysis\AnnotationsData\Segmentations\images\2002-001_Iba1_Tp_B2_AD.vsi - 20x_BF_01\MG_whole\ann-34__x-33873_y-20877_w-116_h-231__ds-1.png,c:\Users\chris\Desktop\University\Thesis\AutomaticMicrogliaMorphologyAnalysis\AnnotationsData\Segmentations\masks\2002-001_Iba1_Tp_B2_AD.vsi - 20x_BF_01\MG_whole\ann-34__x-33873_y-20877_w-116_h-231__ds-1.png,MG_whole,2002-001_Iba1_Tp_B2_AD.vsi - 20x_BF_01,too_big
70,c:\Users\chris\Desktop\University\Thesis\AutomaticMicrogliaMorphologyAnalysis\AnnotationsData\Segmentations\images\2002-001_Iba1_Tp_B2_AD.vsi - 20x_BF_01\MG_whole\ann-35__x-34851_y-22010_w-147_h-121__ds-1.png,c:\Users\chris\Desktop\University\Thesis\AutomaticMicrogliaMorphologyAnalysis\AnnotationsData\Segmentations\masks\2002-001_Iba1_Tp_B2_AD.vsi - 20x_BF_01\MG_whole\ann-35__x-34851_y-22010_w-147_h-121__ds-1.png,MG_whole,2002-001_Iba1_Tp_B2_AD.vsi - 20x_BF_01,medium
71,c:\Users\chris\Desktop\University\Thesis\AutomaticMicrogliaMorphologyAnalysis\AnnotationsData\Segmentations\images\2002-001_Iba1_Tp_B2_AD.vsi - 20x_BF_01\MG_whole\ann-36__x-30288_y-29417_w-78_h-165__ds-1.png,c:\Users\chris\Desktop\University\Thesis\AutomaticMicrogliaMorphologyAnalysis\AnnotationsData\Segmentations\masks\2002-001_Iba1_Tp_B2_AD.vsi - 20x_BF_01\MG_whole\ann-36__x-30288_y-29417_w-78_h-165__ds-1.png,MG_whole,2002-001_Iba1_Tp_B2_AD.vsi - 20x_BF_01,good
72,c:\Users\chris\Desktop\University\Thesis\AutomaticMicrogliaMorphologyAnalysis\AnnotationsData\Segmentations\images\2002-001_Iba1_Tp_B2_AD.vsi - 20x_BF_01\MG_whole\ann-44__x-29739_y-29965_w-168_h-210__ds-1.png,c:\Users\chris\Desktop\University\Thesis\AutomaticMicrogliaMorphologyAnalysis\AnnotationsData\Segmentations\masks\2002-001_Iba1_Tp_B2_AD.vsi - 20x_BF_01\MG_whole\ann-44__x-29739_y-29965_w-168_h-210__ds-1.png,MG_whole,2002-001_Iba1_Tp_B2_AD.vsi - 20x_BF_01,too_big
73,c:\Users\chris\Desktop\University\Thesis\AutomaticMicrogliaMorphologyAnalysis\AnnotationsData\Segmentations\images\2002-001_Iba1_Tp_B2_AD.vsi - 20x_BF_01\MG_whole\ann-45__x-29989_y-29919_w-61_h-117__ds-1.png,c:\Users\chris\Desktop\University\Thesis\AutomaticMicrogliaMorphologyAnalysis\AnnotationsData\Segmentations\masks\2002-001_Iba1_Tp_B2_AD.vsi - 20x_BF_01\MG_whole\ann-45__x-29989_y-29919_w-61_h-117__ds-1.png,MG_whole,2002-001_Iba1_Tp_B2_AD.vsi - 20x_BF_01,good
74,c:\Users\chris\Desktop\University\Thesis\AutomaticMicrogliaMorphologyAnalysis\AnnotationsData\Segmentations\images\2002-001_Iba1_Tp_B2_AD.vsi - 20x_BF_01\MG_whole\ann-46__x-30015_y-29558_w-110_h-150__ds-1.png,c:\Users\chris\Desktop\University\Thesis\AutomaticMicrogliaMorphologyAnalysis\AnnotationsData\Segmentations\masks\2002-001_Iba1_Tp_B2_AD.vsi - 20x_BF_01\MG_whole\ann-46__x-30015_y-29558_w-110_h-150__ds-1.png,MG_whole,2002-001_Iba1_Tp_B2_AD.vsi - 20x_BF_01,medium
75,c:\Users\chris\Desktop\University\Thesis\AutomaticMicrogliaMorphologyAnalysis\AnnotationsData\Segmentations\images\2002-001_Iba1_Tp_B2_AD.vsi - 20x_BF_01\MG_whole\ann-47__x-30754_y-30195_w-124_h-130__ds-1.png,c:\Users\chris\Desktop\University\Thesis\AutomaticMicrogliaMorphologyAnalysis\AnnotationsData\Segmentations\masks\2002-001_Iba1_Tp_B2_AD.vsi - 20x_BF_01\MG_whole\ann-47__x-30754_y-30195_w-124_h-130__ds-1.png,MG_whole,2002-001_Iba1_Tp_B2_AD.vsi - 20x_BF_01,good
76,c:\Users\chris\Desktop\University\Thesis\AutomaticMicrogliaMorphologyAnalysis\AnnotationsData\Segmentations\images\2002-001_Iba1_Tp_B2_AD.vsi - 20x_BF_01\MG_whole\ann-49__x-30736_y-31692_w-198_h-204__ds-1.png,c:\Users\chris\Desktop\University\Thesis\AutomaticMicrogliaMorphologyAnalysis\AnnotationsData\Segmentations\masks\2002-001_Iba1_Tp_B2_AD.vsi - 20x_BF_01\MG_whole\ann-49__x-30736_y-31692_w-198_h-204__ds-1.png,MG_whole,2002-001_Iba1_Tp_B2_AD.vsi - 20x_BF_01,too_big
77,c:\Users\chris\Desktop\University\Thesis\AutomaticMicrogliaMorphologyAnalysis\AnnotationsData\Segmentations\images\2002-001_Iba1_Tp_B2_AD.vsi - 20x_BF_01\MG_whole\ann-51__x-31255_y-31161_w-151_h-119__ds-1.png,c:\Users\chris\Desktop\University\Thesis\AutomaticMicrogliaMorphologyAnalysis\AnnotationsData\Segmentations\masks\2002-001_Iba1_Tp_B2_AD.vsi - 20x_BF_01\MG_whole\ann-51__x-31255_y-31161_w-151_h-119__ds-1.png,MG_whole,2002-001_Iba1_Tp_B2_AD.vsi - 20x_BF_01,good
78,c:\Users\chris\Desktop\University\Thesis\AutomaticMicrogliaMorphologyAnalysis\AnnotationsData\Segmentations\images\2002-001_Iba1_Tp_B2_AD.vsi - 20x_BF_01\MG_whole\ann-53__x-31416_y-30319_w-55_h-207__ds-1.png,c:\Users\chris\Desktop\University\Thesis\AutomaticMicrogliaMorphologyAnalysis\AnnotationsData\Segmentations\masks\2002-001_Iba1_Tp_B2_AD.vsi - 20x_BF_01\MG_whole\ann-53__x-31416_y-30319_w-55_h-207__ds-1.png,MG_whole,2002-001_Iba1_Tp_B2_AD.vsi - 20x_BF_01,good
79,c:\Users\chris\Desktop\University\Thesis\AutomaticMicrogliaMorphologyAnalysis\AnnotationsData\Segmentations\images\2002-001_Iba1_Tp_B2_AD.vsi - 20x_BF_01\MG_whole\ann-54__x-29049_y-30294_w-113_h-198__ds-1.png,c:\Users\chris\Desktop\University\Thesis\AutomaticMicrogliaMorphologyAnalysis\AnnotationsData\Segmentations\masks\2002-001_Iba1_Tp_B2_AD.vsi - 20x_BF_01\MG_whole\ann-54__x-29049_y-30294_w-113_h-198__ds-1.png,MG_whole,2002-001_Iba1_Tp_B2_AD.vsi - 20x_BF_01,good
80,c:\Users\chris\Desktop\University\Thesis\AutomaticMicrogliaMorphologyAnalysis\AnnotationsData\Segmentations\images\2002-001_Iba1_Tp_B2_AD.vsi - 20x_BF_01\MG_whole\ann-55__x-28638_y-30443_w-101_h-118__ds-1.png,c:\Users\chris\Desktop\University\Thesis\AutomaticMicrogliaMorphologyAnalysis\AnnotationsData\Segmentations\masks\2002-001_Iba1_Tp_B2_AD.vsi - 20x_BF_01\MG_whole\ann-55__x-28638_y-30443_w-101_h-118__ds-1.png,MG_whole,2002-001_Iba1_Tp_B2_AD.vsi - 20x_BF_01,good
81,c:\Users\chris\Desktop\University\Thesis\AutomaticMicrogliaMorphologyAnalysis\AnnotationsData\Segmentations\images\2002-001_Iba1_Tp_B2_AD.vsi - 20x_BF_01\MG_whole\ann-57__x-29086_y-29994_w-94_h-70__ds-1.png,c:\Users\chris\Desktop\University\Thesis\AutomaticMicrogliaMorphologyAnalysis\AnnotationsData\Segmentations\masks\2002-001_Iba1_Tp_B2_AD.vsi - 20x_BF_01\MG_whole\ann-57__x-29086_y-29994_w-94_h-70__ds-1.png,MG_whole,2002-001_Iba1_Tp_B2_AD.vsi - 20x_BF_01,good
82,c:\Users\chris\Desktop\University\Thesis\AutomaticMicrogliaMorphologyAnalysis\AnnotationsData\Segmentations\images\2002-001_Iba1_Tp_B2_AD.vsi - 20x_BF_01\MG_whole\ann-59__x-29883_y-31539_w-85_h-98__ds-1.png,c:\Users\chris\Desktop\University\Thesis\AutomaticMicrogliaMorphologyAnalysis\AnnotationsData\Segmentations\masks\2002-001_Iba1_Tp_B2_AD.vsi - 20x_BF_01\MG_whole\ann-59__x-29883_y-31539_w-85_h-98__ds-1.png,MG_whole,2002-001_Iba1_Tp_B2_AD.vsi - 20x_BF_01,good
83,c:\Users\chris\Desktop\University\Thesis\AutomaticMicrogliaMorphologyAnalysis\AnnotationsData\Segmentations\images\2002-001_Iba1_Tp_B2_AD.vsi - 20x_BF_01\MG_whole\ann-61__x-30248_y-31648_w-118_h-76__ds-1.png,c:\Users\chris\Desktop\University\Thesis\AutomaticMicrogliaMorphologyAnalysis\AnnotationsData\Segmentations\masks\2002-001_Iba1_Tp_B2_AD.vsi - 20x_BF_01\MG_whole\ann-61__x-30248_y-31648_w-118_h-76__ds-1.png,MG_whole,2002-001_Iba1_Tp_B2_AD.vsi - 20x_BF_01,good
84,c:\Users\chris\Desktop\University\Thesis\AutomaticMicrogliaMorphologyAnalysis\AnnotationsData\Segmentations\images\2002-001_Iba1_Tp_B2_AD.vsi - 20x_BF_01\MG_whole\ann-63__x-30576_y-31516_w-135_h-134__ds-1.png,c:\Users\chris\Desktop\University\Thesis\AutomaticMicrogliaMorphologyAnalysis\AnnotationsData\Segmentations\masks\2002-001_Iba1_Tp_B2_AD.vsi - 20x_BF_01\MG_whole\ann-63__x-30576_y-31516_w-135_h-134__ds-1.png,MG_whole,2002-001_Iba1_Tp_B2_AD.vsi - 20x_BF_01,too_big
85,c:\Users\chris\Desktop\University\Thesis\AutomaticMicrogliaMorphologyAnalysis\AnnotationsData\Segmentations\images\2002-001_Iba1_Tp_B2_AD.vsi - 20x_BF_01\MG_whole\ann-66__x-30998_y-26780_w-232_h-108__ds-1.png,c:\Users\chris\Desktop\University\Thesis\AutomaticMicrogliaMorphologyAnalysis\AnnotationsData\Segmentations\masks\2002-001_Iba1_Tp_B2_AD.vsi - 20x_BF_01\MG_whole\ann-66__x-30998_y-26780_w-232_h-108__ds-1.png,MG_whole,2002-001_Iba1_Tp_B2_AD.vsi - 20x_BF_01,good
86,c:\Users\chris\Desktop\University\Thesis\AutomaticMicrogliaMorphologyAnalysis\AnnotationsData\Segmentations\images\2002-001_Iba1_Tp_B2_AD.vsi - 20x_BF_01\MG_whole\ann-67__x-30721_y-26752_w-141_h-164__ds-1.png,c:\Users\chris\Desktop\University\Thesis\AutomaticMicrogliaMorphologyAnalysis\AnnotationsData\Segmentations\masks\2002-001_Iba1_Tp_B2_AD.vsi - 20x_BF_01\MG_whole\ann-67__x-30721_y-26752_w-141_h-164__ds-1.png,MG_whole,2002-001_Iba1_Tp_B2_AD.vsi - 20x_BF_01,good
87,c:\Users\chris\Desktop\University\Thesis\AutomaticMicrogliaMorphologyAnalysis\AnnotationsData\Segmentations\images\2002-001_Iba1_Tp_B2_AD.vsi - 20x_BF_01\MG_whole\ann-69__x-30120_y-26517_w-95_h-145__ds-1.png,c:\Users\chris\Desktop\University\Thesis\AutomaticMicrogliaMorphologyAnalysis\AnnotationsData\Segmentations\masks\2002-001_Iba1_Tp_B2_AD.vsi - 20x_BF_01\MG_whole\ann-69__x-30120_y-26517_w-95_h-145__ds-1.png,MG_whole,2002-001_Iba1_Tp_B2_AD.vsi - 20x_BF_01,too_big
88,c:\Users\chris\Desktop\University\Thesis\AutomaticMicrogliaMorphologyAnalysis\AnnotationsData\Segmentations\images\2002-001_Iba1_Tp_B2_AD.vsi - 20x_BF_01\MG_whole\ann-71__x-29632_y-25895_w-210_h-129__ds-1.png,c:\Users\chris\Desktop\University\Thesis\AutomaticMicrogliaMorphologyAnalysis\AnnotationsData\Segmentations\masks\2002-001_Iba1_Tp_B2_AD.vsi - 20x_BF_01\MG_whole\ann-71__x-29632_y-25895_w-210_h-129__ds-1.png,MG_whole,2002-001_Iba1_Tp_B2_AD.vsi - 20x_BF_01,too_big
89,c:\Users\chris\Desktop\University\Thesis\AutomaticMicrogliaMorphologyAnalysis\AnnotationsData\Segmentations\images\2002-001_Iba1_Tp_B2_AD.vsi - 20x_BF_01\MG_whole\ann-73__x-30142_y-24375_w-259_h-273__ds-1.png,c:\Users\chris\Desktop\University\Thesis\AutomaticMicrogliaMorphologyAnalysis\AnnotationsData\Segmentations\masks\2002-001_Iba1_Tp_B2_AD.vsi - 20x_BF_01\MG_whole\ann-73__x-30142_y-24375_w-259_h-273__ds-1.png,MG_whole,2002-001_Iba1_Tp_B2_AD.vsi - 20x_BF_01,bad
90,c:\Users\chris\Desktop\University\Thesis\AutomaticMicrogliaMorphologyAnalysis\AnnotationsData\Segmentations\images\2002-001_Iba1_Tp_B2_AD.vsi - 20x_BF_01\MG_whole\ann-76__x-21975_y-30930_w-98_h-323__ds-1.png,c:\Users\chris\Desktop\University\Thesis\AutomaticMicrogliaMorphologyAnalysis\AnnotationsData\Segmentations\masks\2002-001_Iba1_Tp_B2_AD.vsi - 20x_BF_01\MG_whole\ann-76__x-21975_y-30930_w-98_h-323__ds-1.png,MG_whole,2002-001_Iba1_Tp_B2_AD.vsi - 20x_BF_01,medium
91,c:\Users\chris\Desktop\University\Thesis\AutomaticMicrogliaMorphologyAnalysis\AnnotationsData\Segmentations\images\2002-001_Iba1_Tp_B2_AD.vsi - 20x_BF_01\MG_whole\ann-77__x-21769_y-30677_w-103_h-118__ds-1.png,c:\Users\chris\Desktop\University\Thesis\AutomaticMicrogliaMorphologyAnalysis\AnnotationsData\Segmentations\masks\2002-001_Iba1_Tp_B2_AD.vsi - 20x_BF_01\MG_whole\ann-77__x-21769_y-30677_w-103_h-118__ds-1.png,MG_whole,2002-001_Iba1_Tp_B2_AD.vsi - 20x_BF_01,good
92,c:\Users\chris\Desktop\University\Thesis\AutomaticMicrogliaMorphologyAnalysis\AnnotationsData\Segmentations\images\2002-001_Iba1_Tp_B2_AD.vsi - 20x_BF_01\MG_whole\ann-79__x-21784_y-31688_w-114_h-261__ds-1.png,c:\Users\chris\Desktop\University\Thesis\AutomaticMicrogliaMorphologyAnalysis\AnnotationsData\Segmentations\masks\2002-001_Iba1_Tp_B2_AD.vsi - 20x_BF_01\MG_whole\ann-79__x-21784_y-31688_w-114_h-261__ds-1.png,MG_whole,2002-001_Iba1_Tp_B2_AD.vsi - 20x_BF_01,good
93,c:\Users\chris\Desktop\University\Thesis\AutomaticMicrogliaMorphologyAnalysis\AnnotationsData\Segmentations\images\2002-001_Iba1_Tp_B2_AD.vsi - 20x_BF_01\MG_whole\ann-81__x-20148_y-32136_w-172_h-181__ds-1.png,c:\Users\chris\Desktop\University\Thesis\AutomaticMicrogliaMorphologyAnalysis\AnnotationsData\Segmentations\masks\2002-001_Iba1_Tp_B2_AD.vsi - 20x_BF_01\MG_whole\ann-81__x-20148_y-32136_w-172_h-181__ds-1.png,MG_whole,2002-001_Iba1_Tp_B2_AD.vsi - 20x_BF_01,bad
94,c:\Users\chris\Desktop\University\Thesis\AutomaticMicrogliaMorphologyAnalysis\AnnotationsData\Segmentations\images\2002-001_Iba1_Tp_B2_AD.vsi - 20x_BF_01\MG_whole\ann-83__x-21229_y-32060_w-166_h-117__ds-1.png,c:\Users\chris\Desktop\University\Thesis\AutomaticMicrogliaMorphologyAnalysis\AnnotationsData\Segmentations\masks\2002-001_Iba1_Tp_B2_AD.vsi - 20x_BF_01\MG_whole\ann-83__x-21229_y-32060_w-166_h-117__ds-1.png,MG_whole,2002-001_Iba1_Tp_B2_AD.vsi - 20x_BF_01,good
95,c:\Users\chris\Desktop\University\Thesis\AutomaticMicrogliaMorphologyAnalysis\AnnotationsData\Segmentations\images\2002-001_Iba1_Tp_B2_AD.vsi - 20x_BF_01\MG_whole\ann-85__x-20805_y-34156_w-222_h-298__ds-1.png,c:\Users\chris\Desktop\University\Thesis\AutomaticMicrogliaMorphologyAnalysis\AnnotationsData\Segmentations\masks\2002-001_Iba1_Tp_B2_AD.vsi - 20x_BF_01\MG_whole\ann-85__x-20805_y-34156_w-222_h-298__ds-1.png,MG_whole,2002-001_Iba1_Tp_B2_AD.vsi - 20x_BF_01,bad
96,c:\Users\chris\Desktop\University\Thesis\AutomaticMicrogliaMorphologyAnalysis\AnnotationsData\Segmentations\images\2002-001_Iba1_Tp_B2_AD.vsi - 20x_BF_01\MG_whole\ann-87__x-17757_y-31465_w-157_h-155__ds-1.png,c:\Users\chris\Desktop\University\Thesis\AutomaticMicrogliaMorphologyAnalysis\AnnotationsData\Segmentations\masks\2002-001_Iba1_Tp_B2_AD.vsi - 20x_BF_01\MG_whole\ann-87__x-17757_y-31465_w-157_h-155__ds-1.png,MG_whole,2002-001_Iba1_Tp_B2_AD.vsi - 20x_BF_01,good
97,c:\Users\chris\Desktop\University\Thesis\AutomaticMicrogliaMorphologyAnalysis\AnnotationsData\Segmentations\images\2002-001_Iba1_Tp_B2_AD.vsi - 20x_BF_01\MG_whole\ann-89__x-16540_y-31518_w-222_h-159__ds-1.png,c:\Users\chris\Desktop\University\Thesis\AutomaticMicrogliaMorphologyAnalysis\AnnotationsData\Segmentations\masks\2002-001_Iba1_Tp_B2_AD.vsi - 20x_BF_01\MG_whole\ann-89__x-16540_y-31518_w-222_h-159__ds-1.png,MG_whole,2002-001_Iba1_Tp_B2_AD.vsi - 20x_BF_01,medium
98,c:\Users\chris\Desktop\University\Thesis\AutomaticMicrogliaMorphologyAnalysis\AnnotationsData\Segmentations\images\2002-001_Iba1_Tp_B2_AD.vsi - 20x_BF_01\MG_whole\ann-91__x-21781_y-29964_w-148_h-246__ds-1.png,c:\Users\chris\Desktop\University\Thesis\AutomaticMicrogliaMorphologyAnalysis\AnnotationsData\Segmentations\masks\2002-001_Iba1_Tp_B2_AD.vsi - 20x_BF_01\MG_whole\ann-91__x-21781_y-29964_w-148_h-246__ds-1.png,MG_whole,2002-001_Iba1_Tp_B2_AD.vsi - 20x_BF_01,medium
99,c:\Users\chris\Desktop\University\Thesis\AutomaticMicrogliaMorphologyAnalysis\AnnotationsData\Segmentations\images\2002-001_Iba1_Tp_B2_AD.vsi - 20x_BF_01\MG_whole\ann-93__x-38493_y-21228_w-109_h-133__ds-1.png,c:\Users\chris\Desktop\University\Thesis\AutomaticMicrogliaMorphologyAnalysis\AnnotationsData\Segmentations\masks\2002-001_Iba1_Tp_B2_AD.vsi - 20x_BF_01\MG_whole\ann-93__x-38493_y-21228_w-109_h-133__ds-1.png,MG_whole,2002-001_Iba1_Tp_B2_AD.vsi - 20x_BF_01,medium
100,c:\Users\chris\Desktop\University\Thesis\AutomaticMicrogliaMorphologyAnalysis\AnnotationsData\Segmentations\images\2002-001_Iba1_Tp_B2_AD.vsi - 20x_BF_01\MG_whole\ann-96__x-37839_y-20066_w-121_h-162__ds-1.png,c:\Users\chris\Desktop\University\Thesis\AutomaticMicrogliaMorphologyAnalysis\AnnotationsData\Segmentations\masks\2002-001_Iba1_Tp_B2_AD.vsi - 20x_BF_01\MG_whole\ann-96__x-37839_y-20066_w-121_h-162__ds-1.png,MG_whole,2002-001_Iba1_Tp_B2_AD.vsi - 20x_BF_01,medium
101,c:\Users\chris\Desktop\University\Thesis\AutomaticMicrogliaMorphologyAnalysis\AnnotationsData\Segmentations\images\2002-001_Iba1_Tp_B2_AD.vsi - 20x_BF_01\MG_whole\ann-97__x-37745_y-20207_w-123_h-256__ds-1.png,c:\Users\chris\Desktop\University\Thesis\AutomaticMicrogliaMorphologyAnalysis\AnnotationsData\Segmentations\masks\2002-001_Iba1_Tp_B2_AD.vsi - 20x_BF_01\MG_whole\ann-97__x-37745_y-20207_w-123_h-256__ds-1.png,MG_whole,2002-001_Iba1_Tp_B2_AD.vsi - 20x_BF_01,good
222,c:\Users\chris\Desktop\University\Thesis\AutomaticMicrogliaMorphologyAnalysis\AnnotationsData\Segmentations\images\2011-104_Iba1_Tp_B2_AD.vsi - 20x_BF_01\MG_whole\ann-100__x-38305_y-28896_w-184_h-194__ds-1.png,c:\Users\chris\Desktop\University\Thesis\AutomaticMicrogliaMorphologyAnalysis\AnnotationsData\Segmentations\masks\2011-104_Iba1_Tp_B2_AD.vsi - 20x_BF_01\MG_whole\ann-100__x-38305_y-28896_w-184_h-194__ds-1.png,MG_whole,2011-104_Iba1_Tp_B2_AD.vsi - 20x_BF_01,good
223,c:\Users\chris\Desktop\University\Thesis\AutomaticMicrogliaMorphologyAnalysis\AnnotationsData\Segmentations\images\2011-104_Iba1_Tp_B2_AD.vsi - 20x_BF_01\MG_whole\ann-102__x-35066_y-27388_w-157_h-208__ds-1.png,c:\Users\chris\Desktop\University\Thesis\AutomaticMicrogliaMorphologyAnalysis\AnnotationsData\Segmentations\masks\2011-104_Iba1_Tp_B2_AD.vsi - 20x_BF_01\MG_whole\ann-102__x-35066_y-27388_w-157_h-208__ds-1.png,MG_whole,2011-104_Iba1_Tp_B2_AD.vsi - 20x_BF_01,good
224,c:\Users\chris\Desktop\University\Thesis\AutomaticMicrogliaMorphologyAnalysis\AnnotationsData\Segmentations\images\2011-104_Iba1_Tp_B2_AD.vsi - 20x_BF_01\MG_whole\ann-104__x-34324_y-29107_w-182_h-133__ds-1.png,c:\Users\chris\Desktop\University\Thesis\AutomaticMicrogliaMorphologyAnalysis\AnnotationsData\Segmentations\masks\2011-104_Iba1_Tp_B2_AD.vsi - 20x_BF_01\MG_whole\ann-104__x-34324_y-29107_w-182_h-133__ds-1.png,MG_whole,2011-104_Iba1_Tp_B2_AD.vsi - 20x_BF_01,good
225,c:\Users\chris\Desktop\University\Thesis\AutomaticMicrogliaMorphologyAnalysis\AnnotationsData\Segmentations\images\2011-104_Iba1_Tp_B2_AD.vsi - 20x_BF_01\MG_whole\ann-106__x-34087_y-29028_w-114_h-131__ds-1.png,c:\Users\chris\Desktop\University\Thesis\AutomaticMicrogliaMorphologyAnalysis\AnnotationsData\Segmentations\masks\2011-104_Iba1_Tp_B2_AD.vsi - 20x_BF_01\MG_whole\ann-106__x-34087_y-29028_w-114_h-131__ds-1.png,MG_whole,2011-104_Iba1_Tp_B2_AD.vsi - 20x_BF_01,good
226,c:\Users\chris\Desktop\University\Thesis\AutomaticMicrogliaMorphologyAnalysis\AnnotationsData\Segmentations\images\2011-104_Iba1_Tp_B2_AD.vsi - 20x_BF_01\MG_whole\ann-108__x-34959_y-30327_w-176_h-264__ds-1.png,c:\Users\chris\Desktop\University\Thesis\AutomaticMicrogliaMorphologyAnalysis\AnnotationsData\Segmentations\masks\2011-104_Iba1_Tp_B2_AD.vsi - 20x_BF_01\MG_whole\ann-108__x-34959_y-30327_w-176_h-264__ds-1.png,MG_whole,2011-104_Iba1_Tp_B2_AD.vsi - 20x_BF_01,good
227,c:\Users\chris\Desktop\University\Thesis\AutomaticMicrogliaMorphologyAnalysis\AnnotationsData\Segmentations\images\2011-104_Iba1_Tp_B2_AD.vsi - 20x_BF_01\MG_whole\ann-110__x-37250_y-31873_w-159_h-221__ds-1.png,c:\Users\chris\Desktop\University\Thesis\AutomaticMicrogliaMorphologyAnalysis\AnnotationsData\Segmentations\masks\2011-104_Iba1_Tp_B2_AD.vsi - 20x_BF_01\MG_whole\ann-110__x-37250_y-31873_w-159_h-221__ds-1.png,MG_whole,2011-104_Iba1_Tp_B2_AD.vsi - 20x_BF_01,good
228,c:\Users\chris\Desktop\University\Thesis\AutomaticMicrogliaMorphologyAnalysis\AnnotationsData\Segmentations\images\2011-104_Iba1_Tp_B2_AD.vsi - 20x_BF_01\MG_whole\ann-112__x-37595_y-32257_w-167_h-169__ds-1.png,c:\Users\chris\Desktop\University\Thesis\AutomaticMicrogliaMorphologyAnalysis\AnnotationsData\Segmentations\masks\2011-104_Iba1_Tp_B2_AD.vsi - 20x_BF_01\MG_whole\ann-112__x-37595_y-32257_w-167_h-169__ds-1.png,MG_whole,2011-104_Iba1_Tp_B2_AD.vsi - 20x_BF_01,good
229,c:\Users\chris\Desktop\University\Thesis\AutomaticMicrogliaMorphologyAnalysis\AnnotationsData\Segmentations\images\2011-104_Iba1_Tp_B2_AD.vsi - 20x_BF_01\MG_whole\ann-114__x-38744_y-34327_w-169_h-276__ds-1.png,c:\Users\chris\Desktop\University\Thesis\AutomaticMicrogliaMorphologyAnalysis\AnnotationsData\Segmentations\masks\2011-104_Iba1_Tp_B2_AD.vsi - 20x_BF_01\MG_whole\ann-114__x-38744_y-34327_w-169_h-276__ds-1.png,MG_whole,2011-104_Iba1_Tp_B2_AD.vsi - 20x_BF_01,good
230,c:\Users\chris\Desktop\University\Thesis\AutomaticMicrogliaMorphologyAnalysis\AnnotationsData\Segmentations\images\2011-104_Iba1_Tp_B2_AD.vsi - 20x_BF_01\MG_whole\ann-116__x-42566_y-38011_w-195_h-227__ds-1.png,c:\Users\chris\Desktop\University\Thesis\AutomaticMicrogliaMorphologyAnalysis\AnnotationsData\Segmentations\masks\2011-104_Iba1_Tp_B2_AD.vsi - 20x_BF_01\MG_whole\ann-116__x-42566_y-38011_w-195_h-227__ds-1.png,MG_whole,2011-104_Iba1_Tp_B2_AD.vsi - 20x_BF_01,good
231,c:\Users\chris\Desktop\University\Thesis\AutomaticMicrogliaMorphologyAnalysis\AnnotationsData\Segmentations\images\2011-104_Iba1_Tp_B2_AD.vsi - 20x_BF_01\MG_whole\ann-118__x-42401_y-37729_w-160_h-211__ds-1.png,c:\Users\chris\Desktop\University\Thesis\AutomaticMicrogliaMorphologyAnalysis\AnnotationsData\Segmentations\masks\2011-104_Iba1_Tp_B2_AD.vsi - 20x_BF_01\MG_whole\ann-118__x-42401_y-37729_w-160_h-211__ds-1.png,MG_whole,2011-104_Iba1_Tp_B2_AD.vsi - 20x_BF_01,bad_image_quality
232,c:\Users\chris\Desktop\University\Thesis\AutomaticMicrogliaMorphologyAnalysis\AnnotationsData\Segmentations\images\2011-104_Iba1_Tp_B2_AD.vsi - 20x_BF_01\MG_whole\ann-11__x-37222_y-37692_w-189_h-186__ds-1.png,c:\Users\chris\Desktop\University\Thesis\AutomaticMicrogliaMorphologyAnalysis\AnnotationsData\Segmentations\masks\2011-104_Iba1_Tp_B2_AD.vsi - 20x_BF_01\MG_whole\ann-11__x-37222_y-37692_w-189_h-186__ds-1.png,MG_whole,2011-104_Iba1_Tp_B2_AD.vsi - 20x_BF_01,good
233,c:\Users\chris\Desktop\University\Thesis\AutomaticMicrogliaMorphologyAnalysis\AnnotationsData\Segmentations\images\2011-104_Iba1_Tp_B2_AD.vsi - 20x_BF_01\MG_whole\ann-121__x-41563_y-37536_w-148_h-239__ds-1.png,c:\Users\chris\Desktop\University\Thesis\AutomaticMicrogliaMorphologyAnalysis\AnnotationsData\Segmentations\masks\2011-104_Iba1_Tp_B2_AD.vsi - 20x_BF_01\MG_whole\ann-121__x-41563_y-37536_w-148_h-239__ds-1.png,MG_whole,2011-104_Iba1_Tp_B2_AD.vsi - 20x_BF_01,good
234,c:\Users\chris\Desktop\University\Thesis\AutomaticMicrogliaMorphologyAnalysis\AnnotationsData\Segmentations\images\2011-104_Iba1_Tp_B2_AD.vsi - 20x_BF_01\MG_whole\ann-122__x-41710_y-37685_w-139_h-167__ds-1.png,c:\Users\chris\Desktop\University\Thesis\AutomaticMicrogliaMorphologyAnalysis\AnnotationsData\Segmentations\masks\2011-104_Iba1_Tp_B2_AD.vsi - 20x_BF_01\MG_whole\ann-122__x-41710_y-37685_w-139_h-167__ds-1.png,MG_whole,2011-104_Iba1_Tp_B2_AD.vsi - 20x_BF_01,good
235,c:\Users\chris\Desktop\University\Thesis\AutomaticMicrogliaMorphologyAnalysis\AnnotationsData\Segmentations\images\2011-104_Iba1_Tp_B2_AD.vsi - 20x_BF_01\MG_whole\ann-124__x-41492_y-38309_w-202_h-239__ds-1.png,c:\Users\chris\Desktop\University\Thesis\AutomaticMicrogliaMorphologyAnalysis\AnnotationsData\Segmentations\masks\2011-104_Iba1_Tp_B2_AD.vsi - 20x_BF_01\MG_whole\ann-124__x-41492_y-38309_w-202_h-239__ds-1.png,MG_whole,2011-104_Iba1_Tp_B2_AD.vsi - 20x_BF_01,good
236,c:\Users\chris\Desktop\University\Thesis\AutomaticMicrogliaMorphologyAnalysis\AnnotationsData\Segmentations\images\2011-104_Iba1_Tp_B2_AD.vsi - 20x_BF_01\MG_whole\ann-126__x-41310_y-37974_w-208_h-253__ds-1.png,c:\Users\chris\Desktop\University\Thesis\AutomaticMicrogliaMorphologyAnalysis\AnnotationsData\Segmentations\masks\2011-104_Iba1_Tp_B2_AD.vsi - 20x_BF_01\MG_whole\ann-126__x-41310_y-37974_w-208_h-253__ds-1.png,MG_whole,2011-104_Iba1_Tp_B2_AD.vsi - 20x_BF_01,good
237,c:\Users\chris\Desktop\University\Thesis\AutomaticMicrogliaMorphologyAnalysis\AnnotationsData\Segmentations\images\2011-104_Iba1_Tp_B2_AD.vsi - 20x_BF_01\MG_whole\ann-128__x-42394_y-35821_w-157_h-201__ds-1.png,c:\Users\chris\Desktop\University\Thesis\AutomaticMicrogliaMorphologyAnalysis\AnnotationsData\Segmentations\masks\2011-104_Iba1_Tp_B2_AD.vsi - 20x_BF_01\MG_whole\ann-128__x-42394_y-35821_w-157_h-201__ds-1.png,MG_whole,2011-104_Iba1_Tp_B2_AD.vsi - 20x_BF_01,good
238,c:\Users\chris\Desktop\University\Thesis\AutomaticMicrogliaMorphologyAnalysis\AnnotationsData\Segmentations\images\2011-104_Iba1_Tp_B2_AD.vsi - 20x_BF_01\MG_whole\ann-130__x-40786_y-35471_w-167_h-160__ds-1.png,c:\Users\chris\Desktop\University\Thesis\AutomaticMicrogliaMorphologyAnalysis\AnnotationsData\Segmentations\masks\2011-104_Iba1_Tp_B2_AD.vsi - 20x_BF_01\MG_whole\ann-130__x-40786_y-35471_w-167_h-160__ds-1.png,MG_whole,2011-104_Iba1_Tp_B2_AD.vsi - 20x_BF_01,good
239,c:\Users\chris\Desktop\University\Thesis\AutomaticMicrogliaMorphologyAnalysis\AnnotationsData\Segmentations\images\2011-104_Iba1_Tp_B2_AD.vsi - 20x_BF_01\MG_whole\ann-133__x-39428_y-40569_w-154_h-214__ds-1.png,c:\Users\chris\Desktop\University\Thesis\AutomaticMicrogliaMorphologyAnalysis\AnnotationsData\Segmentations\masks\2011-104_Iba1_Tp_B2_AD.vsi - 20x_BF_01\MG_whole\ann-133__x-39428_y-40569_w-154_h-214__ds-1.png,MG_whole,2011-104_Iba1_Tp_B2_AD.vsi - 20x_BF_01,good
240,c:\Users\chris\Desktop\University\Thesis\AutomaticMicrogliaMorphologyAnalysis\AnnotationsData\Segmentations\images\2011-104_Iba1_Tp_B2_AD.vsi - 20x_BF_01\MG_whole\ann-134__x-39915_y-40463_w-224_h-170__ds-1.png,c:\Users\chris\Desktop\University\Thesis\AutomaticMicrogliaMorphologyAnalysis\AnnotationsData\Segmentations\masks\2011-104_Iba1_Tp_B2_AD.vsi - 20x_BF_01\MG_whole\ann-134__x-39915_y-40463_w-224_h-170__ds-1.png,MG_whole,2011-104_Iba1_Tp_B2_AD.vsi - 20x_BF_01,good
241,c:\Users\chris\Desktop\University\Thesis\AutomaticMicrogliaMorphologyAnalysis\AnnotationsData\Segmentations\images\2011-104_Iba1_Tp_B2_AD.vsi - 20x_BF_01\MG_whole\ann-136__x-40010_y-41263_w-146_h-137__ds-1.png,c:\Users\chris\Desktop\University\Thesis\AutomaticMicrogliaMorphologyAnalysis\AnnotationsData\Segmentations\masks\2011-104_Iba1_Tp_B2_AD.vsi - 20x_BF_01\MG_whole\ann-136__x-40010_y-41263_w-146_h-137__ds-1.png,MG_whole,2011-104_Iba1_Tp_B2_AD.vsi - 20x_BF_01,good
242,c:\Users\chris\Desktop\University\Thesis\AutomaticMicrogliaMorphologyAnalysis\AnnotationsData\Segmentations\images\2011-104_Iba1_Tp_B2_AD.vsi - 20x_BF_01\MG_whole\ann-138__x-41451_y-41593_w-264_h-205__ds-1.png,c:\Users\chris\Desktop\University\Thesis\AutomaticMicrogliaMorphologyAnalysis\AnnotationsData\Segmentations\masks\2011-104_Iba1_Tp_B2_AD.vsi - 20x_BF_01\MG_whole\ann-138__x-41451_y-41593_w-264_h-205__ds-1.png,MG_whole,2011-104_Iba1_Tp_B2_AD.vsi - 20x_BF_01,good
243,c:\Users\chris\Desktop\University\Thesis\AutomaticMicrogliaMorphologyAnalysis\AnnotationsData\Segmentations\images\2011-104_Iba1_Tp_B2_AD.vsi - 20x_BF_01\MG_whole\ann-140__x-41715_y-41352_w-219_h-146__ds-1.png,c:\Users\chris\Desktop\University\Thesis\AutomaticMicrogliaMorphologyAnalysis\AnnotationsData\Segmentations\masks\2011-104_Iba1_Tp_B2_AD.vsi - 20x_BF_01\MG_whole\ann-140__x-41715_y-41352_w-219_h-146__ds-1.png,MG_whole,2011-104_Iba1_Tp_B2_AD.vsi - 20x_BF_01,too_big
244,c:\Users\chris\Desktop\University\Thesis\AutomaticMicrogliaMorphologyAnalysis\AnnotationsData\Segmentations\images\2011-104_Iba1_Tp_B2_AD.vsi - 20x_BF_01\MG_whole\ann-143__x-41691_y-40363_w-178_h-207__ds-1.png,c:\Users\chris\Desktop\University\Thesis\AutomaticMicrogliaMorphologyAnalysis\AnnotationsData\Segmentations\masks\2011-104_Iba1_Tp_B2_AD.vsi - 20x_BF_01\MG_whole\ann-143__x-41691_y-40363_w-178_h-207__ds-1.png,MG_whole,2011-104_Iba1_Tp_B2_AD.vsi - 20x_BF_01,medium
245,c:\Users\chris\Desktop\University\Thesis\AutomaticMicrogliaMorphologyAnalysis\AnnotationsData\Segmentations\images\2011-104_Iba1_Tp_B2_AD.vsi - 20x_BF_01\MG_whole\ann-144__x-42206_y-40605_w-111_h-136__ds-1.png,c:\Users\chris\Desktop\University\Thesis\AutomaticMicrogliaMorphologyAnalysis\AnnotationsData\Segmentations\masks\2011-104_Iba1_Tp_B2_AD.vsi - 20x_BF_01\MG_whole\ann-144__x-42206_y-40605_w-111_h-136__ds-1.png,MG_whole,2011-104_Iba1_Tp_B2_AD.vsi - 20x_BF_01,good
246,c:\Users\chris\Desktop\University\Thesis\AutomaticMicrogliaMorphologyAnalysis\AnnotationsData\Segmentations\images\2011-104_Iba1_Tp_B2_AD.vsi - 20x_BF_01\MG_whole\ann-146__x-41229_y-40978_w-190_h-126__ds-1.png,c:\Users\chris\Desktop\University\Thesis\AutomaticMicrogliaMorphologyAnalysis\AnnotationsData\Segmentations\masks\2011-104_Iba1_Tp_B2_AD.vsi - 20x_BF_01\MG_whole\ann-146__x-41229_y-40978_w-190_h-126__ds-1.png,MG_whole,2011-104_Iba1_Tp_B2_AD.vsi - 20x_BF_01,good
247,c:\Users\chris\Desktop\University\Thesis\AutomaticMicrogliaMorphologyAnalysis\AnnotationsData\Segmentations\images\2011-104_Iba1_Tp_B2_AD.vsi - 20x_BF_01\MG_whole\ann-148__x-41371_y-38933_w-172_h-97__ds-1.png,c:\Users\chris\Desktop\University\Thesis\AutomaticMicrogliaMorphologyAnalysis\AnnotationsData\Segmentations\masks\2011-104_Iba1_Tp_B2_AD.vsi - 20x_BF_01\MG_whole\ann-148__x-41371_y-38933_w-172_h-97__ds-1.png,MG_whole,2011-104_Iba1_Tp_B2_AD.vsi - 20x_BF_01,good
248,c:\Users\chris\Desktop\University\Thesis\AutomaticMicrogliaMorphologyAnalysis\AnnotationsData\Segmentations\images\2011-104_Iba1_Tp_B2_AD.vsi - 20x_BF_01\MG_whole\ann-14__x-36391_y-35999_w-145_h-221__ds-1.png,c:\Users\chris\Desktop\University\Thesis\AutomaticMicrogliaMorphologyAnalysis\AnnotationsData\Segmentations\masks\2011-104_Iba1_Tp_B2_AD.vsi - 20x_BF_01\MG_whole\ann-14__x-36391_y-35999_w-145_h-221__ds-1.png,MG_whole,2011-104_Iba1_Tp_B2_AD.vsi - 20x_BF_01,disagree
249,c:\Users\chris\Desktop\University\Thesis\AutomaticMicrogliaMorphologyAnalysis\AnnotationsData\Segmentations\images\2011-104_Iba1_Tp_B2_AD.vsi - 20x_BF_01\MG_whole\ann-150__x-41473_y-39115_w-141_h-182__ds-1.png,c:\Users\chris\Desktop\University\Thesis\AutomaticMicrogliaMorphologyAnalysis\AnnotationsData\Segmentations\masks\2011-104_Iba1_Tp_B2_AD.vsi - 20x_BF_01\MG_whole\ann-150__x-41473_y-39115_w-141_h-182__ds-1.png,MG_whole,2011-104_Iba1_Tp_B2_AD.vsi - 20x_BF_01,good
250,c:\Users\chris\Desktop\University\Thesis\AutomaticMicrogliaMorphologyAnalysis\AnnotationsData\Segmentations\images\2011-104_Iba1_Tp_B2_AD.vsi - 20x_BF_01\MG_whole\ann-152__x-41668_y-43952_w-162_h-143__ds-1.png,c:\Users\chris\Desktop\University\Thesis\AutomaticMicrogliaMorphologyAnalysis\AnnotationsData\Segmentations\masks\2011-104_Iba1_Tp_B2_AD.vsi - 20x_BF_01\MG_whole\ann-152__x-41668_y-43952_w-162_h-143__ds-1.png,MG_whole,2011-104_Iba1_Tp_B2_AD.vsi - 20x_BF_01,good
251,c:\Users\chris\Desktop\University\Thesis\AutomaticMicrogliaMorphologyAnalysis\AnnotationsData\Segmentations\images\2011-104_Iba1_Tp_B2_AD.vsi - 20x_BF_01\MG_whole\ann-154__x-27383_y-25164_w-350_h-153__ds-1.png,c:\Users\chris\Desktop\University\Thesis\AutomaticMicrogliaMorphologyAnalysis\AnnotationsData\Segmentations\masks\2011-104_Iba1_Tp_B2_AD.vsi - 20x_BF_01\MG_whole\ann-154__x-27383_y-25164_w-350_h-153__ds-1.png,MG_whole,2011-104_Iba1_Tp_B2_AD.vsi - 20x_BF_01,medium
252,c:\Users\chris\Desktop\University\Thesis\AutomaticMicrogliaMorphologyAnalysis\AnnotationsData\Segmentations\images\2011-104_Iba1_Tp_B2_AD.vsi - 20x_BF_01\MG_whole\ann-156__x-27611_y-25536_w-165_h-241__ds-1.png,c:\Users\chris\Desktop\University\Thesis\AutomaticMicrogliaMorphologyAnalysis\AnnotationsData\Segmentations\masks\2011-104_Iba1_Tp_B2_AD.vsi - 20x_BF_01\MG_whole\ann-156__x-27611_y-25536_w-165_h-241__ds-1.png,MG_whole,2011-104_Iba1_Tp_B2_AD.vsi - 20x_BF_01,good
253,c:\Users\chris\Desktop\University\Thesis\AutomaticMicrogliaMorphologyAnalysis\AnnotationsData\Segmentations\images\2011-104_Iba1_Tp_B2_AD.vsi - 20x_BF_01\MG_whole\ann-158__x-27911_y-25703_w-258_h-238__ds-1.png,c:\Users\chris\Desktop\University\Thesis\AutomaticMicrogliaMorphologyAnalysis\AnnotationsData\Segmentations\masks\2011-104_Iba1_Tp_B2_AD.vsi - 20x_BF_01\MG_whole\ann-158__x-27911_y-25703_w-258_h-238__ds-1.png,MG_whole,2011-104_Iba1_Tp_B2_AD.vsi - 20x_BF_01,bad
254,c:\Users\chris\Desktop\University\Thesis\AutomaticMicrogliaMorphologyAnalysis\AnnotationsData\Segmentations\images\2011-104_Iba1_Tp_B2_AD.vsi - 20x_BF_01\MG_whole\ann-160__x-28265_y-25604_w-152_h-222__ds-1.png,c:\Users\chris\Desktop\University\Thesis\AutomaticMicrogliaMorphologyAnalysis\AnnotationsData\Segmentations\masks\2011-104_Iba1_Tp_B2_AD.vsi - 20x_BF_01\MG_whole\ann-160__x-28265_y-25604_w-152_h-222__ds-1.png,MG_whole,2011-104_Iba1_Tp_B2_AD.vsi - 20x_BF_01,good
255,c:\Users\chris\Desktop\University\Thesis\AutomaticMicrogliaMorphologyAnalysis\AnnotationsData\Segmentations\images\2011-104_Iba1_Tp_B2_AD.vsi - 20x_BF_01\MG_whole\ann-162__x-27674_y-24233_w-165_h-297__ds-1.png,c:\Users\chris\Desktop\University\Thesis\AutomaticMicrogliaMorphologyAnalysis\AnnotationsData\Segmentations\masks\2011-104_Iba1_Tp_B2_AD.vsi - 20x_BF_01\MG_whole\ann-162__x-27674_y-24233_w-165_h-297__ds-1.png,MG_whole,2011-104_Iba1_Tp_B2_AD.vsi - 20x_BF_01,good
256,c:\Users\chris\Desktop\University\Thesis\AutomaticMicrogliaMorphologyAnalysis\AnnotationsData\Segmentations\images\2011-104_Iba1_Tp_B2_AD.vsi - 20x_BF_01\MG_whole\ann-164__x-26016_y-23151_w-166_h-214__ds-1.png,c:\Users\chris\Desktop\University\Thesis\AutomaticMicrogliaMorphologyAnalysis\AnnotationsData\Segmentations\masks\2011-104_Iba1_Tp_B2_AD.vsi - 20x_BF_01\MG_whole\ann-164__x-26016_y-23151_w-166_h-214__ds-1.png,MG_whole,2011-104_Iba1_Tp_B2_AD.vsi - 20x_BF_01,good
257,c:\Users\chris\Desktop\University\Thesis\AutomaticMicrogliaMorphologyAnalysis\AnnotationsData\Segmentations\images\2011-104_Iba1_Tp_B2_AD.vsi - 20x_BF_01\MG_whole\ann-166__x-25338_y-23537_w-90_h-175__ds-1.png,c:\Users\chris\Desktop\University\Thesis\AutomaticMicrogliaMorphologyAnalysis\AnnotationsData\Segmentations\masks\2011-104_Iba1_Tp_B2_AD.vsi - 20x_BF_01\MG_whole\ann-166__x-25338_y-23537_w-90_h-175__ds-1.png,MG_whole,2011-104_Iba1_Tp_B2_AD.vsi - 20x_BF_01,good
258,c:\Users\chris\Desktop\University\Thesis\AutomaticMicrogliaMorphologyAnalysis\AnnotationsData\Segmentations\images\2011-104_Iba1_Tp_B2_AD.vsi - 20x_BF_01\MG_whole\ann-169__x-25070_y-23313_w-280_h-168__ds-1.png,c:\Users\chris\Desktop\University\Thesis\AutomaticMicrogliaMorphologyAnalysis\AnnotationsData\Segmentations\masks\2011-104_Iba1_Tp_B2_AD.vsi - 20x_BF_01\MG_whole\ann-169__x-25070_y-23313_w-280_h-168__ds-1.png,MG_whole,2011-104_Iba1_Tp_B2_AD.vsi - 20x_BF_01,good
259,c:\Users\chris\Desktop\University\Thesis\AutomaticMicrogliaMorphologyAnalysis\AnnotationsData\Segmentations\images\2011-104_Iba1_Tp_B2_AD.vsi - 20x_BF_01\MG_whole\ann-170__x-25046_y-23436_w-152_h-150__ds-1.png,c:\Users\chris\Desktop\University\Thesis\AutomaticMicrogliaMorphologyAnalysis\AnnotationsData\Segmentations\masks\2011-104_Iba1_Tp_B2_AD.vsi - 20x_BF_01\MG_whole\ann-170__x-25046_y-23436_w-152_h-150__ds-1.png,MG_whole,2011-104_Iba1_Tp_B2_AD.vsi - 20x_BF_01,good
260,c:\Users\chris\Desktop\University\Thesis\AutomaticMicrogliaMorphologyAnalysis\AnnotationsData\Segmentations\images\2011-104_Iba1_Tp_B2_AD.vsi - 20x_BF_01\MG_whole\ann-172__x-24626_y-23037_w-224_h-137__ds-1.png,c:\Users\chris\Desktop\University\Thesis\AutomaticMicrogliaMorphologyAnalysis\AnnotationsData\Segmentations\masks\2011-104_Iba1_Tp_B2_AD.vsi - 20x_BF_01\MG_whole\ann-172__x-24626_y-23037_w-224_h-137__ds-1.png,MG_whole,2011-104_Iba1_Tp_B2_AD.vsi - 20x_BF_01,good
261,c:\Users\chris\Desktop\University\Thesis\AutomaticMicrogliaMorphologyAnalysis\AnnotationsData\Segmentations\images\2011-104_Iba1_Tp_B2_AD.vsi - 20x_BF_01\MG_whole\ann-174__x-24326_y-23812_w-128_h-144__ds-1.png,c:\Users\chris\Desktop\University\Thesis\AutomaticMicrogliaMorphologyAnalysis\AnnotationsData\Segmentations\masks\2011-104_Iba1_Tp_B2_AD.vsi - 20x_BF_01\MG_whole\ann-174__x-24326_y-23812_w-128_h-144__ds-1.png,MG_whole,2011-104_Iba1_Tp_B2_AD.vsi - 20x_BF_01,good
262,c:\Users\chris\Desktop\University\Thesis\AutomaticMicrogliaMorphologyAnalysis\AnnotationsData\Segmentations\images\2011-104_Iba1_Tp_B2_AD.vsi - 20x_BF_01\MG_whole\ann-176__x-26151_y-22295_w-164_h-178__ds-1.png,c:\Users\chris\Desktop\University\Thesis\AutomaticMicrogliaMorphologyAnalysis\AnnotationsData\Segmentations\masks\2011-104_Iba1_Tp_B2_AD.vsi - 20x_BF_01\MG_whole\ann-176__x-26151_y-22295_w-164_h-178__ds-1.png,MG_whole,2011-104_Iba1_Tp_B2_AD.vsi - 20x_BF_01,medium
263,c:\Users\chris\Desktop\University\Thesis\AutomaticMicrogliaMorphologyAnalysis\AnnotationsData\Segmentations\images\2011-104_Iba1_Tp_B2_AD.vsi - 20x_BF_01\MG_whole\ann-178__x-26381_y-21645_w-92_h-141__ds-1.png,c:\Users\chris\Desktop\University\Thesis\AutomaticMicrogliaMorphologyAnalysis\AnnotationsData\Segmentations\masks\2011-104_Iba1_Tp_B2_AD.vsi - 20x_BF_01\MG_whole\ann-178__x-26381_y-21645_w-92_h-141__ds-1.png,MG_whole,2011-104_Iba1_Tp_B2_AD.vsi - 20x_BF_01,bad_image_quality
264,c:\Users\chris\Desktop\University\Thesis\AutomaticMicrogliaMorphologyAnalysis\AnnotationsData\Segmentations\images\2011-104_Iba1_Tp_B2_AD.vsi - 20x_BF_01\MG_whole\ann-180__x-26062_y-21004_w-170_h-197__ds-1.png,c:\Users\chris\Desktop\University\Thesis\AutomaticMicrogliaMorphologyAnalysis\AnnotationsData\Segmentations\masks\2011-104_Iba1_Tp_B2_AD.vsi - 20x_BF_01\MG_whole\ann-180__x-26062_y-21004_w-170_h-197__ds-1.png,MG_whole,2011-104_Iba1_Tp_B2_AD.vsi - 20x_BF_01,good
265,c:\Users\chris\Desktop\University\Thesis\AutomaticMicrogliaMorphologyAnalysis\AnnotationsData\Segmentations\images\2011-104_Iba1_Tp_B2_AD.vsi - 20x_BF_01\MG_whole\ann-182__x-26000_y-20642_w-65_h-83__ds-1.png,c:\Users\chris\Desktop\University\Thesis\AutomaticMicrogliaMorphologyAnalysis\AnnotationsData\Segmentations\masks\2011-104_Iba1_Tp_B2_AD.vsi - 20x_BF_01\MG_whole\ann-182__x-26000_y-20642_w-65_h-83__ds-1.png,MG_whole,2011-104_Iba1_Tp_B2_AD.vsi - 20x_BF_01,good
266,c:\Users\chris\Desktop\University\Thesis\AutomaticMicrogliaMorphologyAnalysis\AnnotationsData\Segmentations\images\2011-104_Iba1_Tp_B2_AD.vsi - 20x_BF_01\MG_whole\ann-184__x-25656_y-23730_w-115_h-115__ds-1.png,c:\Users\chris\Desktop\University\Thesis\AutomaticMicrogliaMorphologyAnalysis\AnnotationsData\Segmentations\masks\2011-104_Iba1_Tp_B2_AD.vsi - 20x_BF_01\MG_whole\ann-184__x-25656_y-23730_w-115_h-115__ds-1.png,MG_whole,2011-104_Iba1_Tp_B2_AD.vsi - 20x_BF_01,good
267,c:\Users\chris\Desktop\University\Thesis\AutomaticMicrogliaMorphologyAnalysis\AnnotationsData\Segmentations\images\2011-104_Iba1_Tp_B2_AD.vsi - 20x_BF_01\MG_whole\ann-186__x-24487_y-21612_w-179_h-193__ds-1.png,c:\Users\chris\Desktop\University\Thesis\AutomaticMicrogliaMorphologyAnalysis\AnnotationsData\Segmentations\masks\2011-104_Iba1_Tp_B2_AD.vsi - 20x_BF_01\MG_whole\ann-186__x-24487_y-21612_w-179_h-193__ds-1.png,MG_whole,2011-104_Iba1_Tp_B2_AD.vsi - 20x_BF_01,good
268,c:\Users\chris\Desktop\University\Thesis\AutomaticMicrogliaMorphologyAnalysis\AnnotationsData\Segmentations\images\2011-104_Iba1_Tp_B2_AD.vsi - 20x_BF_01\MG_whole\ann-188__x-24541_y-21806_w-211_h-131__ds-1.png,c:\Users\chris\Desktop\University\Thesis\AutomaticMicrogliaMorphologyAnalysis\AnnotationsData\Segmentations\masks\2011-104_Iba1_Tp_B2_AD.vsi - 20x_BF_01\MG_whole\ann-188__x-24541_y-21806_w-211_h-131__ds-1.png,MG_whole,2011-104_Iba1_Tp_B2_AD.vsi - 20x_BF_01,good
269,c:\Users\chris\Desktop\University\Thesis\AutomaticMicrogliaMorphologyAnalysis\AnnotationsData\Segmentations\images\2011-104_Iba1_Tp_B2_AD.vsi - 20x_BF_01\MG_whole\ann-190__x-24304_y-22066_w-136_h-151__ds-1.png,c:\Users\chris\Desktop\University\Thesis\AutomaticMicrogliaMorphologyAnalysis\AnnotationsData\Segmentations\masks\2011-104_Iba1_Tp_B2_AD.vsi - 20x_BF_01\MG_whole\ann-190__x-24304_y-22066_w-136_h-151__ds-1.png,MG_whole,2011-104_Iba1_Tp_B2_AD.vsi - 20x_BF_01,good
270,c:\Users\chris\Desktop\University\Thesis\AutomaticMicrogliaMorphologyAnalysis\AnnotationsData\Segmentations\images\2011-104_Iba1_Tp_B2_AD.vsi - 20x_BF_01\MG_whole\ann-192__x-23226_y-20530_w-164_h-269__ds-1.png,c:\Users\chris\Desktop\University\Thesis\AutomaticMicrogliaMorphologyAnalysis\AnnotationsData\Segmentations\masks\2011-104_Iba1_Tp_B2_AD.vsi - 20x_BF_01\MG_whole\ann-192__x-23226_y-20530_w-164_h-269__ds-1.png,MG_whole,2011-104_Iba1_Tp_B2_AD.vsi - 20x_BF_01,too_big
271,c:\Users\chris\Desktop\University\Thesis\AutomaticMicrogliaMorphologyAnalysis\AnnotationsData\Segmentations\images\2011-104_Iba1_Tp_B2_AD.vsi - 20x_BF_01\MG_whole\ann-195__x-23758_y-19584_w-178_h-153__ds-1.png,c:\Users\chris\Desktop\University\Thesis\AutomaticMicrogliaMorphologyAnalysis\AnnotationsData\Segmentations\masks\2011-104_Iba1_Tp_B2_AD.vsi - 20x_BF_01\MG_whole\ann-195__x-23758_y-19584_w-178_h-153__ds-1.png,MG_whole,2011-104_Iba1_Tp_B2_AD.vsi - 20x_BF_01,good
272,c:\Users\chris\Desktop\University\Thesis\AutomaticMicrogliaMorphologyAnalysis\AnnotationsData\Segmentations\images\2011-104_Iba1_Tp_B2_AD.vsi - 20x_BF_01\MG_whole\ann-196__x-23615_y-19199_w-195_h-214__ds-1.png,c:\Users\chris\Desktop\University\Thesis\AutomaticMicrogliaMorphologyAnalysis\AnnotationsData\Segmentations\masks\2011-104_Iba1_Tp_B2_AD.vsi - 20x_BF_01\MG_whole\ann-196__x-23615_y-19199_w-195_h-214__ds-1.png,MG_whole,2011-104_Iba1_Tp_B2_AD.vsi - 20x_BF_01,medium
273,c:\Users\chris\Desktop\University\Thesis\AutomaticMicrogliaMorphologyAnalysis\AnnotationsData\Segmentations\images\2011-104_Iba1_Tp_B2_AD.vsi - 20x_BF_01\MG_whole\ann-198__x-22953_y-19297_w-195_h-143__ds-1.png,c:\Users\chris\Desktop\University\Thesis\AutomaticMicrogliaMorphologyAnalysis\AnnotationsData\Segmentations\masks\2011-104_Iba1_Tp_B2_AD.vsi - 20x_BF_01\MG_whole\ann-198__x-22953_y-19297_w-195_h-143__ds-1.png,MG_whole,2011-104_Iba1_Tp_B2_AD.vsi - 20x_BF_01,good
274,c:\Users\chris\Desktop\University\Thesis\AutomaticMicrogliaMorphologyAnalysis\AnnotationsData\Segmentations\images\2011-104_Iba1_Tp_B2_AD.vsi - 20x_BF_01\MG_whole\ann-19__x-34841_y-36630_w-168_h-218__ds-1.png,c:\Users\chris\Desktop\University\Thesis\AutomaticMicrogliaMorphologyAnalysis\AnnotationsData\Segmentations\masks\2011-104_Iba1_Tp_B2_AD.vsi - 20x_BF_01\MG_whole\ann-19__x-34841_y-36630_w-168_h-218__ds-1.png,MG_whole,2011-104_Iba1_Tp_B2_AD.vsi - 20x_BF_01,good
275,c:\Users\chris\Desktop\University\Thesis\AutomaticMicrogliaMorphologyAnalysis\AnnotationsData\Segmentations\images\2011-104_Iba1_Tp_B2_AD.vsi - 20x_BF_01\MG_whole\ann-200__x-29281_y-27435_w-196_h-206__ds-1.png,c:\Users\chris\Desktop\University\Thesis\AutomaticMicrogliaMorphologyAnalysis\AnnotationsData\Segmentations\masks\2011-104_Iba1_Tp_B2_AD.vsi - 20x_BF_01\MG_whole\ann-200__x-29281_y-27435_w-196_h-206__ds-1.png,MG_whole,2011-104_Iba1_Tp_B2_AD.vsi - 20x_BF_01,good
276,c:\Users\chris\Desktop\University\Thesis\AutomaticMicrogliaMorphologyAnalysis\AnnotationsData\Segmentations\images\2011-104_Iba1_Tp_B2_AD.vsi - 20x_BF_01\MG_whole\ann-202__x-30345_y-28011_w-228_h-147__ds-1.png,c:\Users\chris\Desktop\University\Thesis\AutomaticMicrogliaMorphologyAnalysis\AnnotationsData\Segmentations\masks\2011-104_Iba1_Tp_B2_AD.vsi - 20x_BF_01\MG_whole\ann-202__x-30345_y-28011_w-228_h-147__ds-1.png,MG_whole,2011-104_Iba1_Tp_B2_AD.vsi - 20x_BF_01,disagree
277,c:\Users\chris\Desktop\University\Thesis\AutomaticMicrogliaMorphologyAnalysis\AnnotationsData\Segmentations\images\2011-104_Iba1_Tp_B2_AD.vsi - 20x_BF_01\MG_whole\ann-204__x-29304_y-29001_w-129_h-170__ds-1.png,c:\Users\chris\Desktop\University\Thesis\AutomaticMicrogliaMorphologyAnalysis\AnnotationsData\Segmentations\masks\2011-104_Iba1_Tp_B2_AD.vsi - 20x_BF_01\MG_whole\ann-204__x-29304_y-29001_w-129_h-170__ds-1.png,MG_whole,2011-104_Iba1_Tp_B2_AD.vsi - 20x_BF_01,good
278,c:\Users\chris\Desktop\University\Thesis\AutomaticMicrogliaMorphologyAnalysis\AnnotationsData\Segmentations\images\2011-104_Iba1_Tp_B2_AD.vsi - 20x_BF_01\MG_whole\ann-206__x-28654_y-28224_w-183_h-188__ds-1.png,c:\Users\chris\Desktop\University\Thesis\AutomaticMicrogliaMorphologyAnalysis\AnnotationsData\Segmentations\masks\2011-104_Iba1_Tp_B2_AD.vsi - 20x_BF_01\MG_whole\ann-206__x-28654_y-28224_w-183_h-188__ds-1.png,MG_whole,2011-104_Iba1_Tp_B2_AD.vsi - 20x_BF_01,good
279,c:\Users\chris\Desktop\University\Thesis\AutomaticMicrogliaMorphologyAnalysis\AnnotationsData\Segmentations\images\2011-104_Iba1_Tp_B2_AD.vsi - 20x_BF_01\MG_whole\ann-208__x-28484_y-29324_w-214_h-191__ds-1.png,c:\Users\chris\Desktop\University\Thesis\AutomaticMicrogliaMorphologyAnalysis\AnnotationsData\Segmentations\masks\2011-104_Iba1_Tp_B2_AD.vsi - 20x_BF_01\MG_whole\ann-208__x-28484_y-29324_w-214_h-191__ds-1.png,MG_whole,2011-104_Iba1_Tp_B2_AD.vsi - 20x_BF_01,good
280,c:\Users\chris\Desktop\University\Thesis\AutomaticMicrogliaMorphologyAnalysis\AnnotationsData\Segmentations\images\2011-104_Iba1_Tp_B2_AD.vsi - 20x_BF_01\MG_whole\ann-20__x-35114_y-36497_w-208_h-174__ds-1.png,c:\Users\chris\Desktop\University\Thesis\AutomaticMicrogliaMorphologyAnalysis\AnnotationsData\Segmentations\masks\2011-104_Iba1_Tp_B2_AD.vsi - 20x_BF_01\MG_whole\ann-20__x-35114_y-36497_w-208_h-174__ds-1.png,MG_whole,2011-104_Iba1_Tp_B2_AD.vsi - 20x_BF_01,medium
281,c:\Users\chris\Desktop\University\Thesis\AutomaticMicrogliaMorphologyAnalysis\AnnotationsData\Segmentations\images\2011-104_Iba1_Tp_B2_AD.vsi - 20x_BF_01\MG_whole\ann-210__x-44199_y-43637_w-203_h-177__ds-1.png,c:\Users\chris\Desktop\University\Thesis\AutomaticMicrogliaMorphologyAnalysis\AnnotationsData\Segmentations\masks\2011-104_Iba1_Tp_B2_AD.vsi - 20x_BF_01\MG_whole\ann-210__x-44199_y-43637_w-203_h-177__ds-1.png,MG_whole,2011-104_Iba1_Tp_B2_AD.vsi - 20x_BF_01,good
282,c:\Users\chris\Desktop\University\Thesis\AutomaticMicrogliaMorphologyAnalysis\AnnotationsData\Segmentations\images\2011-104_Iba1_Tp_B2_AD.vsi - 20x_BF_01\MG_whole\ann-212__x-44914_y-44601_w-205_h-216__ds-1.png,c:\Users\chris\Desktop\University\Thesis\AutomaticMicrogliaMorphologyAnalysis\AnnotationsData\Segmentations\masks\2011-104_Iba1_Tp_B2_AD.vsi - 20x_BF_01\MG_whole\ann-212__x-44914_y-44601_w-205_h-216__ds-1.png,MG_whole,2011-104_Iba1_Tp_B2_AD.vsi - 20x_BF_01,good
283,c:\Users\chris\Desktop\University\Thesis\AutomaticMicrogliaMorphologyAnalysis\AnnotationsData\Segmentations\images\2011-104_Iba1_Tp_B2_AD.vsi - 20x_BF_01\MG_whole\ann-215__x-45310_y-44719_w-183_h-173__ds-1.png,c:\Users\chris\Desktop\University\Thesis\AutomaticMicrogliaMorphologyAnalysis\AnnotationsData\Segmentations\masks\2011-104_Iba1_Tp_B2_AD.vsi - 20x_BF_01\MG_whole\ann-215__x-45310_y-44719_w-183_h-173__ds-1.png,MG_whole,2011-104_Iba1_Tp_B2_AD.vsi - 20x_BF_01,good
284,c:\Users\chris\Desktop\University\Thesis\AutomaticMicrogliaMorphologyAnalysis\AnnotationsData\Segmentations\images\2011-104_Iba1_Tp_B2_AD.vsi - 20x_BF_01\MG_whole\ann-216__x-45433_y-44939_w-119_h-129__ds-1.png,c:\Users\chris\Desktop\University\Thesis\AutomaticMicrogliaMorphologyAnalysis\AnnotationsData\Segmentations\masks\2011-104_Iba1_Tp_B2_AD.vsi - 20x_BF_01\MG_whole\ann-216__x-45433_y-44939_w-119_h-129__ds-1.png,MG_whole,2011-104_Iba1_Tp_B2_AD.vsi - 20x_BF_01,good
285,c:\Users\chris\Desktop\University\Thesis\AutomaticMicrogliaMorphologyAnalysis\AnnotationsData\Segmentations\images\2011-104_Iba1_Tp_B2_AD.vsi - 20x_BF_01\MG_whole\ann-218__x-45142_y-45739_w-188_h-94__ds-1.png,c:\Users\chris\Desktop\University\Thesis\AutomaticMicrogliaMorphologyAnalysis\AnnotationsData\Segmentations\masks\2011-104_Iba1_Tp_B2_AD.vsi - 20x_BF_01\MG_whole\ann-218__x-45142_y-45739_w-188_h-94__ds-1.png,MG_whole,2011-104_Iba1_Tp_B2_AD.vsi - 20x_BF_01,good
286,c:\Users\chris\Desktop\University\Thesis\AutomaticMicrogliaMorphologyAnalysis\AnnotationsData\Segmentations\images\2011-104_Iba1_Tp_B2_AD.vsi - 20x_BF_01\MG_whole\ann-21__x-35166_y-36799_w-101_h-108__ds-1.png,c:\Users\chris\Desktop\University\Thesis\AutomaticMicrogliaMorphologyAnalysis\AnnotationsData\Segmentations\masks\2011-104_Iba1_Tp_B2_AD.vsi - 20x_BF_01\MG_whole\ann-21__x-35166_y-36799_w-101_h-108__ds-1.png,MG_whole,2011-104_Iba1_Tp_B2_AD.vsi - 20x_BF_01,good
287,c:\Users\chris\Desktop\University\Thesis\AutomaticMicrogliaMorphologyAnalysis\AnnotationsData\Segmentations\images\2011-104_Iba1_Tp_B2_AD.vsi - 20x_BF_01\MG_whole\ann-220__x-45755_y-46526_w-186_h-150__ds-1.png,c:\Users\chris\Desktop\University\Thesis\AutomaticMicrogliaMorphologyAnalysis\AnnotationsData\Segmentations\masks\2011-104_Iba1_Tp_B2_AD.vsi - 20x_BF_01\MG_whole\ann-220__x-45755_y-46526_w-186_h-150__ds-1.png,MG_whole,2011-104_Iba1_Tp_B2_AD.vsi - 20x_BF_01,medium
288,c:\Users\chris\Desktop\University\Thesis\AutomaticMicrogliaMorphologyAnalysis\AnnotationsData\Segmentations\images\2011-104_Iba1_Tp_B2_AD.vsi - 20x_BF_01\MG_whole\ann-222__x-45244_y-47246_w-124_h-164__ds-1.png,c:\Users\chris\Desktop\University\Thesis\AutomaticMicrogliaMorphologyAnalysis\AnnotationsData\Segmentations\masks\2011-104_Iba1_Tp_B2_AD.vsi - 20x_BF_01\MG_whole\ann-222__x-45244_y-47246_w-124_h-164__ds-1.png,MG_whole,2011-104_Iba1_Tp_B2_AD.vsi - 20x_BF_01,good
289,c:\Users\chris\Desktop\University\Thesis\AutomaticMicrogliaMorphologyAnalysis\AnnotationsData\Segmentations\images\2011-104_Iba1_Tp_B2_AD.vsi - 20x_BF_01\MG_whole\ann-224__x-44786_y-47904_w-171_h-194__ds-1.png,c:\Users\chris\Desktop\University\Thesis\AutomaticMicrogliaMorphologyAnalysis\AnnotationsData\Segmentations\masks\2011-104_Iba1_Tp_B2_AD.vsi - 20x_BF_01\MG_whole\ann-224__x-44786_y-47904_w-171_h-194__ds-1.png,MG_whole,2011-104_Iba1_Tp_B2_AD.vsi - 20x_BF_01,good
290,c:\Users\chris\Desktop\University\Thesis\AutomaticMicrogliaMorphologyAnalysis\AnnotationsData\Segmentations\images\2011-104_Iba1_Tp_B2_AD.vsi - 20x_BF_01\MG_whole\ann-226__x-45516_y-48540_w-104_h-188__ds-1.png,c:\Users\chris\Desktop\University\Thesis\AutomaticMicrogliaMorphologyAnalysis\AnnotationsData\Segmentations\masks\2011-104_Iba1_Tp_B2_AD.vsi - 20x_BF_01\MG_whole\ann-226__x-45516_y-48540_w-104_h-188__ds-1.png,MG_whole,2011-104_Iba1_Tp_B2_AD.vsi - 20x_BF_01,good
291,c:\Users\chris\Desktop\University\Thesis\AutomaticMicrogliaMorphologyAnalysis\AnnotationsData\Segmentations\images\2011-104_Iba1_Tp_B2_AD.vsi - 20x_BF_01\MG_whole\ann-228__x-46298_y-47774_w-199_h-197__ds-1.png,c:\Users\chris\Desktop\University\Thesis\AutomaticMicrogliaMorphologyAnalysis\AnnotationsData\Segmentations\masks\2011-104_Iba1_Tp_B2_AD.vsi - 20x_BF_01\MG_whole\ann-228__x-46298_y-47774_w-199_h-197__ds-1.png,MG_whole,2011-104_Iba1_Tp_B2_AD.vsi - 20x_BF_01,good
292,c:\Users\chris\Desktop\University\Thesis\AutomaticMicrogliaMorphologyAnalysis\AnnotationsData\Segmentations\images\2011-104_Iba1_Tp_B2_AD.vsi - 20x_BF_01\MG_whole\ann-22__x-35601_y-36627_w-258_h-192__ds-1.png,c:\Users\chris\Desktop\University\Thesis\AutomaticMicrogliaMorphologyAnalysis\AnnotationsData\Segmentations\masks\2011-104_Iba1_Tp_B2_AD.vsi - 20x_BF_01\MG_whole\ann-22__x-35601_y-36627_w-258_h-192__ds-1.png,MG_whole,2011-104_Iba1_Tp_B2_AD.vsi - 20x_BF_01,good
293,c:\Users\chris\Desktop\University\Thesis\AutomaticMicrogliaMorphologyAnalysis\AnnotationsData\Segmentations\images\2011-104_Iba1_Tp_B2_AD.vsi - 20x_BF_01\MG_whole\ann-230__x-43670_y-44591_w-131_h-218__ds-1.png,c:\Users\chris\Desktop\University\Thesis\AutomaticMicrogliaMorphologyAnalysis\AnnotationsData\Segmentations\masks\2011-104_Iba1_Tp_B2_AD.vsi - 20x_BF_01\MG_whole\ann-230__x-43670_y-44591_w-131_h-218__ds-1.png,MG_whole,2011-104_Iba1_Tp_B2_AD.vsi - 20x_BF_01,good
294,c:\Users\chris\Desktop\University\Thesis\AutomaticMicrogliaMorphologyAnalysis\AnnotationsData\Segmentations\images\2011-104_Iba1_Tp_B2_AD.vsi - 20x_BF_01\MG_whole\ann-232__x-44316_y-44750_w-165_h-212__ds-1.png,c:\Users\chris\Desktop\University\Thesis\AutomaticMicrogliaMorphologyAnalysis\AnnotationsData\Segmentations\masks\2011-104_Iba1_Tp_B2_AD.vsi - 20x_BF_01\MG_whole\ann-232__x-44316_y-44750_w-165_h-212__ds-1.png,MG_whole,2011-104_Iba1_Tp_B2_AD.vsi - 20x_BF_01,good
295,c:\Users\chris\Desktop\University\Thesis\AutomaticMicrogliaMorphologyAnalysis\AnnotationsData\Segmentations\images\2011-104_Iba1_Tp_B2_AD.vsi - 20x_BF_01\MG_whole\ann-234__x-44271_y-44316_w-157_h-146__ds-1.png,c:\Users\chris\Desktop\University\Thesis\AutomaticMicrogliaMorphologyAnalysis\AnnotationsData\Segmentations\masks\2011-104_Iba1_Tp_B2_AD.vsi - 20x_BF_01\MG_whole\ann-234__x-44271_y-44316_w-157_h-146__ds-1.png,MG_whole,2011-104_Iba1_Tp_B2_AD.vsi - 20x_BF_01,good
296,c:\Users\chris\Desktop\University\Thesis\AutomaticMicrogliaMorphologyAnalysis\AnnotationsData\Segmentations\images\2011-104_Iba1_Tp_B2_AD.vsi - 20x_BF_01\MG_whole\ann-237__x-36701_y-37179_w-252_h-211__ds-1.png,c:\Users\chris\Desktop\University\Thesis\AutomaticMicrogliaMorphologyAnalysis\AnnotationsData\Segmentations\masks\2011-104_Iba1_Tp_B2_AD.vsi - 20x_BF_01\MG_whole\ann-237__x-36701_y-37179_w-252_h-211__ds-1.png,MG_whole,2011-104_Iba1_Tp_B2_AD.vsi - 20x_BF_01,good
297,c:\Users\chris\Desktop\University\Thesis\AutomaticMicrogliaMorphologyAnalysis\AnnotationsData\Segmentations\images\2011-104_Iba1_Tp_B2_AD.vsi - 20x_BF_01\MG_whole\ann-24__x-35291_y-37278_w-206_h-152__ds-1.png,c:\Users\chris\Desktop\University\Thesis\AutomaticMicrogliaMorphologyAnalysis\AnnotationsData\Segmentations\masks\2011-104_Iba1_Tp_B2_AD.vsi - 20x_BF_01\MG_whole\ann-24__x-35291_y-37278_w-206_h-152__ds-1.png,MG_whole,2011-104_Iba1_Tp_B2_AD.vsi - 20x_BF_01,good
298,c:\Users\chris\Desktop\University\Thesis\AutomaticMicrogliaMorphologyAnalysis\AnnotationsData\Segmentations\images\2011-104_Iba1_Tp_B2_AD.vsi - 20x_BF_01\MG_whole\ann-26__x-34917_y-36930_w-105_h-177__ds-1.png,c:\Users\chris\Desktop\University\Thesis\AutomaticMicrogliaMorphologyAnalysis\AnnotationsData\Segmentations\masks\2011-104_Iba1_Tp_B2_AD.vsi - 20x_BF_01\MG_whole\ann-26__x-34917_y-36930_w-105_h-177__ds-1.png,MG_whole,2011-104_Iba1_Tp_B2_AD.vsi - 20x_BF_01,good
299,c:\Users\chris\Desktop\University\Thesis\AutomaticMicrogliaMorphologyAnalysis\AnnotationsData\Segmentations\images\2011-104_Iba1_Tp_B2_AD.vsi - 20x_BF_01\MG_whole\ann-29__x-35048_y-37750_w-130_h-181__ds-1.png,c:\Users\chris\Desktop\University\Thesis\AutomaticMicrogliaMorphologyAnalysis\AnnotationsData\Segmentations\masks\2011-104_Iba1_Tp_B2_AD.vsi - 20x_BF_01\MG_whole\ann-29__x-35048_y-37750_w-130_h-181__ds-1.png,MG_whole,2011-104_Iba1_Tp_B2_AD.vsi - 20x_BF_01,good
300,c:\Users\chris\Desktop\University\Thesis\AutomaticMicrogliaMorphologyAnalysis\AnnotationsData\Segmentations\images\2011-104_Iba1_Tp_B2_AD.vsi - 20x_BF_01\MG_whole\ann-30__x-35197_y-37702_w-222_h-204__ds-1.png,c:\Users\chris\Desktop\University\Thesis\AutomaticMicrogliaMorphologyAnalysis\AnnotationsData\Segmentations\masks\2011-104_Iba1_Tp_B2_AD.vsi - 20x_BF_01\MG_whole\ann-30__x-35197_y-37702_w-222_h-204__ds-1.png,MG_whole,2011-104_Iba1_Tp_B2_AD.vsi - 20x_BF_01,good
301,c:\Users\chris\Desktop\University\Thesis\AutomaticMicrogliaMorphologyAnalysis\AnnotationsData\Segmentations\images\2011-104_Iba1_Tp_B2_AD.vsi - 20x_BF_01\MG_whole\ann-32__x-36686_y-37965_w-241_h-147__ds-1.png,c:\Users\chris\Desktop\University\Thesis\AutomaticMicrogliaMorphologyAnalysis\AnnotationsData\Segmentations\masks\2011-104_Iba1_Tp_B2_AD.vsi - 20x_BF_01\MG_whole\ann-32__x-36686_y-37965_w-241_h-147__ds-1.png,MG_whole,2011-104_Iba1_Tp_B2_AD.vsi - 20x_BF_01,good
302,c:\Users\chris\Desktop\University\Thesis\AutomaticMicrogliaMorphologyAnalysis\AnnotationsData\Segmentations\images\2011-104_Iba1_Tp_B2_AD.vsi - 20x_BF_01\MG_whole\ann-34__x-36897_y-34918_w-248_h-144__ds-1.png,c:\Users\chris\Desktop\University\Thesis\AutomaticMicrogliaMorphologyAnalysis\AnnotationsData\Segmentations\masks\2011-104_Iba1_Tp_B2_AD.vsi - 20x_BF_01\MG_whole\ann-34__x-36897_y-34918_w-248_h-144__ds-1.png,MG_whole,2011-104_Iba1_Tp_B2_AD.vsi - 20x_BF_01,good
303,c:\Users\chris\Desktop\University\Thesis\AutomaticMicrogliaMorphologyAnalysis\AnnotationsData\Segmentations\images\2011-104_Iba1_Tp_B2_AD.vsi - 20x_BF_01\MG_whole\ann-36__x-37571_y-33609_w-202_h-154__ds-1.png,c:\Users\chris\Desktop\University\Thesis\AutomaticMicrogliaMorphologyAnalysis\AnnotationsData\Segmentations\masks\2011-104_Iba1_Tp_B2_AD.vsi - 20x_BF_01\MG_whole\ann-36__x-37571_y-33609_w-202_h-154__ds-1.png,MG_whole,2011-104_Iba1_Tp_B2_AD.vsi - 20x_BF_01,medium
304,c:\Users\chris\Desktop\University\Thesis\AutomaticMicrogliaMorphologyAnalysis\AnnotationsData\Segmentations\images\2011-104_Iba1_Tp_B2_AD.vsi - 20x_BF_01\MG_whole\ann-38__x-36494_y-35022_w-228_h-218__ds-1.png,c:\Users\chris\Desktop\University\Thesis\AutomaticMicrogliaMorphologyAnalysis\AnnotationsData\Segmentations\masks\2011-104_Iba1_Tp_B2_AD.vsi - 20x_BF_01\MG_whole\ann-38__x-36494_y-35022_w-228_h-218__ds-1.png,MG_whole,2011-104_Iba1_Tp_B2_AD.vsi - 20x_BF_01,good
305,c:\Users\chris\Desktop\University\Thesis\AutomaticMicrogliaMorphologyAnalysis\AnnotationsData\Segmentations\images\2011-104_Iba1_Tp_B2_AD.vsi - 20x_BF_01\MG_whole\ann-3__x-39312_y-35122_w-179_h-207__ds-1.png,c:\Users\chris\Desktop\University\Thesis\AutomaticMicrogliaMorphologyAnalysis\AnnotationsData\Segmentations\masks\2011-104_Iba1_Tp_B2_AD.vsi - 20x_BF_01\MG_whole\ann-3__x-39312_y-35122_w-179_h-207__ds-1.png,MG_whole,2011-104_Iba1_Tp_B2_AD.vsi - 20x_BF_01,good
306,c:\Users\chris\Desktop\University\Thesis\AutomaticMicrogliaMorphologyAnalysis\AnnotationsData\Segmentations\images\2011-104_Iba1_Tp_B2_AD.vsi - 20x_BF_01\MG_whole\ann-40__x-36416_y-35355_w-130_h-164__ds-1.png,c:\Users\chris\Desktop\University\Thesis\AutomaticMicrogliaMorphologyAnalysis\AnnotationsData\Segmentations\masks\2011-104_Iba1_Tp_B2_AD.vsi - 20x_BF_01\MG_whole\ann-40__x-36416_y-35355_w-130_h-164__ds-1.png,MG_whole,2011-104_Iba1_Tp_B2_AD.vsi - 20x_BF_01,good
307,c:\Users\chris\Desktop\University\Thesis\AutomaticMicrogliaMorphologyAnalysis\AnnotationsData\Segmentations\images\2011-104_Iba1_Tp_B2_AD.vsi - 20x_BF_01\MG_whole\ann-42__x-38707_y-33256_w-146_h-190__ds-1.png,c:\Users\chris\Desktop\University\Thesis\AutomaticMicrogliaMorphologyAnalysis\AnnotationsData\Segmentations\masks\2011-104_Iba1_Tp_B2_AD.vsi - 20x_BF_01\MG_whole\ann-42__x-38707_y-33256_w-146_h-190__ds-1.png,MG_whole,2011-104_Iba1_Tp_B2_AD.vsi - 20x_BF_01,good
308,c:\Users\chris\Desktop\University\Thesis\AutomaticMicrogliaMorphologyAnalysis\AnnotationsData\Segmentations\images\2011-104_Iba1_Tp_B2_AD.vsi - 20x_BF_01\MG_whole\ann-44__x-38002_y-33386_w-136_h-137__ds-1.png,c:\Users\chris\Desktop\University\Thesis\AutomaticMicrogliaMorphologyAnalysis\AnnotationsData\Segmentations\masks\2011-104_Iba1_Tp_B2_AD.vsi - 20x_BF_01\MG_whole\ann-44__x-38002_y-33386_w-136_h-137__ds-1.png,MG_whole,2011-104_Iba1_Tp_B2_AD.vsi - 20x_BF_01,medium
309,c:\Users\chris\Desktop\University\Thesis\AutomaticMicrogliaMorphologyAnalysis\AnnotationsData\Segmentations\images\2011-104_Iba1_Tp_B2_AD.vsi - 20x_BF_01\MG_whole\ann-46__x-35337_y-34174_w-148_h-267__ds-1.png,c:\Users\chris\Desktop\University\Thesis\AutomaticMicrogliaMorphologyAnalysis\AnnotationsData\Segmentations\masks\2011-104_Iba1_Tp_B2_AD.vsi - 20x_BF_01\MG_whole\ann-46__x-35337_y-34174_w-148_h-267__ds-1.png,MG_whole,2011-104_Iba1_Tp_B2_AD.vsi - 20x_BF_01,good
310,c:\Users\chris\Desktop\University\Thesis\AutomaticMicrogliaMorphologyAnalysis\AnnotationsData\Segmentations\images\2011-104_Iba1_Tp_B2_AD.vsi - 20x_BF_01\MG_whole\ann-48__x-34216_y-34172_w-249_h-192__ds-1.png,c:\Users\chris\Desktop\University\Thesis\AutomaticMicrogliaMorphologyAnalysis\AnnotationsData\Segmentations\masks\2011-104_Iba1_Tp_B2_AD.vsi - 20x_BF_01\MG_whole\ann-48__x-34216_y-34172_w-249_h-192__ds-1.png,MG_whole,2011-104_Iba1_Tp_B2_AD.vsi - 20x_BF_01,good
311,c:\Users\chris\Desktop\University\Thesis\AutomaticMicrogliaMorphologyAnalysis\AnnotationsData\Segmentations\images\2011-104_Iba1_Tp_B2_AD.vsi - 20x_BF_01\MG_whole\ann-4__x-39648_y-35139_w-134_h-169__ds-1.png,c:\Users\chris\Desktop\University\Thesis\AutomaticMicrogliaMorphologyAnalysis\AnnotationsData\Segmentations\masks\2011-104_Iba1_Tp_B2_AD.vsi - 20x_BF_01\MG_whole\ann-4__x-39648_y-35139_w-134_h-169__ds-1.png,MG_whole,2011-104_Iba1_Tp_B2_AD.vsi - 20x_BF_01,good
312,c:\Users\chris\Desktop\University\Thesis\AutomaticMicrogliaMorphologyAnalysis\AnnotationsData\Segmentations\images\2011-104_Iba1_Tp_B2_AD.vsi - 20x_BF_01\MG_whole\ann-50__x-34846_y-33037_w-233_h-273__ds-1.png,c:\Users\chris\Desktop\University\Thesis\AutomaticMicrogliaMorphologyAnalysis\AnnotationsData\Segmentations\masks\2011-104_Iba1_Tp_B2_AD.vsi - 20x_BF_01\MG_whole\ann-50__x-34846_y-33037_w-233_h-273__ds-1.png,MG_whole,2011-104_Iba1_Tp_B2_AD.vsi - 20x_BF_01,good
313,c:\Users\chris\Desktop\University\Thesis\AutomaticMicrogliaMorphologyAnalysis\AnnotationsData\Segmentations\images\2011-104_Iba1_Tp_B2_AD.vsi - 20x_BF_01\MG_whole\ann-52__x-34938_y-33303_w-282_h-198__ds-1.png,c:\Users\chris\Desktop\University\Thesis\AutomaticMicrogliaMorphologyAnalysis\AnnotationsData\Segmentations\masks\2011-104_Iba1_Tp_B2_AD.vsi - 20x_BF_01\MG_whole\ann-52__x-34938_y-33303_w-282_h-198__ds-1.png,MG_whole,2011-104_Iba1_Tp_B2_AD.vsi - 20x_BF_01,good
314,c:\Users\chris\Desktop\University\Thesis\AutomaticMicrogliaMorphologyAnalysis\AnnotationsData\Segmentations\images\2011-104_Iba1_Tp_B2_AD.vsi - 20x_BF_01\MG_whole\ann-55__x-37773_y-34852_w-156_h-152__ds-1.png,c:\Users\chris\Desktop\University\Thesis\AutomaticMicrogliaMorphologyAnalysis\AnnotationsData\Segmentations\masks\2011-104_Iba1_Tp_B2_AD.vsi - 20x_BF_01\MG_whole\ann-55__x-37773_y-34852_w-156_h-152__ds-1.png,MG_whole,2011-104_Iba1_Tp_B2_AD.vsi - 20x_BF_01,good
315,c:\Users\chris\Desktop\University\Thesis\AutomaticMicrogliaMorphologyAnalysis\AnnotationsData\Segmentations\images\2011-104_Iba1_Tp_B2_AD.vsi - 20x_BF_01\MG_whole\ann-56__x-37825_y-34968_w-166_h-101__ds-1.png,c:\Users\chris\Desktop\University\Thesis\AutomaticMicrogliaMorphologyAnalysis\AnnotationsData\Segmentations\masks\2011-104_Iba1_Tp_B2_AD.vsi - 20x_BF_01\MG_whole\ann-56__x-37825_y-34968_w-166_h-101__ds-1.png,MG_whole,2011-104_Iba1_Tp_B2_AD.vsi - 20x_BF_01,medium
316,c:\Users\chris\Desktop\University\Thesis\AutomaticMicrogliaMorphologyAnalysis\AnnotationsData\Segmentations\images\2011-104_Iba1_Tp_B2_AD.vsi - 20x_BF_01\MG_whole\ann-58__x-35128_y-32875_w-157_h-258__ds-1.png,c:\Users\chris\Desktop\University\Thesis\AutomaticMicrogliaMorphologyAnalysis\AnnotationsData\Segmentations\masks\2011-104_Iba1_Tp_B2_AD.vsi - 20x_BF_01\MG_whole\ann-58__x-35128_y-32875_w-157_h-258__ds-1.png,MG_whole,2011-104_Iba1_Tp_B2_AD.vsi - 20x_BF_01,good
317,c:\Users\chris\Desktop\University\Thesis\AutomaticMicrogliaMorphologyAnalysis\AnnotationsData\Segmentations\images\2011-104_Iba1_Tp_B2_AD.vsi - 20x_BF_01\MG_whole\ann-5__x-39660_y-35418_w-211_h-183__ds-1.png,c:\Users\chris\Desktop\University\Thesis\AutomaticMicrogliaMorphologyAnalysis\AnnotationsData\Segmentations\masks\2011-104_Iba1_Tp_B2_AD.vsi - 20x_BF_01\MG_whole\ann-5__x-39660_y-35418_w-211_h-183__ds-1.png,MG_whole,2011-104_Iba1_Tp_B2_AD.vsi - 20x_BF_01,good
318,c:\Users\chris\Desktop\University\Thesis\AutomaticMicrogliaMorphologyAnalysis\AnnotationsData\Segmentations\images\2011-104_Iba1_Tp_B2_AD.vsi - 20x_BF_01\MG_whole\ann-62__x-32313_y-31870_w-111_h-140__ds-1.png,c:\Users\chris\Desktop\University\Thesis\AutomaticMicrogliaMorphologyAnalysis\AnnotationsData\Segmentations\masks\2011-104_Iba1_Tp_B2_AD.vsi - 20x_BF_01\MG_whole\ann-62__x-32313_y-31870_w-111_h-140__ds-1.png,MG_whole,2011-104_Iba1_Tp_B2_AD.vsi - 20x_BF_01,good
319,c:\Users\chris\Desktop\University\Thesis\AutomaticMicrogliaMorphologyAnalysis\AnnotationsData\Segmentations\images\2011-104_Iba1_Tp_B2_AD.vsi - 20x_BF_01\MG_whole\ann-63__x-32605_y-31817_w-259_h-165__ds-1.png,c:\Users\chris\Desktop\University\Thesis\AutomaticMicrogliaMorphologyAnalysis\AnnotationsData\Segmentations\masks\2011-104_Iba1_Tp_B2_AD.vsi - 20x_BF_01\MG_whole\ann-63__x-32605_y-31817_w-259_h-165__ds-1.png,MG_whole,2011-104_Iba1_Tp_B2_AD.vsi - 20x_BF_01,medium
320,c:\Users\chris\Desktop\University\Thesis\AutomaticMicrogliaMorphologyAnalysis\AnnotationsData\Segmentations\images\2011-104_Iba1_Tp_B2_AD.vsi - 20x_BF_01\MG_whole\ann-64__x-32617_y-31991_w-192_h-159__ds-1.png,c:\Users\chris\Desktop\University\Thesis\AutomaticMicrogliaMorphologyAnalysis\AnnotationsData\Segmentations\masks\2011-104_Iba1_Tp_B2_AD.vsi - 20x_BF_01\MG_whole\ann-64__x-32617_y-31991_w-192_h-159__ds-1.png,MG_whole,2011-104_Iba1_Tp_B2_AD.vsi - 20x_BF_01,medium
321,c:\Users\chris\Desktop\University\Thesis\AutomaticMicrogliaMorphologyAnalysis\AnnotationsData\Segmentations\images\2011-104_Iba1_Tp_B2_AD.vsi - 20x_BF_01\MG_whole\ann-67__x-32053_y-30725_w-198_h-189__ds-1.png,c:\Users\chris\Desktop\University\Thesis\AutomaticMicrogliaMorphologyAnalysis\AnnotationsData\Segmentations\masks\2011-104_Iba1_Tp_B2_AD.vsi - 20x_BF_01\MG_whole\ann-67__x-32053_y-30725_w-198_h-189__ds-1.png,MG_whole,2011-104_Iba1_Tp_B2_AD.vsi - 20x_BF_01,good
322,c:\Users\chris\Desktop\University\Thesis\AutomaticMicrogliaMorphologyAnalysis\AnnotationsData\Segmentations\images\2011-104_Iba1_Tp_B2_AD.vsi - 20x_BF_01\MG_whole\ann-68__x-31911_y-30525_w-138_h-193__ds-1.png,c:\Users\chris\Desktop\University\Thesis\AutomaticMicrogliaMorphologyAnalysis\AnnotationsData\Segmentations\masks\2011-104_Iba1_Tp_B2_AD.vsi - 20x_BF_01\MG_whole\ann-68__x-31911_y-30525_w-138_h-193__ds-1.png,MG_whole,2011-104_Iba1_Tp_B2_AD.vsi - 20x_BF_01,good
323,c:\Users\chris\Desktop\University\Thesis\AutomaticMicrogliaMorphologyAnalysis\AnnotationsData\Segmentations\images\2011-104_Iba1_Tp_B2_AD.vsi - 20x_BF_01\MG_whole\ann-70__x-31745_y-31384_w-183_h-161__ds-1.png,c:\Users\chris\Desktop\University\Thesis\AutomaticMicrogliaMorphologyAnalysis\AnnotationsData\Segmentations\masks\2011-104_Iba1_Tp_B2_AD.vsi - 20x_BF_01\MG_whole\ann-70__x-31745_y-31384_w-183_h-161__ds-1.png,MG_whole,2011-104_Iba1_Tp_B2_AD.vsi - 20x_BF_01,good
324,c:\Users\chris\Desktop\University\Thesis\AutomaticMicrogliaMorphologyAnalysis\AnnotationsData\Segmentations\images\2011-104_Iba1_Tp_B2_AD.vsi - 20x_BF_01\MG_whole\ann-74__x-31264_y-30145_w-209_h-192__ds-1.png,c:\Users\chris\Desktop\University\Thesis\AutomaticMicrogliaMorphologyAnalysis\AnnotationsData\Segmentations\masks\2011-104_Iba1_Tp_B2_AD.vsi - 20x_BF_01\MG_whole\ann-74__x-31264_y-30145_w-209_h-192__ds-1.png,MG_whole,2011-104_Iba1_Tp_B2_AD.vsi - 20x_BF_01,good
325,c:\Users\chris\Desktop\University\Thesis\AutomaticMicrogliaMorphologyAnalysis\AnnotationsData\Segmentations\images\2011-104_Iba1_Tp_B2_AD.vsi - 20x_BF_01\MG_whole\ann-75__x-31627_y-30043_w-146_h-112__ds-1.png,c:\Users\chris\Desktop\University\Thesis\AutomaticMicrogliaMorphologyAnalysis\AnnotationsData\Segmentations\masks\2011-104_Iba1_Tp_B2_AD.vsi - 20x_BF_01\MG_whole\ann-75__x-31627_y-30043_w-146_h-112__ds-1.png,MG_whole,2011-104_Iba1_Tp_B2_AD.vsi - 20x_BF_01,good
326,c:\Users\chris\Desktop\University\Thesis\AutomaticMicrogliaMorphologyAnalysis\AnnotationsData\Segmentations\images\2011-104_Iba1_Tp_B2_AD.vsi - 20x_BF_01\MG_whole\ann-76__x-31728_y-29992_w-136_h-130__ds-1.png,c:\Users\chris\Desktop\University\Thesis\AutomaticMicrogliaMorphologyAnalysis\AnnotationsData\Segmentations\masks\2011-104_Iba1_Tp_B2_AD.vsi - 20x_BF_01\MG_whole\ann-76__x-31728_y-29992_w-136_h-130__ds-1.png,MG_whole,2011-104_Iba1_Tp_B2_AD.vsi - 20x_BF_01,good
327,c:\Users\chris\Desktop\University\Thesis\AutomaticMicrogliaMorphologyAnalysis\AnnotationsData\Segmentations\images\2011-104_Iba1_Tp_B2_AD.vsi - 20x_BF_01\MG_whole\ann-79__x-31953_y-29860_w-159_h-200__ds-1.png,c:\Users\chris\Desktop\University\Thesis\AutomaticMicrogliaMorphologyAnalysis\AnnotationsData\Segmentations\masks\2011-104_Iba1_Tp_B2_AD.vsi - 20x_BF_01\MG_whole\ann-79__x-31953_y-29860_w-159_h-200__ds-1.png,MG_whole,2011-104_Iba1_Tp_B2_AD.vsi - 20x_BF_01,good
328,c:\Users\chris\Desktop\University\Thesis\AutomaticMicrogliaMorphologyAnalysis\AnnotationsData\Segmentations\images\2011-104_Iba1_Tp_B2_AD.vsi - 20x_BF_01\MG_whole\ann-7__x-40070_y-37481_w-317_h-307__ds-1.png,c:\Users\chris\Desktop\University\Thesis\AutomaticMicrogliaMorphologyAnalysis\AnnotationsData\Segmentations\masks\2011-104_Iba1_Tp_B2_AD.vsi - 20x_BF_01\MG_whole\ann-7__x-40070_y-37481_w-317_h-307__ds-1.png,MG_whole,2011-104_Iba1_Tp_B2_AD.vsi - 20x_BF_01,good
329,c:\Users\chris\Desktop\University\Thesis\AutomaticMicrogliaMorphologyAnalysis\AnnotationsData\Segmentations\images\2011-104_Iba1_Tp_B2_AD.vsi - 20x_BF_01\MG_whole\ann-80__x-32158_y-29550_w-249_h-221__ds-1.png,c:\Users\chris\Desktop\University\Thesis\AutomaticMicrogliaMorphologyAnalysis\AnnotationsData\Segmentations\masks\2011-104_Iba1_Tp_B2_AD.vsi - 20x_BF_01\MG_whole\ann-80__x-32158_y-29550_w-249_h-221__ds-1.png,MG_whole,2011-104_Iba1_Tp_B2_AD.vsi - 20x_BF_01,good
330,c:\Users\chris\Desktop\University\Thesis\AutomaticMicrogliaMorphologyAnalysis\AnnotationsData\Segmentations\images\2011-104_Iba1_Tp_B2_AD.vsi - 20x_BF_01\MG_whole\ann-84__x-32036_y-27692_w-206_h-301__ds-1.png,c:\Users\chris\Desktop\University\Thesis\AutomaticMicrogliaMorphologyAnalysis\AnnotationsData\Segmentations\masks\2011-104_Iba1_Tp_B2_AD.vsi - 20x_BF_01\MG_whole\ann-84__x-32036_y-27692_w-206_h-301__ds-1.png,MG_whole,2011-104_Iba1_Tp_B2_AD.vsi - 20x_BF_01,medium
331,c:\Users\chris\Desktop\University\Thesis\AutomaticMicrogliaMorphologyAnalysis\AnnotationsData\Segmentations\images\2011-104_Iba1_Tp_B2_AD.vsi - 20x_BF_01\MG_whole\ann-85__x-32402_y-27662_w-232_h-184__ds-1.png,c:\Users\chris\Desktop\University\Thesis\AutomaticMicrogliaMorphologyAnalysis\AnnotationsData\Segmentations\masks\2011-104_Iba1_Tp_B2_AD.vsi - 20x_BF_01\MG_whole\ann-85__x-32402_y-27662_w-232_h-184__ds-1.png,MG_whole,2011-104_Iba1_Tp_B2_AD.vsi - 20x_BF_01,medium
332,c:\Users\chris\Desktop\University\Thesis\AutomaticMicrogliaMorphologyAnalysis\AnnotationsData\Segmentations\images\2011-104_Iba1_Tp_B2_AD.vsi - 20x_BF_01\MG_whole\ann-86__x-32243_y-27470_w-120_h-118__ds-1.png,c:\Users\chris\Desktop\University\Thesis\AutomaticMicrogliaMorphologyAnalysis\AnnotationsData\Segmentations\masks\2011-104_Iba1_Tp_B2_AD.vsi - 20x_BF_01\MG_whole\ann-86__x-32243_y-27470_w-120_h-118__ds-1.png,MG_whole,2011-104_Iba1_Tp_B2_AD.vsi - 20x_BF_01,good
333,c:\Users\chris\Desktop\University\Thesis\AutomaticMicrogliaMorphologyAnalysis\AnnotationsData\Segmentations\images\2011-104_Iba1_Tp_B2_AD.vsi - 20x_BF_01\MG_whole\ann-88__x-34535_y-28035_w-124_h-151__ds-1.png,c:\Users\chris\Desktop\University\Thesis\AutomaticMicrogliaMorphologyAnalysis\AnnotationsData\Segmentations\masks\2011-104_Iba1_Tp_B2_AD.vsi - 20x_BF_01\MG_whole\ann-88__x-34535_y-28035_w-124_h-151__ds-1.png,MG_whole,2011-104_Iba1_Tp_B2_AD.vsi - 20x_BF_01,medium
334,c:\Users\chris\Desktop\University\Thesis\AutomaticMicrogliaMorphologyAnalysis\AnnotationsData\Segmentations\images\2011-104_Iba1_Tp_B2_AD.vsi - 20x_BF_01\MG_whole\ann-90__x-34908_y-28666_w-201_h-233__ds-1.png,c:\Users\chris\Desktop\University\Thesis\AutomaticMicrogliaMorphologyAnalysis\AnnotationsData\Segmentations\masks\2011-104_Iba1_Tp_B2_AD.vsi - 20x_BF_01\MG_whole\ann-90__x-34908_y-28666_w-201_h-233__ds-1.png,MG_whole,2011-104_Iba1_Tp_B2_AD.vsi - 20x_BF_01,good
335,c:\Users\chris\Desktop\University\Thesis\AutomaticMicrogliaMorphologyAnalysis\AnnotationsData\Segmentations\images\2011-104_Iba1_Tp_B2_AD.vsi - 20x_BF_01\MG_whole\ann-92__x-36322_y-30041_w-150_h-241__ds-1.png,c:\Users\chris\Desktop\University\Thesis\AutomaticMicrogliaMorphologyAnalysis\AnnotationsData\Segmentations\masks\2011-104_Iba1_Tp_B2_AD.vsi - 20x_BF_01\MG_whole\ann-92__x-36322_y-30041_w-150_h-241__ds-1.png,MG_whole,2011-104_Iba1_Tp_B2_AD.vsi - 20x_BF_01,good
336,c:\Users\chris\Desktop\University\Thesis\AutomaticMicrogliaMorphologyAnalysis\AnnotationsData\Segmentations\images\2011-104_Iba1_Tp_B2_AD.vsi - 20x_BF_01\MG_whole\ann-94__x-36531_y-29603_w-193_h-117__ds-1.png,c:\Users\chris\Desktop\University\Thesis\AutomaticMicrogliaMorphologyAnalysis\AnnotationsData\Segmentations\masks\2011-104_Iba1_Tp_B2_AD.vsi - 20x_BF_01\MG_whole\ann-94__x-36531_y-29603_w-193_h-117__ds-1.png,MG_whole,2011-104_Iba1_Tp_B2_AD.vsi - 20x_BF_01,medium
337,c:\Users\chris\Desktop\University\Thesis\AutomaticMicrogliaMorphologyAnalysis\AnnotationsData\Segmentations\images\2011-104_Iba1_Tp_B2_AD.vsi - 20x_BF_01\MG_whole\ann-97__x-37679_y-29063_w-136_h-150__ds-1.png,c:\Users\chris\Desktop\University\Thesis\AutomaticMicrogliaMorphologyAnalysis\AnnotationsData\Segmentations\masks\2011-104_Iba1_Tp_B2_AD.vsi - 20x_BF_01\MG_whole\ann-97__x-37679_y-29063_w-136_h-150__ds-1.png,MG_whole,2011-104_Iba1_Tp_B2_AD.vsi - 20x_BF_01,good
338,c:\Users\chris\Desktop\University\Thesis\AutomaticMicrogliaMorphologyAnalysis\AnnotationsData\Segmentations\images\2011-104_Iba1_Tp_B2_AD.vsi - 20x_BF_01\MG_whole\ann-98__x-37821_y-28908_w-199_h-138__ds-1.png,c:\Users\chris\Desktop\University\Thesis\AutomaticMicrogliaMorphologyAnalysis\AnnotationsData\Segmentations\masks\2011-104_Iba1_Tp_B2_AD.vsi - 20x_BF_01\MG_whole\ann-98__x-37821_y-28908_w-199_h-138__ds-1.png,MG_whole,2011-104_Iba1_Tp_B2_AD.vsi - 20x_BF_01,good
339,c:\Users\chris\Desktop\University\Thesis\AutomaticMicrogliaMorphologyAnalysis\AnnotationsData\Segmentations\images\2011-104_Iba1_Tp_B2_AD.vsi - 20x_BF_01\MG_whole\ann-9__x-40556_y-38640_w-147_h-169__ds-1.png,c:\Users\chris\Desktop\University\Thesis\AutomaticMicrogliaMorphologyAnalysis\AnnotationsData\Segmentations\masks\2011-104_Iba1_Tp_B2_AD.vsi - 20x_BF_01\MG_whole\ann-9__x-40556_y-38640_w-147_h-169__ds-1.png,MG_whole,2011-104_Iba1_Tp_B2_AD.vsi - 20x_BF_01,good
690,c:\Users\chris\Desktop\University\Thesis\AutomaticMicrogliaMorphologyAnalysis\AnnotationsData\Segmentations\images\2017-063_Iba1_Temporal pole_Batch 6.vsi - 20x_BF_01\MG_whole\ann-101__x-22043_y-26982_w-99_h-200__ds-1.png,c:\Users\chris\Desktop\University\Thesis\AutomaticMicrogliaMorphologyAnalysis\AnnotationsData\Segmentations\masks\2017-063_Iba1_Temporal pole_Batch 6.vsi - 20x_BF_01\MG_whole\ann-101__x-22043_y-26982_w-99_h-200__ds-1.png,MG_whole,2017-063_Iba1_Temporal pole_Batch 6.vsi - 20x_BF_01,good
691,c:\Users\chris\Desktop\University\Thesis\AutomaticMicrogliaMorphologyAnalysis\AnnotationsData\Segmentations\images\2017-063_Iba1_Temporal pole_Batch 6.vsi - 20x_BF_01\MG_whole\ann-102__x-22248_y-27143_w-74_h-183__ds-1.png,c:\Users\chris\Desktop\University\Thesis\AutomaticMicrogliaMorphologyAnalysis\AnnotationsData\Segmentations\masks\2017-063_Iba1_Temporal pole_Batch 6.vsi - 20x_BF_01\MG_whole\ann-102__x-22248_y-27143_w-74_h-183__ds-1.png,MG_whole,2017-063_Iba1_Temporal pole_Batch 6.vsi - 20x_BF_01,medium
692,c:\Users\chris\Desktop\University\Thesis\AutomaticMicrogliaMorphologyAnalysis\AnnotationsData\Segmentations\images\2017-063_Iba1_Temporal pole_Batch 6.vsi - 20x_BF_01\MG_whole\ann-103__x-22363_y-27066_w-75_h-176__ds-1.png,c:\Users\chris\Desktop\University\Thesis\AutomaticMicrogliaMorphologyAnalysis\AnnotationsData\Segmentations\masks\2017-063_Iba1_Temporal pole_Batch 6.vsi - 20x_BF_01\MG_whole\ann-103__x-22363_y-27066_w-75_h-176__ds-1.png,MG_whole,2017-063_Iba1_Temporal pole_Batch 6.vsi - 20x_BF_01,medium
693,c:\Users\chris\Desktop\University\Thesis\AutomaticMicrogliaMorphologyAnalysis\AnnotationsData\Segmentations\images\2017-063_Iba1_Temporal pole_Batch 6.vsi - 20x_BF_01\MG_whole\ann-104__x-22402_y-27353_w-78_h-155__ds-1.png,c:\Users\chris\Desktop\University\Thesis\AutomaticMicrogliaMorphologyAnalysis\AnnotationsData\Segmentations\masks\2017-063_Iba1_Temporal pole_Batch 6.vsi - 20x_BF_01\MG_whole\ann-104__x-22402_y-27353_w-78_h-155__ds-1.png,MG_whole,2017-063_Iba1_Temporal pole_Batch 6.vsi - 20x_BF_01,medium
694,c:\Users\chris\Desktop\University\Thesis\AutomaticMicrogliaMorphologyAnalysis\AnnotationsData\Segmentations\images\2017-063_Iba1_Temporal pole_Batch 6.vsi - 20x_BF_01\MG_whole\ann-105__x-22241_y-27415_w-103_h-106__ds-1.png,c:\Users\chris\Desktop\University\Thesis\AutomaticMicrogliaMorphologyAnalysis\AnnotationsData\Segmentations\masks\2017-063_Iba1_Temporal pole_Batch 6.vsi - 20x_BF_01\MG_whole\ann-105__x-22241_y-27415_w-103_h-106__ds-1.png,MG_whole,2017-063_Iba1_Temporal pole_Batch 6.vsi - 20x_BF_01,good
695,c:\Users\chris\Desktop\University\Thesis\AutomaticMicrogliaMorphologyAnalysis\AnnotationsData\Segmentations\images\2017-063_Iba1_Temporal pole_Batch 6.vsi - 20x_BF_01\MG_whole\ann-107__x-21702_y-28025_w-162_h-173__ds-1.png,c:\Users\chris\Desktop\University\Thesis\AutomaticMicrogliaMorphologyAnalysis\AnnotationsData\Segmentations\masks\2017-063_Iba1_Temporal pole_Batch 6.vsi - 20x_BF_01\MG_whole\ann-107__x-21702_y-28025_w-162_h-173__ds-1.png,MG_whole,2017-063_Iba1_Temporal pole_Batch 6.vsi - 20x_BF_01,medium
696,c:\Users\chris\Desktop\University\Thesis\AutomaticMicrogliaMorphologyAnalysis\AnnotationsData\Segmentations\images\2017-063_Iba1_Temporal pole_Batch 6.vsi - 20x_BF_01\MG_whole\ann-109__x-21715_y-26859_w-184_h-166__ds-1.png,c:\Users\chris\Desktop\University\Thesis\AutomaticMicrogliaMorphologyAnalysis\AnnotationsData\Segmentations\masks\2017-063_Iba1_Temporal pole_Batch 6.vsi - 20x_BF_01\MG_whole\ann-109__x-21715_y-26859_w-184_h-166__ds-1.png,MG_whole,2017-063_Iba1_Temporal pole_Batch 6.vsi - 20x_BF_01,medium
697,c:\Users\chris\Desktop\University\Thesis\AutomaticMicrogliaMorphologyAnalysis\AnnotationsData\Segmentations\images\2017-063_Iba1_Temporal pole_Batch 6.vsi - 20x_BF_01\MG_whole\ann-114__x-19715_y-27222_w-119_h-133__ds-1.png,c:\Users\chris\Desktop\University\Thesis\AutomaticMicrogliaMorphologyAnalysis\AnnotationsData\Segmentations\masks\2017-063_Iba1_Temporal pole_Batch 6.vsi - 20x_BF_01\MG_whole\ann-114__x-19715_y-27222_w-119_h-133__ds-1.png,MG_whole,2017-063_Iba1_Temporal pole_Batch 6.vsi - 20x_BF_01,bad
698,c:\Users\chris\Desktop\University\Thesis\AutomaticMicrogliaMorphologyAnalysis\AnnotationsData\Segmentations\images\2017-063_Iba1_Temporal pole_Batch 6.vsi - 20x_BF_01\MG_whole\ann-115__x-19507_y-27435_w-91_h-120__ds-1.png,c:\Users\chris\Desktop\University\Thesis\AutomaticMicrogliaMorphologyAnalysis\AnnotationsData\Segmentations\masks\2017-063_Iba1_Temporal pole_Batch 6.vsi - 20x_BF_01\MG_whole\ann-115__x-19507_y-27435_w-91_h-120__ds-1.png,MG_whole,2017-063_Iba1_Temporal pole_Batch 6.vsi - 20x_BF_01,medium
699,c:\Users\chris\Desktop\University\Thesis\AutomaticMicrogliaMorphologyAnalysis\AnnotationsData\Segmentations\images\2017-063_Iba1_Temporal pole_Batch 6.vsi - 20x_BF_01\MG_whole\ann-116__x-19606_y-27532_w-87_h-128__ds-1.png,c:\Users\chris\Desktop\University\Thesis\AutomaticMicrogliaMorphologyAnalysis\AnnotationsData\Segmentations\masks\2017-063_Iba1_Temporal pole_Batch 6.vsi - 20x_BF_01\MG_whole\ann-116__x-19606_y-27532_w-87_h-128__ds-1.png,MG_whole,2017-063_Iba1_Temporal pole_Batch 6.vsi - 20x_BF_01,good
700,c:\Users\chris\Desktop\University\Thesis\AutomaticMicrogliaMorphologyAnalysis\AnnotationsData\Segmentations\images\2017-063_Iba1_Temporal pole_Batch 6.vsi - 20x_BF_01\MG_whole\ann-117__x-19300_y-27571_w-110_h-95__ds-1.png,c:\Users\chris\Desktop\University\Thesis\AutomaticMicrogliaMorphologyAnalysis\AnnotationsData\Segmentations\masks\2017-063_Iba1_Temporal pole_Batch 6.vsi - 20x_BF_01\MG_whole\ann-117__x-19300_y-27571_w-110_h-95__ds-1.png,MG_whole,2017-063_Iba1_Temporal pole_Batch 6.vsi - 20x_BF_01,good
701,c:\Users\chris\Desktop\University\Thesis\AutomaticMicrogliaMorphologyAnalysis\AnnotationsData\Segmentations\images\2017-063_Iba1_Temporal pole_Batch 6.vsi - 20x_BF_01\MG_whole\ann-119__x-19836_y-26756_w-106_h-141__ds-1.png,c:\Users\chris\Desktop\University\Thesis\AutomaticMicrogliaMorphologyAnalysis\AnnotationsData\Segmentations\masks\2017-063_Iba1_Temporal pole_Batch 6.vsi - 20x_BF_01\MG_whole\ann-119__x-19836_y-26756_w-106_h-141__ds-1.png,MG_whole,2017-063_Iba1_Temporal pole_Batch 6.vsi - 20x_BF_01,good
702,c:\Users\chris\Desktop\University\Thesis\AutomaticMicrogliaMorphologyAnalysis\AnnotationsData\Segmentations\images\2017-063_Iba1_Temporal pole_Batch 6.vsi - 20x_BF_01\MG_whole\ann-11__x-27170_y-26881_w-99_h-126__ds-1.png,c:\Users\chris\Desktop\University\Thesis\AutomaticMicrogliaMorphologyAnalysis\AnnotationsData\Segmentations\masks\2017-063_Iba1_Temporal pole_Batch 6.vsi - 20x_BF_01\MG_whole\ann-11__x-27170_y-26881_w-99_h-126__ds-1.png,MG_whole,2017-063_Iba1_Temporal pole_Batch 6.vsi - 20x_BF_01,good
703,c:\Users\chris\Desktop\University\Thesis\AutomaticMicrogliaMorphologyAnalysis\AnnotationsData\Segmentations\images\2017-063_Iba1_Temporal pole_Batch 6.vsi - 20x_BF_01\MG_whole\ann-126__x-18532_y-28855_w-125_h-167__ds-1.png,c:\Users\chris\Desktop\University\Thesis\AutomaticMicrogliaMorphologyAnalysis\AnnotationsData\Segmentations\masks\2017-063_Iba1_Temporal pole_Batch 6.vsi - 20x_BF_01\MG_whole\ann-126__x-18532_y-28855_w-125_h-167__ds-1.png,MG_whole,2017-063_Iba1_Temporal pole_Batch 6.vsi - 20x_BF_01,medium
704,c:\Users\chris\Desktop\University\Thesis\AutomaticMicrogliaMorphologyAnalysis\AnnotationsData\Segmentations\images\2017-063_Iba1_Temporal pole_Batch 6.vsi - 20x_BF_01\MG_whole\ann-127__x-18617_y-28684_w-158_h-239__ds-1.png,c:\Users\chris\Desktop\University\Thesis\AutomaticMicrogliaMorphologyAnalysis\AnnotationsData\Segmentations\masks\2017-063_Iba1_Temporal pole_Batch 6.vsi - 20x_BF_01\MG_whole\ann-127__x-18617_y-28684_w-158_h-239__ds-1.png,MG_whole,2017-063_Iba1_Temporal pole_Batch 6.vsi - 20x_BF_01,medium
705,c:\Users\chris\Desktop\University\Thesis\AutomaticMicrogliaMorphologyAnalysis\AnnotationsData\Segmentations\images\2017-063_Iba1_Temporal pole_Batch 6.vsi - 20x_BF_01\MG_whole\ann-128__x-18844_y-28359_w-100_h-191__ds-1.png,c:\Users\chris\Desktop\University\Thesis\AutomaticMicrogliaMorphologyAnalysis\AnnotationsData\Segmentations\masks\2017-063_Iba1_Temporal pole_Batch 6.vsi - 20x_BF_01\MG_whole\ann-128__x-18844_y-28359_w-100_h-191__ds-1.png,MG_whole,2017-063_Iba1_Temporal pole_Batch 6.vsi - 20x_BF_01,medium
706,c:\Users\chris\Desktop\University\Thesis\AutomaticMicrogliaMorphologyAnalysis\AnnotationsData\Segmentations\images\2017-063_Iba1_Temporal pole_Batch 6.vsi - 20x_BF_01\MG_whole\ann-129__x-18855_y-28546_w-123_h-138__ds-1.png,c:\Users\chris\Desktop\University\Thesis\AutomaticMicrogliaMorphologyAnalysis\AnnotationsData\Segmentations\masks\2017-063_Iba1_Temporal pole_Batch 6.vsi - 20x_BF_01\MG_whole\ann-129__x-18855_y-28546_w-123_h-138__ds-1.png,MG_whole,2017-063_Iba1_Temporal pole_Batch 6.vsi - 20x_BF_01,medium
707,c:\Users\chris\Desktop\University\Thesis\AutomaticMicrogliaMorphologyAnalysis\AnnotationsData\Segmentations\images\2017-063_Iba1_Temporal pole_Batch 6.vsi - 20x_BF_01\MG_whole\ann-130__x-18690_y-28178_w-136_h-210__ds-1.png,c:\Users\chris\Desktop\University\Thesis\AutomaticMicrogliaMorphologyAnalysis\AnnotationsData\Segmentations\masks\2017-063_Iba1_Temporal pole_Batch 6.vsi - 20x_BF_01\MG_whole\ann-130__x-18690_y-28178_w-136_h-210__ds-1.png,MG_whole,2017-063_Iba1_Temporal pole_Batch 6.vsi - 20x_BF_01,medium
708,c:\Users\chris\Desktop\University\Thesis\AutomaticMicrogliaMorphologyAnalysis\AnnotationsData\Segmentations\images\2017-063_Iba1_Temporal pole_Batch 6.vsi - 20x_BF_01\MG_whole\ann-131__x-18449_y-28184_w-163_h-162__ds-1.png,c:\Users\chris\Desktop\University\Thesis\AutomaticMicrogliaMorphologyAnalysis\AnnotationsData\Segmentations\masks\2017-063_Iba1_Temporal pole_Batch 6.vsi - 20x_BF_01\MG_whole\ann-131__x-18449_y-28184_w-163_h-162__ds-1.png,MG_whole,2017-063_Iba1_Temporal pole_Batch 6.vsi - 20x_BF_01,medium
709,c:\Users\chris\Desktop\University\Thesis\AutomaticMicrogliaMorphologyAnalysis\AnnotationsData\Segmentations\images\2017-063_Iba1_Temporal pole_Batch 6.vsi - 20x_BF_01\MG_whole\ann-133__x-18973_y-28021_w-134_h-124__ds-1.png,c:\Users\chris\Desktop\University\Thesis\AutomaticMicrogliaMorphologyAnalysis\AnnotationsData\Segmentations\masks\2017-063_Iba1_Temporal pole_Batch 6.vsi - 20x_BF_01\MG_whole\ann-133__x-18973_y-28021_w-134_h-124__ds-1.png,MG_whole,2017-063_Iba1_Temporal pole_Batch 6.vsi - 20x_BF_01,medium
710,c:\Users\chris\Desktop\University\Thesis\AutomaticMicrogliaMorphologyAnalysis\AnnotationsData\Segmentations\images\2017-063_Iba1_Temporal pole_Batch 6.vsi - 20x_BF_01\MG_whole\ann-135__x-18067_y-29002_w-189_h-175__ds-1.png,c:\Users\chris\Desktop\University\Thesis\AutomaticMicrogliaMorphologyAnalysis\AnnotationsData\Segmentations\masks\2017-063_Iba1_Temporal pole_Batch 6.vsi - 20x_BF_01\MG_whole\ann-135__x-18067_y-29002_w-189_h-175__ds-1.png,MG_whole,2017-063_Iba1_Temporal pole_Batch 6.vsi - 20x_BF_01,good
711,c:\Users\chris\Desktop\University\Thesis\AutomaticMicrogliaMorphologyAnalysis\AnnotationsData\Segmentations\images\2017-063_Iba1_Temporal pole_Batch 6.vsi - 20x_BF_01\MG_whole\ann-137__x-20010_y-25329_w-166_h-137__ds-1.png,c:\Users\chris\Desktop\University\Thesis\AutomaticMicrogliaMorphologyAnalysis\AnnotationsData\Segmentations\masks\2017-063_Iba1_Temporal pole_Batch 6.vsi - 20x_BF_01\MG_whole\ann-137__x-20010_y-25329_w-166_h-137__ds-1.png,MG_whole,2017-063_Iba1_Temporal pole_Batch 6.vsi - 20x_BF_01,medium
712,c:\Users\chris\Desktop\University\Thesis\AutomaticMicrogliaMorphologyAnalysis\AnnotationsData\Segmentations\images\2017-063_Iba1_Temporal pole_Batch 6.vsi - 20x_BF_01\MG_whole\ann-139__x-19991_y-25607_w-64_h-46__ds-1.png,c:\Users\chris\Desktop\University\Thesis\AutomaticMicrogliaMorphologyAnalysis\AnnotationsData\Segmentations\masks\2017-063_Iba1_Temporal pole_Batch 6.vsi - 20x_BF_01\MG_whole\ann-139__x-19991_y-25607_w-64_h-46__ds-1.png,MG_whole,2017-063_Iba1_Temporal pole_Batch 6.vsi - 20x_BF_01,bad_image_quality
713,c:\Users\chris\Desktop\University\Thesis\AutomaticMicrogliaMorphologyAnalysis\AnnotationsData\Segmentations\images\2017-063_Iba1_Temporal pole_Batch 6.vsi - 20x_BF_01\MG_whole\ann-13__x-26646_y-26619_w-73_h-137__ds-1.png,c:\Users\chris\Desktop\University\Thesis\AutomaticMicrogliaMorphologyAnalysis\AnnotationsData\Segmentations\masks\2017-063_Iba1_Temporal pole_Batch 6.vsi - 20x_BF_01\MG_whole\ann-13__x-26646_y-26619_w-73_h-137__ds-1.png,MG_whole,2017-063_Iba1_Temporal pole_Batch 6.vsi - 20x_BF_01,good
714,c:\Users\chris\Desktop\University\Thesis\AutomaticMicrogliaMorphologyAnalysis\AnnotationsData\Segmentations\images\2017-063_Iba1_Temporal pole_Batch 6.vsi - 20x_BF_01\MG_whole\ann-141__x-20246_y-25623_w-111_h-100__ds-1.png,c:\Users\chris\Desktop\University\Thesis\AutomaticMicrogliaMorphologyAnalysis\AnnotationsData\Segmentations\masks\2017-063_Iba1_Temporal pole_Batch 6.vsi - 20x_BF_01\MG_whole\ann-141__x-20246_y-25623_w-111_h-100__ds-1.png,MG_whole,2017-063_Iba1_Temporal pole_Batch 6.vsi - 20x_BF_01,bad_image_quality
715,c:\Users\chris\Desktop\University\Thesis\AutomaticMicrogliaMorphologyAnalysis\AnnotationsData\Segmentations\images\2017-063_Iba1_Temporal pole_Batch 6.vsi - 20x_BF_01\MG_whole\ann-143__x-20271_y-25990_w-144_h-139__ds-1.png,c:\Users\chris\Desktop\University\Thesis\AutomaticMicrogliaMorphologyAnalysis\AnnotationsData\Segmentations\masks\2017-063_Iba1_Temporal pole_Batch 6.vsi - 20x_BF_01\MG_whole\ann-143__x-20271_y-25990_w-144_h-139__ds-1.png,MG_whole,2017-063_Iba1_Temporal pole_Batch 6.vsi - 20x_BF_01,good
716,c:\Users\chris\Desktop\University\Thesis\AutomaticMicrogliaMorphologyAnalysis\AnnotationsData\Segmentations\images\2017-063_Iba1_Temporal pole_Batch 6.vsi - 20x_BF_01\MG_whole\ann-146__x-22463_y-23593_w-144_h-100__ds-1.png,c:\Users\chris\Desktop\University\Thesis\AutomaticMicrogliaMorphologyAnalysis\AnnotationsData\Segmentations\masks\2017-063_Iba1_Temporal pole_Batch 6.vsi - 20x_BF_01\MG_whole\ann-146__x-22463_y-23593_w-144_h-100__ds-1.png,MG_whole,2017-063_Iba1_Temporal pole_Batch 6.vsi - 20x_BF_01,good
717,c:\Users\chris\Desktop\University\Thesis\AutomaticMicrogliaMorphologyAnalysis\AnnotationsData\Segmentations\images\2017-063_Iba1_Temporal pole_Batch 6.vsi - 20x_BF_01\MG_whole\ann-147__x-22559_y-23491_w-131_h-77__ds-1.png,c:\Users\chris\Desktop\University\Thesis\AutomaticMicrogliaMorphologyAnalysis\AnnotationsData\Segmentations\masks\2017-063_Iba1_Temporal pole_Batch 6.vsi - 20x_BF_01\MG_whole\ann-147__x-22559_y-23491_w-131_h-77__ds-1.png,MG_whole,2017-063_Iba1_Temporal pole_Batch 6.vsi - 20x_BF_01,medium
718,c:\Users\chris\Desktop\University\Thesis\AutomaticMicrogliaMorphologyAnalysis\AnnotationsData\Segmentations\images\2017-063_Iba1_Temporal pole_Batch 6.vsi - 20x_BF_01\MG_whole\ann-149__x-24179_y-23982_w-160_h-308__ds-1.png,c:\Users\chris\Desktop\University\Thesis\AutomaticMicrogliaMorphologyAnalysis\AnnotationsData\Segmentations\masks\2017-063_Iba1_Temporal pole_Batch 6.vsi - 20x_BF_01\MG_whole\ann-149__x-24179_y-23982_w-160_h-308__ds-1.png,MG_whole,2017-063_Iba1_Temporal pole_Batch 6.vsi - 20x_BF_01,medium
719,c:\Users\chris\Desktop\University\Thesis\AutomaticMicrogliaMorphologyAnalysis\AnnotationsData\Segmentations\images\2017-063_Iba1_Temporal pole_Batch 6.vsi - 20x_BF_01\MG_whole\ann-151__x-23974_y-23395_w-122_h-186__ds-1.png,c:\Users\chris\Desktop\University\Thesis\AutomaticMicrogliaMorphologyAnalysis\AnnotationsData\Segmentations\masks\2017-063_Iba1_Temporal pole_Batch 6.vsi - 20x_BF_01\MG_whole\ann-151__x-23974_y-23395_w-122_h-186__ds-1.png,MG_whole,2017-063_Iba1_Temporal pole_Batch 6.vsi - 20x_BF_01,medium
720,c:\Users\chris\Desktop\University\Thesis\AutomaticMicrogliaMorphologyAnalysis\AnnotationsData\Segmentations\images\2017-063_Iba1_Temporal pole_Batch 6.vsi - 20x_BF_01\MG_whole\ann-156__x-24353_y-24797_w-143_h-259__ds-1.png,c:\Users\chris\Desktop\University\Thesis\AutomaticMicrogliaMorphologyAnalysis\AnnotationsData\Segmentations\masks\2017-063_Iba1_Temporal pole_Batch 6.vsi - 20x_BF_01\MG_whole\ann-156__x-24353_y-24797_w-143_h-259__ds-1.png,MG_whole,2017-063_Iba1_Temporal pole_Batch 6.vsi - 20x_BF_01,medium
721,c:\Users\chris\Desktop\University\Thesis\AutomaticMicrogliaMorphologyAnalysis\AnnotationsData\Segmentations\images\2017-063_Iba1_Temporal pole_Batch 6.vsi - 20x_BF_01\MG_whole\ann-157__x-25360_y-24728_w-166_h-161__ds-1.png,c:\Users\chris\Desktop\University\Thesis\AutomaticMicrogliaMorphologyAnalysis\AnnotationsData\Segmentations\masks\2017-063_Iba1_Temporal pole_Batch 6.vsi - 20x_BF_01\MG_whole\ann-157__x-25360_y-24728_w-166_h-161__ds-1.png,MG_whole,2017-063_Iba1_Temporal pole_Batch 6.vsi - 20x_BF_01,medium
722,c:\Users\chris\Desktop\University\Thesis\AutomaticMicrogliaMorphologyAnalysis\AnnotationsData\Segmentations\images\2017-063_Iba1_Temporal pole_Batch 6.vsi - 20x_BF_01\MG_whole\ann-158__x-25200_y-24775_w-90_h-138__ds-1.png,c:\Users\chris\Desktop\University\Thesis\AutomaticMicrogliaMorphologyAnalysis\AnnotationsData\Segmentations\masks\2017-063_Iba1_Temporal pole_Batch 6.vsi - 20x_BF_01\MG_whole\ann-158__x-25200_y-24775_w-90_h-138__ds-1.png,MG_whole,2017-063_Iba1_Temporal pole_Batch 6.vsi - 20x_BF_01,medium
723,c:\Users\chris\Desktop\University\Thesis\AutomaticMicrogliaMorphologyAnalysis\AnnotationsData\Segmentations\images\2017-063_Iba1_Temporal pole_Batch 6.vsi - 20x_BF_01\MG_whole\ann-159__x-25262_y-24498_w-75_h-125__ds-1.png,c:\Users\chris\Desktop\University\Thesis\AutomaticMicrogliaMorphologyAnalysis\AnnotationsData\Segmentations\masks\2017-063_Iba1_Temporal pole_Batch 6.vsi - 20x_BF_01\MG_whole\ann-159__x-25262_y-24498_w-75_h-125__ds-1.png,MG_whole,2017-063_Iba1_Temporal pole_Batch 6.vsi - 20x_BF_01,good
724,c:\Users\chris\Desktop\University\Thesis\AutomaticMicrogliaMorphologyAnalysis\AnnotationsData\Segmentations\images\2017-063_Iba1_Temporal pole_Batch 6.vsi - 20x_BF_01\MG_whole\ann-15__x-26370_y-26283_w-79_h-130__ds-1.png,c:\Users\chris\Desktop\University\Thesis\AutomaticMicrogliaMorphologyAnalysis\AnnotationsData\Segmentations\masks\2017-063_Iba1_Temporal pole_Batch 6.vsi - 20x_BF_01\MG_whole\ann-15__x-26370_y-26283_w-79_h-130__ds-1.png,MG_whole,2017-063_Iba1_Temporal pole_Batch 6.vsi - 20x_BF_01,medium
725,c:\Users\chris\Desktop\University\Thesis\AutomaticMicrogliaMorphologyAnalysis\AnnotationsData\Segmentations\images\2017-063_Iba1_Temporal pole_Batch 6.vsi - 20x_BF_01\MG_whole\ann-161__x-25007_y-24815_w-121_h-157__ds-1.png,c:\Users\chris\Desktop\University\Thesis\AutomaticMicrogliaMorphologyAnalysis\AnnotationsData\Segmentations\masks\2017-063_Iba1_Temporal pole_Batch 6.vsi - 20x_BF_01\MG_whole\ann-161__x-25007_y-24815_w-121_h-157__ds-1.png,MG_whole,2017-063_Iba1_Temporal pole_Batch 6.vsi - 20x_BF_01,medium
726,c:\Users\chris\Desktop\University\Thesis\AutomaticMicrogliaMorphologyAnalysis\AnnotationsData\Segmentations\images\2017-063_Iba1_Temporal pole_Batch 6.vsi - 20x_BF_01\MG_whole\ann-164__x-27464_y-24968_w-125_h-214__ds-1.png,c:\Users\chris\Desktop\University\Thesis\AutomaticMicrogliaMorphologyAnalysis\AnnotationsData\Segmentations\masks\2017-063_Iba1_Temporal pole_Batch 6.vsi - 20x_BF_01\MG_whole\ann-164__x-27464_y-24968_w-125_h-214__ds-1.png,MG_whole,2017-063_Iba1_Temporal pole_Batch 6.vsi - 20x_BF_01,medium
727,c:\Users\chris\Desktop\University\Thesis\AutomaticMicrogliaMorphologyAnalysis\AnnotationsData\Segmentations\images\2017-063_Iba1_Temporal pole_Batch 6.vsi - 20x_BF_01\MG_whole\ann-165__x-27898_y-25421_w-115_h-96__ds-1.png,c:\Users\chris\Desktop\University\Thesis\AutomaticMicrogliaMorphologyAnalysis\AnnotationsData\Segmentations\masks\2017-063_Iba1_Temporal pole_Batch 6.vsi - 20x_BF_01\MG_whole\ann-165__x-27898_y-25421_w-115_h-96__ds-1.png,MG_whole,2017-063_Iba1_Temporal pole_Batch 6.vsi - 20x_BF_01,bad_image_quality
728,c:\Users\chris\Desktop\University\Thesis\AutomaticMicrogliaMorphologyAnalysis\AnnotationsData\Segmentations\images\2017-063_Iba1_Temporal pole_Batch 6.vsi - 20x_BF_01\MG_whole\ann-168__x-27844_y-24199_w-158_h-167__ds-1.png,c:\Users\chris\Desktop\University\Thesis\AutomaticMicrogliaMorphologyAnalysis\AnnotationsData\Segmentations\masks\2017-063_Iba1_Temporal pole_Batch 6.vsi - 20x_BF_01\MG_whole\ann-168__x-27844_y-24199_w-158_h-167__ds-1.png,MG_whole,2017-063_Iba1_Temporal pole_Batch 6.vsi - 20x_BF_01,medium
729,c:\Users\chris\Desktop\University\Thesis\AutomaticMicrogliaMorphologyAnalysis\AnnotationsData\Segmentations\images\2017-063_Iba1_Temporal pole_Batch 6.vsi - 20x_BF_01\MG_whole\ann-169__x-27858_y-24564_w-129_h-95__ds-1.png,c:\Users\chris\Desktop\University\Thesis\AutomaticMicrogliaMorphologyAnalysis\AnnotationsData\Segmentations\masks\2017-063_Iba1_Temporal pole_Batch 6.vsi - 20x_BF_01\MG_whole\ann-169__x-27858_y-24564_w-129_h-95__ds-1.png,MG_whole,2017-063_Iba1_Temporal pole_Batch 6.vsi - 20x_BF_01,medium
730,c:\Users\chris\Desktop\University\Thesis\AutomaticMicrogliaMorphologyAnalysis\AnnotationsData\Segmentations\images\2017-063_Iba1_Temporal pole_Batch 6.vsi - 20x_BF_01\MG_whole\ann-171__x-23132_y-26426_w-139_h-180__ds-1.png,c:\Users\chris\Desktop\University\Thesis\AutomaticMicrogliaMorphologyAnalysis\AnnotationsData\Segmentations\masks\2017-063_Iba1_Temporal pole_Batch 6.vsi - 20x_BF_01\MG_whole\ann-171__x-23132_y-26426_w-139_h-180__ds-1.png,MG_whole,2017-063_Iba1_Temporal pole_Batch 6.vsi - 20x_BF_01,medium
731,c:\Users\chris\Desktop\University\Thesis\AutomaticMicrogliaMorphologyAnalysis\AnnotationsData\Segmentations\images\2017-063_Iba1_Temporal pole_Batch 6.vsi - 20x_BF_01\MG_whole\ann-173__x-27551_y-25226_w-83_h-65__ds-1.png,c:\Users\chris\Desktop\University\Thesis\AutomaticMicrogliaMorphologyAnalysis\AnnotationsData\Segmentations\masks\2017-063_Iba1_Temporal pole_Batch 6.vsi - 20x_BF_01\MG_whole\ann-173__x-27551_y-25226_w-83_h-65__ds-1.png,MG_whole,2017-063_Iba1_Temporal pole_Batch 6.vsi - 20x_BF_01,medium
732,c:\Users\chris\Desktop\University\Thesis\AutomaticMicrogliaMorphologyAnalysis\AnnotationsData\Segmentations\images\2017-063_Iba1_Temporal pole_Batch 6.vsi - 20x_BF_01\MG_whole\ann-175__x-27887_y-24721_w-69_h-188__ds-1.png,c:\Users\chris\Desktop\University\Thesis\AutomaticMicrogliaMorphologyAnalysis\AnnotationsData\Segmentations\masks\2017-063_Iba1_Temporal pole_Batch 6.vsi - 20x_BF_01\MG_whole\ann-175__x-27887_y-24721_w-69_h-188__ds-1.png,MG_whole,2017-063_Iba1_Temporal pole_Batch 6.vsi - 20x_BF_01,medium
733,c:\Users\chris\Desktop\University\Thesis\AutomaticMicrogliaMorphologyAnalysis\AnnotationsData\Segmentations\images\2017-063_Iba1_Temporal pole_Batch 6.vsi - 20x_BF_01\MG_whole\ann-177__x-27741_y-24837_w-102_h-155__ds-1.png,c:\Users\chris\Desktop\University\Thesis\AutomaticMicrogliaMorphologyAnalysis\AnnotationsData\Segmentations\masks\2017-063_Iba1_Temporal pole_Batch 6.vsi - 20x_BF_01\MG_whole\ann-177__x-27741_y-24837_w-102_h-155__ds-1.png,MG_whole,2017-063_Iba1_Temporal pole_Batch 6.vsi - 20x_BF_01,good
734,c:\Users\chris\Desktop\University\Thesis\AutomaticMicrogliaMorphologyAnalysis\AnnotationsData\Segmentations\images\2017-063_Iba1_Temporal pole_Batch 6.vsi - 20x_BF_01\MG_whole\ann-179__x-26941_y-23994_w-193_h-180__ds-1.png,c:\Users\chris\Desktop\University\Thesis\AutomaticMicrogliaMorphologyAnalysis\AnnotationsData\Segmentations\masks\2017-063_Iba1_Temporal pole_Batch 6.vsi - 20x_BF_01\MG_whole\ann-179__x-26941_y-23994_w-193_h-180__ds-1.png,MG_whole,2017-063_Iba1_Temporal pole_Batch 6.vsi - 20x_BF_01,good
735,c:\Users\chris\Desktop\University\Thesis\AutomaticMicrogliaMorphologyAnalysis\AnnotationsData\Segmentations\images\2017-063_Iba1_Temporal pole_Batch 6.vsi - 20x_BF_01\MG_whole\ann-17__x-26071_y-26412_w-133_h-129__ds-1.png,c:\Users\chris\Desktop\University\Thesis\AutomaticMicrogliaMorphologyAnalysis\AnnotationsData\Segmentations\masks\2017-063_Iba1_Temporal pole_Batch 6.vsi - 20x_BF_01\MG_whole\ann-17__x-26071_y-26412_w-133_h-129__ds-1.png,MG_whole,2017-063_Iba1_Temporal pole_Batch 6.vsi - 20x_BF_01,good
736,c:\Users\chris\Desktop\University\Thesis\AutomaticMicrogliaMorphologyAnalysis\AnnotationsData\Segmentations\images\2017-063_Iba1_Temporal pole_Batch 6.vsi - 20x_BF_01\MG_whole\ann-181__x-26832_y-23344_w-176_h-115__ds-1.png,c:\Users\chris\Desktop\University\Thesis\AutomaticMicrogliaMorphologyAnalysis\AnnotationsData\Segmentations\masks\2017-063_Iba1_Temporal pole_Batch 6.vsi - 20x_BF_01\MG_whole\ann-181__x-26832_y-23344_w-176_h-115__ds-1.png,MG_whole,2017-063_Iba1_Temporal pole_Batch 6.vsi - 20x_BF_01,good
737,c:\Users\chris\Desktop\University\Thesis\AutomaticMicrogliaMorphologyAnalysis\AnnotationsData\Segmentations\images\2017-063_Iba1_Temporal pole_Batch 6.vsi - 20x_BF_01\MG_whole\ann-183__x-25672_y-24089_w-125_h-200__ds-1.png,c:\Users\chris\Desktop\University\Thesis\AutomaticMicrogliaMorphologyAnalysis\AnnotationsData\Segmentations\masks\2017-063_Iba1_Temporal pole_Batch 6.vsi - 20x_BF_01\MG_whole\ann-183__x-25672_y-24089_w-125_h-200__ds-1.png,MG_whole,2017-063_Iba1_Temporal pole_Batch 6.vsi - 20x_BF_01,medium
738,c:\Users\chris\Desktop\University\Thesis\AutomaticMicrogliaMorphologyAnalysis\AnnotationsData\Segmentations\images\2017-063_Iba1_Temporal pole_Batch 6.vsi - 20x_BF_01\MG_whole\ann-185__x-25616_y-23253_w-96_h-195__ds-1.png,c:\Users\chris\Desktop\University\Thesis\AutomaticMicrogliaMorphologyAnalysis\AnnotationsData\Segmentations\masks\2017-063_Iba1_Temporal pole_Batch 6.vsi - 20x_BF_01\MG_whole\ann-185__x-25616_y-23253_w-96_h-195__ds-1.png,MG_whole,2017-063_Iba1_Temporal pole_Batch 6.vsi - 20x_BF_01,medium
739,c:\Users\chris\Desktop\University\Thesis\AutomaticMicrogliaMorphologyAnalysis\AnnotationsData\Segmentations\images\2017-063_Iba1_Temporal pole_Batch 6.vsi - 20x_BF_01\MG_whole\ann-187__x-26066_y-23628_w-112_h-91__ds-1.png,c:\Users\chris\Desktop\University\Thesis\AutomaticMicrogliaMorphologyAnalysis\AnnotationsData\Segmentations\masks\2017-063_Iba1_Temporal pole_Batch 6.vsi - 20x_BF_01\MG_whole\ann-187__x-26066_y-23628_w-112_h-91__ds-1.png,MG_whole,2017-063_Iba1_Temporal pole_Batch 6.vsi - 20x_BF_01,bad_image_quality
740,c:\Users\chris\Desktop\University\Thesis\AutomaticMicrogliaMorphologyAnalysis\AnnotationsData\Segmentations\images\2017-063_Iba1_Temporal pole_Batch 6.vsi - 20x_BF_01\MG_whole\ann-189__x-25591_y-23665_w-115_h-86__ds-1.png,c:\Users\chris\Desktop\University\Thesis\AutomaticMicrogliaMorphologyAnalysis\AnnotationsData\Segmentations\masks\2017-063_Iba1_Temporal pole_Batch 6.vsi - 20x_BF_01\MG_whole\ann-189__x-25591_y-23665_w-115_h-86__ds-1.png,MG_whole,2017-063_Iba1_Temporal pole_Batch 6.vsi - 20x_BF_01,medium
741,c:\Users\chris\Desktop\University\Thesis\AutomaticMicrogliaMorphologyAnalysis\AnnotationsData\Segmentations\images\2017-063_Iba1_Temporal pole_Batch 6.vsi - 20x_BF_01\MG_whole\ann-191__x-26062_y-23053_w-132_h-176__ds-1.png,c:\Users\chris\Desktop\University\Thesis\AutomaticMicrogliaMorphologyAnalysis\AnnotationsData\Segmentations\masks\2017-063_Iba1_Temporal pole_Batch 6.vsi - 20x_BF_01\MG_whole\ann-191__x-26062_y-23053_w-132_h-176__ds-1.png,MG_whole,2017-063_Iba1_Temporal pole_Batch 6.vsi - 20x_BF_01,medium
742,c:\Users\chris\Desktop\University\Thesis\AutomaticMicrogliaMorphologyAnalysis\AnnotationsData\Segmentations\images\2017-063_Iba1_Temporal pole_Batch 6.vsi - 20x_BF_01\MG_whole\ann-194__x-23937_y-25351_w-116_h-140__ds-1.png,c:\Users\chris\Desktop\University\Thesis\AutomaticMicrogliaMorphologyAnalysis\AnnotationsData\Segmentations\masks\2017-063_Iba1_Temporal pole_Batch 6.vsi - 20x_BF_01\MG_whole\ann-194__x-23937_y-25351_w-116_h-140__ds-1.png,MG_whole,2017-063_Iba1_Temporal pole_Batch 6.vsi - 20x_BF_01,medium
743,c:\Users\chris\Desktop\University\Thesis\AutomaticMicrogliaMorphologyAnalysis\AnnotationsData\Segmentations\images\2017-063_Iba1_Temporal pole_Batch 6.vsi - 20x_BF_01\MG_whole\ann-195__x-24130_y-25276_w-129_h-186__ds-1.png,c:\Users\chris\Desktop\University\Thesis\AutomaticMicrogliaMorphologyAnalysis\AnnotationsData\Segmentations\masks\2017-063_Iba1_Temporal pole_Batch 6.vsi - 20x_BF_01\MG_whole\ann-195__x-24130_y-25276_w-129_h-186__ds-1.png,MG_whole,2017-063_Iba1_Temporal pole_Batch 6.vsi - 20x_BF_01,medium
744,c:\Users\chris\Desktop\University\Thesis\AutomaticMicrogliaMorphologyAnalysis\AnnotationsData\Segmentations\images\2017-063_Iba1_Temporal pole_Batch 6.vsi - 20x_BF_01\MG_whole\ann-197__x-22738_y-23828_w-106_h-160__ds-1.png,c:\Users\chris\Desktop\University\Thesis\AutomaticMicrogliaMorphologyAnalysis\AnnotationsData\Segmentations\masks\2017-063_Iba1_Temporal pole_Batch 6.vsi - 20x_BF_01\MG_whole\ann-197__x-22738_y-23828_w-106_h-160__ds-1.png,MG_whole,2017-063_Iba1_Temporal pole_Batch 6.vsi - 20x_BF_01,medium
745,c:\Users\chris\Desktop\University\Thesis\AutomaticMicrogliaMorphologyAnalysis\AnnotationsData\Segmentations\images\2017-063_Iba1_Temporal pole_Batch 6.vsi - 20x_BF_01\MG_whole\ann-199__x-23707_y-27371_w-152_h-226__ds-1.png,c:\Users\chris\Desktop\University\Thesis\AutomaticMicrogliaMorphologyAnalysis\AnnotationsData\Segmentations\masks\2017-063_Iba1_Temporal pole_Batch 6.vsi - 20x_BF_01\MG_whole\ann-199__x-23707_y-27371_w-152_h-226__ds-1.png,MG_whole,2017-063_Iba1_Temporal pole_Batch 6.vsi - 20x_BF_01,medium
746,c:\Users\chris\Desktop\University\Thesis\AutomaticMicrogliaMorphologyAnalysis\AnnotationsData\Segmentations\images\2017-063_Iba1_Temporal pole_Batch 6.vsi - 20x_BF_01\MG_whole\ann-19__x-26234_y-27029_w-126_h-138__ds-1.png,c:\Users\chris\Desktop\University\Thesis\AutomaticMicrogliaMorphologyAnalysis\AnnotationsData\Segmentations\masks\2017-063_Iba1_Temporal pole_Batch 6.vsi - 20x_BF_01\MG_whole\ann-19__x-26234_y-27029_w-126_h-138__ds-1.png,MG_whole,2017-063_Iba1_Temporal pole_Batch 6.vsi - 20x_BF_01,good
747,c:\Users\chris\Desktop\University\Thesis\AutomaticMicrogliaMorphologyAnalysis\AnnotationsData\Segmentations\images\2017-063_Iba1_Temporal pole_Batch 6.vsi - 20x_BF_01\MG_whole\ann-1__x-28204_y-26757_w-127_h-203__ds-1.png,c:\Users\chris\Desktop\University\Thesis\AutomaticMicrogliaMorphologyAnalysis\AnnotationsData\Segmentations\masks\2017-063_Iba1_Temporal pole_Batch 6.vsi - 20x_BF_01\MG_whole\ann-1__x-28204_y-26757_w-127_h-203__ds-1.png,MG_whole,2017-063_Iba1_Temporal pole_Batch 6.vsi - 20x_BF_01,medium
748,c:\Users\chris\Desktop\University\Thesis\AutomaticMicrogliaMorphologyAnalysis\AnnotationsData\Segmentations\images\2017-063_Iba1_Temporal pole_Batch 6.vsi - 20x_BF_01\MG_whole\ann-202__x-29525_y-27237_w-65_h-101__ds-1.png,c:\Users\chris\Desktop\University\Thesis\AutomaticMicrogliaMorphologyAnalysis\AnnotationsData\Segmentations\masks\2017-063_Iba1_Temporal pole_Batch 6.vsi - 20x_BF_01\MG_whole\ann-202__x-29525_y-27237_w-65_h-101__ds-1.png,MG_whole,2017-063_Iba1_Temporal pole_Batch 6.vsi - 20x_BF_01,good
749,c:\Users\chris\Desktop\University\Thesis\AutomaticMicrogliaMorphologyAnalysis\AnnotationsData\Segmentations\images\2017-063_Iba1_Temporal pole_Batch 6.vsi - 20x_BF_01\MG_whole\ann-203__x-29691_y-27273_w-77_h-141__ds-1.png,c:\Users\chris\Desktop\University\Thesis\AutomaticMicrogliaMorphologyAnalysis\AnnotationsData\Segmentations\masks\2017-063_Iba1_Temporal pole_Batch 6.vsi - 20x_BF_01\MG_whole\ann-203__x-29691_y-27273_w-77_h-141__ds-1.png,MG_whole,2017-063_Iba1_Temporal pole_Batch 6.vsi - 20x_BF_01,medium
750,c:\Users\chris\Desktop\University\Thesis\AutomaticMicrogliaMorphologyAnalysis\AnnotationsData\Segmentations\images\2017-063_Iba1_Temporal pole_Batch 6.vsi - 20x_BF_01\MG_whole\ann-205__x-29012_y-26469_w-177_h-161__ds-1.png,c:\Users\chris\Desktop\University\Thesis\AutomaticMicrogliaMorphologyAnalysis\AnnotationsData\Segmentations\masks\2017-063_Iba1_Temporal pole_Batch 6.vsi - 20x_BF_01\MG_whole\ann-205__x-29012_y-26469_w-177_h-161__ds-1.png,MG_whole,2017-063_Iba1_Temporal pole_Batch 6.vsi - 20x_BF_01,medium
751,c:\Users\chris\Desktop\University\Thesis\AutomaticMicrogliaMorphologyAnalysis\AnnotationsData\Segmentations\images\2017-063_Iba1_Temporal pole_Batch 6.vsi - 20x_BF_01\MG_whole\ann-207__x-29246_y-25594_w-168_h-230__ds-1.png,c:\Users\chris\Desktop\University\Thesis\AutomaticMicrogliaMorphologyAnalysis\AnnotationsData\Segmentations\masks\2017-063_Iba1_Temporal pole_Batch 6.vsi - 20x_BF_01\MG_whole\ann-207__x-29246_y-25594_w-168_h-230__ds-1.png,MG_whole,2017-063_Iba1_Temporal pole_Batch 6.vsi - 20x_BF_01,good
752,c:\Users\chris\Desktop\University\Thesis\AutomaticMicrogliaMorphologyAnalysis\AnnotationsData\Segmentations\images\2017-063_Iba1_Temporal pole_Batch 6.vsi - 20x_BF_01\MG_whole\ann-209__x-29226_y-25262_w-82_h-131__ds-1.png,c:\Users\chris\Desktop\University\Thesis\AutomaticMicrogliaMorphologyAnalysis\AnnotationsData\Segmentations\masks\2017-063_Iba1_Temporal pole_Batch 6.vsi - 20x_BF_01\MG_whole\ann-209__x-29226_y-25262_w-82_h-131__ds-1.png,MG_whole,2017-063_Iba1_Temporal pole_Batch 6.vsi - 20x_BF_01,medium
753,c:\Users\chris\Desktop\University\Thesis\AutomaticMicrogliaMorphologyAnalysis\AnnotationsData\Segmentations\images\2017-063_Iba1_Temporal pole_Batch 6.vsi - 20x_BF_01\MG_whole\ann-211__x-30792_y-26252_w-145_h-125__ds-1.png,c:\Users\chris\Desktop\University\Thesis\AutomaticMicrogliaMorphologyAnalysis\AnnotationsData\Segmentations\masks\2017-063_Iba1_Temporal pole_Batch 6.vsi - 20x_BF_01\MG_whole\ann-211__x-30792_y-26252_w-145_h-125__ds-1.png,MG_whole,2017-063_Iba1_Temporal pole_Batch 6.vsi - 20x_BF_01,medium
754,c:\Users\chris\Desktop\University\Thesis\AutomaticMicrogliaMorphologyAnalysis\AnnotationsData\Segmentations\images\2017-063_Iba1_Temporal pole_Batch 6.vsi - 20x_BF_01\MG_whole\ann-213__x-31340_y-25887_w-117_h-160__ds-1.png,c:\Users\chris\Desktop\University\Thesis\AutomaticMicrogliaMorphologyAnalysis\AnnotationsData\Segmentations\masks\2017-063_Iba1_Temporal pole_Batch 6.vsi - 20x_BF_01\MG_whole\ann-213__x-31340_y-25887_w-117_h-160__ds-1.png,MG_whole,2017-063_Iba1_Temporal pole_Batch 6.vsi - 20x_BF_01,medium
755,c:\Users\chris\Desktop\University\Thesis\AutomaticMicrogliaMorphologyAnalysis\AnnotationsData\Segmentations\images\2017-063_Iba1_Temporal pole_Batch 6.vsi - 20x_BF_01\MG_whole\ann-215__x-31978_y-27145_w-155_h-220__ds-1.png,c:\Users\chris\Desktop\University\Thesis\AutomaticMicrogliaMorphologyAnalysis\AnnotationsData\Segmentations\masks\2017-063_Iba1_Temporal pole_Batch 6.vsi - 20x_BF_01\MG_whole\ann-215__x-31978_y-27145_w-155_h-220__ds-1.png,MG_whole,2017-063_Iba1_Temporal pole_Batch 6.vsi - 20x_BF_01,medium
756,c:\Users\chris\Desktop\University\Thesis\AutomaticMicrogliaMorphologyAnalysis\AnnotationsData\Segmentations\images\2017-063_Iba1_Temporal pole_Batch 6.vsi - 20x_BF_01\MG_whole\ann-218__x-32790_y-27536_w-75_h-141__ds-1.png,c:\Users\chris\Desktop\University\Thesis\AutomaticMicrogliaMorphologyAnalysis\AnnotationsData\Segmentations\masks\2017-063_Iba1_Temporal pole_Batch 6.vsi - 20x_BF_01\MG_whole\ann-218__x-32790_y-27536_w-75_h-141__ds-1.png,MG_whole,2017-063_Iba1_Temporal pole_Batch 6.vsi - 20x_BF_01,medium
757,c:\Users\chris\Desktop\University\Thesis\AutomaticMicrogliaMorphologyAnalysis\AnnotationsData\Segmentations\images\2017-063_Iba1_Temporal pole_Batch 6.vsi - 20x_BF_01\MG_whole\ann-219__x-33109_y-27436_w-91_h-146__ds-1.png,c:\Users\chris\Desktop\University\Thesis\AutomaticMicrogliaMorphologyAnalysis\AnnotationsData\Segmentations\masks\2017-063_Iba1_Temporal pole_Batch 6.vsi - 20x_BF_01\MG_whole\ann-219__x-33109_y-27436_w-91_h-146__ds-1.png,MG_whole,2017-063_Iba1_Temporal pole_Batch 6.vsi - 20x_BF_01,good
758,c:\Users\chris\Desktop\University\Thesis\AutomaticMicrogliaMorphologyAnalysis\AnnotationsData\Segmentations\images\2017-063_Iba1_Temporal pole_Batch 6.vsi - 20x_BF_01\MG_whole\ann-21__x-25808_y-26849_w-91_h-96__ds-1.png,c:\Users\chris\Desktop\University\Thesis\AutomaticMicrogliaMorphologyAnalysis\AnnotationsData\Segmentations\masks\2017-063_Iba1_Temporal pole_Batch 6.vsi - 20x_BF_01\MG_whole\ann-21__x-25808_y-26849_w-91_h-96__ds-1.png,MG_whole,2017-063_Iba1_Temporal pole_Batch 6.vsi - 20x_BF_01,good
759,c:\Users\chris\Desktop\University\Thesis\AutomaticMicrogliaMorphologyAnalysis\AnnotationsData\Segmentations\images\2017-063_Iba1_Temporal pole_Batch 6.vsi - 20x_BF_01\MG_whole\ann-221__x-28762_y-28308_w-189_h-227__ds-1.png,c:\Users\chris\Desktop\University\Thesis\AutomaticMicrogliaMorphologyAnalysis\AnnotationsData\Segmentations\masks\2017-063_Iba1_Temporal pole_Batch 6.vsi - 20x_BF_01\MG_whole\ann-221__x-28762_y-28308_w-189_h-227__ds-1.png,MG_whole,2017-063_Iba1_Temporal pole_Batch 6.vsi - 20x_BF_01,good
760,c:\Users\chris\Desktop\University\Thesis\AutomaticMicrogliaMorphologyAnalysis\AnnotationsData\Segmentations\images\2017-063_Iba1_Temporal pole_Batch 6.vsi - 20x_BF_01\MG_whole\ann-223__x-30146_y-28307_w-80_h-145__ds-1.png,c:\Users\chris\Desktop\University\Thesis\AutomaticMicrogliaMorphologyAnalysis\AnnotationsData\Segmentations\masks\2017-063_Iba1_Temporal pole_Batch 6.vsi - 20x_BF_01\MG_whole\ann-223__x-30146_y-28307_w-80_h-145__ds-1.png,MG_whole,2017-063_Iba1_Temporal pole_Batch 6.vsi - 20x_BF_01,medium
761,c:\Users\chris\Desktop\University\Thesis\AutomaticMicrogliaMorphologyAnalysis\AnnotationsData\Segmentations\images\2017-063_Iba1_Temporal pole_Batch 6.vsi - 20x_BF_01\MG_whole\ann-225__x-30010_y-29494_w-83_h-190__ds-1.png,c:\Users\chris\Desktop\University\Thesis\AutomaticMicrogliaMorphologyAnalysis\AnnotationsData\Segmentations\masks\2017-063_Iba1_Temporal pole_Batch 6.vsi - 20x_BF_01\MG_whole\ann-225__x-30010_y-29494_w-83_h-190__ds-1.png,MG_whole,2017-063_Iba1_Temporal pole_Batch 6.vsi - 20x_BF_01,good
762,c:\Users\chris\Desktop\University\Thesis\AutomaticMicrogliaMorphologyAnalysis\AnnotationsData\Segmentations\images\2017-063_Iba1_Temporal pole_Batch 6.vsi - 20x_BF_01\MG_whole\ann-227__x-30130_y-28940_w-137_h-212__ds-1.png,c:\Users\chris\Desktop\University\Thesis\AutomaticMicrogliaMorphologyAnalysis\AnnotationsData\Segmentations\masks\2017-063_Iba1_Temporal pole_Batch 6.vsi - 20x_BF_01\MG_whole\ann-227__x-30130_y-28940_w-137_h-212__ds-1.png,MG_whole,2017-063_Iba1_Temporal pole_Batch 6.vsi - 20x_BF_01,medium
763,c:\Users\chris\Desktop\University\Thesis\AutomaticMicrogliaMorphologyAnalysis\AnnotationsData\Segmentations\images\2017-063_Iba1_Temporal pole_Batch 6.vsi - 20x_BF_01\MG_whole\ann-230__x-29482_y-29293_w-92_h-134__ds-1.png,c:\Users\chris\Desktop\University\Thesis\AutomaticMicrogliaMorphologyAnalysis\AnnotationsData\Segmentations\masks\2017-063_Iba1_Temporal pole_Batch 6.vsi - 20x_BF_01\MG_whole\ann-230__x-29482_y-29293_w-92_h-134__ds-1.png,MG_whole,2017-063_Iba1_Temporal pole_Batch 6.vsi - 20x_BF_01,medium
764,c:\Users\chris\Desktop\University\Thesis\AutomaticMicrogliaMorphologyAnalysis\AnnotationsData\Segmentations\images\2017-063_Iba1_Temporal pole_Batch 6.vsi - 20x_BF_01\MG_whole\ann-231__x-29586_y-29536_w-98_h-83__ds-1.png,c:\Users\chris\Desktop\University\Thesis\AutomaticMicrogliaMorphologyAnalysis\AnnotationsData\Segmentations\masks\2017-063_Iba1_Temporal pole_Batch 6.vsi - 20x_BF_01\MG_whole\ann-231__x-29586_y-29536_w-98_h-83__ds-1.png,MG_whole,2017-063_Iba1_Temporal pole_Batch 6.vsi - 20x_BF_01,good
765,c:\Users\chris\Desktop\University\Thesis\AutomaticMicrogliaMorphologyAnalysis\AnnotationsData\Segmentations\images\2017-063_Iba1_Temporal pole_Batch 6.vsi - 20x_BF_01\MG_whole\ann-233__x-29270_y-30197_w-238_h-199__ds-1.png,c:\Users\chris\Desktop\University\Thesis\AutomaticMicrogliaMorphologyAnalysis\AnnotationsData\Segmentations\masks\2017-063_Iba1_Temporal pole_Batch 6.vsi - 20x_BF_01\MG_whole\ann-233__x-29270_y-30197_w-238_h-199__ds-1.png,MG_whole,2017-063_Iba1_Temporal pole_Batch 6.vsi - 20x_BF_01,good
766,c:\Users\chris\Desktop\University\Thesis\AutomaticMicrogliaMorphologyAnalysis\AnnotationsData\Segmentations\images\2017-063_Iba1_Temporal pole_Batch 6.vsi - 20x_BF_01\MG_whole\ann-235__x-32756_y-29675_w-118_h-164__ds-1.png,c:\Users\chris\Desktop\University\Thesis\AutomaticMicrogliaMorphologyAnalysis\AnnotationsData\Segmentations\masks\2017-063_Iba1_Temporal pole_Batch 6.vsi - 20x_BF_01\MG_whole\ann-235__x-32756_y-29675_w-118_h-164__ds-1.png,MG_whole,2017-063_Iba1_Temporal pole_Batch 6.vsi - 20x_BF_01,medium
767,c:\Users\chris\Desktop\University\Thesis\AutomaticMicrogliaMorphologyAnalysis\AnnotationsData\Segmentations\images\2017-063_Iba1_Temporal pole_Batch 6.vsi - 20x_BF_01\MG_whole\ann-237__x-33255_y-29282_w-119_h-130__ds-1.png,c:\Users\chris\Desktop\University\Thesis\AutomaticMicrogliaMorphologyAnalysis\AnnotationsData\Segmentations\masks\2017-063_Iba1_Temporal pole_Batch 6.vsi - 20x_BF_01\MG_whole\ann-237__x-33255_y-29282_w-119_h-130__ds-1.png,MG_whole,2017-063_Iba1_Temporal pole_Batch 6.vsi - 20x_BF_01,good
768,c:\Users\chris\Desktop\University\Thesis\AutomaticMicrogliaMorphologyAnalysis\AnnotationsData\Segmentations\images\2017-063_Iba1_Temporal pole_Batch 6.vsi - 20x_BF_01\MG_whole\ann-239__x-33075_y-29665_w-54_h-82__ds-1.png,c:\Users\chris\Desktop\University\Thesis\AutomaticMicrogliaMorphologyAnalysis\AnnotationsData\Segmentations\masks\2017-063_Iba1_Temporal pole_Batch 6.vsi - 20x_BF_01\MG_whole\ann-239__x-33075_y-29665_w-54_h-82__ds-1.png,MG_whole,2017-063_Iba1_Temporal pole_Batch 6.vsi - 20x_BF_01,bad_image_quality
769,c:\Users\chris\Desktop\University\Thesis\AutomaticMicrogliaMorphologyAnalysis\AnnotationsData\Segmentations\images\2017-063_Iba1_Temporal pole_Batch 6.vsi - 20x_BF_01\MG_whole\ann-23__x-25388_y-26249_w-98_h-174__ds-1.png,c:\Users\chris\Desktop\University\Thesis\AutomaticMicrogliaMorphologyAnalysis\AnnotationsData\Segmentations\masks\2017-063_Iba1_Temporal pole_Batch 6.vsi - 20x_BF_01\MG_whole\ann-23__x-25388_y-26249_w-98_h-174__ds-1.png,MG_whole,2017-063_Iba1_Temporal pole_Batch 6.vsi - 20x_BF_01,good
770,c:\Users\chris\Desktop\University\Thesis\AutomaticMicrogliaMorphologyAnalysis\AnnotationsData\Segmentations\images\2017-063_Iba1_Temporal pole_Batch 6.vsi - 20x_BF_01\MG_whole\ann-243__x-34379_y-29569_w-153_h-97__ds-1.png,c:\Users\chris\Desktop\University\Thesis\AutomaticMicrogliaMorphologyAnalysis\AnnotationsData\Segmentations\masks\2017-063_Iba1_Temporal pole_Batch 6.vsi - 20x_BF_01\MG_whole\ann-243__x-34379_y-29569_w-153_h-97__ds-1.png,MG_whole,2017-063_Iba1_Temporal pole_Batch 6.vsi - 20x_BF_01,good
771,c:\Users\chris\Desktop\University\Thesis\AutomaticMicrogliaMorphologyAnalysis\AnnotationsData\Segmentations\images\2017-063_Iba1_Temporal pole_Batch 6.vsi - 20x_BF_01\MG_whole\ann-244__x-34118_y-29727_w-147_h-144__ds-1.png,c:\Users\chris\Desktop\University\Thesis\AutomaticMicrogliaMorphologyAnalysis\AnnotationsData\Segmentations\masks\2017-063_Iba1_Temporal pole_Batch 6.vsi - 20x_BF_01\MG_whole\ann-244__x-34118_y-29727_w-147_h-144__ds-1.png,MG_whole,2017-063_Iba1_Temporal pole_Batch 6.vsi - 20x_BF_01,medium
772,c:\Users\chris\Desktop\University\Thesis\AutomaticMicrogliaMorphologyAnalysis\AnnotationsData\Segmentations\images\2017-063_Iba1_Temporal pole_Batch 6.vsi - 20x_BF_01\MG_whole\ann-245__x-34428_y-29357_w-121_h-134__ds-1.png,c:\Users\chris\Desktop\University\Thesis\AutomaticMicrogliaMorphologyAnalysis\AnnotationsData\Segmentations\masks\2017-063_Iba1_Temporal pole_Batch 6.vsi - 20x_BF_01\MG_whole\ann-245__x-34428_y-29357_w-121_h-134__ds-1.png,MG_whole,2017-063_Iba1_Temporal pole_Batch 6.vsi - 20x_BF_01,good
773,c:\Users\chris\Desktop\University\Thesis\AutomaticMicrogliaMorphologyAnalysis\AnnotationsData\Segmentations\images\2017-063_Iba1_Temporal pole_Batch 6.vsi - 20x_BF_01\MG_whole\ann-247__x-33846_y-29427_w-158_h-97__ds-1.png,c:\Users\chris\Desktop\University\Thesis\AutomaticMicrogliaMorphologyAnalysis\AnnotationsData\Segmentations\masks\2017-063_Iba1_Temporal pole_Batch 6.vsi - 20x_BF_01\MG_whole\ann-247__x-33846_y-29427_w-158_h-97__ds-1.png,MG_whole,2017-063_Iba1_Temporal pole_Batch 6.vsi - 20x_BF_01,good
774,c:\Users\chris\Desktop\University\Thesis\AutomaticMicrogliaMorphologyAnalysis\AnnotationsData\Segmentations\images\2017-063_Iba1_Temporal pole_Batch 6.vsi - 20x_BF_01\MG_whole\ann-249__x-34299_y-30014_w-128_h-140__ds-1.png,c:\Users\chris\Desktop\University\Thesis\AutomaticMicrogliaMorphologyAnalysis\AnnotationsData\Segmentations\masks\2017-063_Iba1_Temporal pole_Batch 6.vsi - 20x_BF_01\MG_whole\ann-249__x-34299_y-30014_w-128_h-140__ds-1.png,MG_whole,2017-063_Iba1_Temporal pole_Batch 6.vsi - 20x_BF_01,good
775,c:\Users\chris\Desktop\University\Thesis\AutomaticMicrogliaMorphologyAnalysis\AnnotationsData\Segmentations\images\2017-063_Iba1_Temporal pole_Batch 6.vsi - 20x_BF_01\MG_whole\ann-251__x-34876_y-29694_w-133_h-115__ds-1.png,c:\Users\chris\Desktop\University\Thesis\AutomaticMicrogliaMorphologyAnalysis\AnnotationsData\Segmentations\masks\2017-063_Iba1_Temporal pole_Batch 6.vsi - 20x_BF_01\MG_whole\ann-251__x-34876_y-29694_w-133_h-115__ds-1.png,MG_whole,2017-063_Iba1_Temporal pole_Batch 6.vsi - 20x_BF_01,good
776,c:\Users\chris\Desktop\University\Thesis\AutomaticMicrogliaMorphologyAnalysis\AnnotationsData\Segmentations\images\2017-063_Iba1_Temporal pole_Batch 6.vsi - 20x_BF_01\MG_whole\ann-255__x-34242_y-30379_w-101_h-191__ds-1.png,c:\Users\chris\Desktop\University\Thesis\AutomaticMicrogliaMorphologyAnalysis\AnnotationsData\Segmentations\masks\2017-063_Iba1_Temporal pole_Batch 6.vsi - 20x_BF_01\MG_whole\ann-255__x-34242_y-30379_w-101_h-191__ds-1.png,MG_whole,2017-063_Iba1_Temporal pole_Batch 6.vsi - 20x_BF_01,good
777,c:\Users\chris\Desktop\University\Thesis\AutomaticMicrogliaMorphologyAnalysis\AnnotationsData\Segmentations\images\2017-063_Iba1_Temporal pole_Batch 6.vsi - 20x_BF_01\MG_whole\ann-256__x-34659_y-30509_w-115_h-95__ds-1.png,c:\Users\chris\Desktop\University\Thesis\AutomaticMicrogliaMorphologyAnalysis\AnnotationsData\Segmentations\masks\2017-063_Iba1_Temporal pole_Batch 6.vsi - 20x_BF_01\MG_whole\ann-256__x-34659_y-30509_w-115_h-95__ds-1.png,MG_whole,2017-063_Iba1_Temporal pole_Batch 6.vsi - 20x_BF_01,good
778,c:\Users\chris\Desktop\University\Thesis\AutomaticMicrogliaMorphologyAnalysis\AnnotationsData\Segmentations\images\2017-063_Iba1_Temporal pole_Batch 6.vsi - 20x_BF_01\MG_whole\ann-257__x-34658_y-30647_w-133_h-180__ds-1.png,c:\Users\chris\Desktop\University\Thesis\AutomaticMicrogliaMorphologyAnalysis\AnnotationsData\Segmentations\masks\2017-063_Iba1_Temporal pole_Batch 6.vsi - 20x_BF_01\MG_whole\ann-257__x-34658_y-30647_w-133_h-180__ds-1.png,MG_whole,2017-063_Iba1_Temporal pole_Batch 6.vsi - 20x_BF_01,good
779,c:\Users\chris\Desktop\University\Thesis\AutomaticMicrogliaMorphologyAnalysis\AnnotationsData\Segmentations\images\2017-063_Iba1_Temporal pole_Batch 6.vsi - 20x_BF_01\MG_whole\ann-259__x-33884_y-30581_w-133_h-134__ds-1.png,c:\Users\chris\Desktop\University\Thesis\AutomaticMicrogliaMorphologyAnalysis\AnnotationsData\Segmentations\masks\2017-063_Iba1_Temporal pole_Batch 6.vsi - 20x_BF_01\MG_whole\ann-259__x-33884_y-30581_w-133_h-134__ds-1.png,MG_whole,2017-063_Iba1_Temporal pole_Batch 6.vsi - 20x_BF_01,good
780,c:\Users\chris\Desktop\University\Thesis\AutomaticMicrogliaMorphologyAnalysis\AnnotationsData\Segmentations\images\2017-063_Iba1_Temporal pole_Batch 6.vsi - 20x_BF_01\MG_whole\ann-25__x-25806_y-25728_w-168_h-145__ds-1.png,c:\Users\chris\Desktop\University\Thesis\AutomaticMicrogliaMorphologyAnalysis\AnnotationsData\Segmentations\masks\2017-063_Iba1_Temporal pole_Batch 6.vsi - 20x_BF_01\MG_whole\ann-25__x-25806_y-25728_w-168_h-145__ds-1.png,MG_whole,2017-063_Iba1_Temporal pole_Batch 6.vsi - 20x_BF_01,medium
781,c:\Users\chris\Desktop\University\Thesis\AutomaticMicrogliaMorphologyAnalysis\AnnotationsData\Segmentations\images\2017-063_Iba1_Temporal pole_Batch 6.vsi - 20x_BF_01\MG_whole\ann-261__x-33000_y-31709_w-150_h-142__ds-1.png,c:\Users\chris\Desktop\University\Thesis\AutomaticMicrogliaMorphologyAnalysis\AnnotationsData\Segmentations\masks\2017-063_Iba1_Temporal pole_Batch 6.vsi - 20x_BF_01\MG_whole\ann-261__x-33000_y-31709_w-150_h-142__ds-1.png,MG_whole,2017-063_Iba1_Temporal pole_Batch 6.vsi - 20x_BF_01,medium
782,c:\Users\chris\Desktop\University\Thesis\AutomaticMicrogliaMorphologyAnalysis\AnnotationsData\Segmentations\images\2017-063_Iba1_Temporal pole_Batch 6.vsi - 20x_BF_01\MG_whole\ann-263__x-33370_y-31732_w-159_h-153__ds-1.png,c:\Users\chris\Desktop\University\Thesis\AutomaticMicrogliaMorphologyAnalysis\AnnotationsData\Segmentations\masks\2017-063_Iba1_Temporal pole_Batch 6.vsi - 20x_BF_01\MG_whole\ann-263__x-33370_y-31732_w-159_h-153__ds-1.png,MG_whole,2017-063_Iba1_Temporal pole_Batch 6.vsi - 20x_BF_01,bad
783,c:\Users\chris\Desktop\University\Thesis\AutomaticMicrogliaMorphologyAnalysis\AnnotationsData\Segmentations\images\2017-063_Iba1_Temporal pole_Batch 6.vsi - 20x_BF_01\MG_whole\ann-267__x-31378_y-30436_w-115_h-145__ds-1.png,c:\Users\chris\Desktop\University\Thesis\AutomaticMicrogliaMorphologyAnalysis\AnnotationsData\Segmentations\masks\2017-063_Iba1_Temporal pole_Batch 6.vsi - 20x_BF_01\MG_whole\ann-267__x-31378_y-30436_w-115_h-145__ds-1.png,MG_whole,2017-063_Iba1_Temporal pole_Batch 6.vsi - 20x_BF_01,medium
784,c:\Users\chris\Desktop\University\Thesis\AutomaticMicrogliaMorphologyAnalysis\AnnotationsData\Segmentations\images\2017-063_Iba1_Temporal pole_Batch 6.vsi - 20x_BF_01\MG_whole\ann-268__x-30917_y-30436_w-237_h-303__ds-1.png,c:\Users\chris\Desktop\University\Thesis\AutomaticMicrogliaMorphologyAnalysis\AnnotationsData\Segmentations\masks\2017-063_Iba1_Temporal pole_Batch 6.vsi - 20x_BF_01\MG_whole\ann-268__x-30917_y-30436_w-237_h-303__ds-1.png,MG_whole,2017-063_Iba1_Temporal pole_Batch 6.vsi - 20x_BF_01,good
785,c:\Users\chris\Desktop\University\Thesis\AutomaticMicrogliaMorphologyAnalysis\AnnotationsData\Segmentations\images\2017-063_Iba1_Temporal pole_Batch 6.vsi - 20x_BF_01\MG_whole\ann-269__x-30886_y-30749_w-144_h-185__ds-1.png,c:\Users\chris\Desktop\University\Thesis\AutomaticMicrogliaMorphologyAnalysis\AnnotationsData\Segmentations\masks\2017-063_Iba1_Temporal pole_Batch 6.vsi - 20x_BF_01\MG_whole\ann-269__x-30886_y-30749_w-144_h-185__ds-1.png,MG_whole,2017-063_Iba1_Temporal pole_Batch 6.vsi - 20x_BF_01,medium
786,c:\Users\chris\Desktop\University\Thesis\AutomaticMicrogliaMorphologyAnalysis\AnnotationsData\Segmentations\images\2017-063_Iba1_Temporal pole_Batch 6.vsi - 20x_BF_01\MG_whole\ann-271__x-31542_y-30672_w-141_h-140__ds-1.png,c:\Users\chris\Desktop\University\Thesis\AutomaticMicrogliaMorphologyAnalysis\AnnotationsData\Segmentations\masks\2017-063_Iba1_Temporal pole_Batch 6.vsi - 20x_BF_01\MG_whole\ann-271__x-31542_y-30672_w-141_h-140__ds-1.png,MG_whole,2017-063_Iba1_Temporal pole_Batch 6.vsi - 20x_BF_01,medium
787,c:\Users\chris\Desktop\University\Thesis\AutomaticMicrogliaMorphologyAnalysis\AnnotationsData\Segmentations\images\2017-063_Iba1_Temporal pole_Batch 6.vsi - 20x_BF_01\MG_whole\ann-273__x-31648_y-29937_w-220_h-201__ds-1.png,c:\Users\chris\Desktop\University\Thesis\AutomaticMicrogliaMorphologyAnalysis\AnnotationsData\Segmentations\masks\2017-063_Iba1_Temporal pole_Batch 6.vsi - 20x_BF_01\MG_whole\ann-273__x-31648_y-29937_w-220_h-201__ds-1.png,MG_whole,2017-063_Iba1_Temporal pole_Batch 6.vsi - 20x_BF_01,good
788,c:\Users\chris\Desktop\University\Thesis\AutomaticMicrogliaMorphologyAnalysis\AnnotationsData\Segmentations\images\2017-063_Iba1_Temporal pole_Batch 6.vsi - 20x_BF_01\MG_whole\ann-275__x-33655_y-28876_w-174_h-166__ds-1.png,c:\Users\chris\Desktop\University\Thesis\AutomaticMicrogliaMorphologyAnalysis\AnnotationsData\Segmentations\masks\2017-063_Iba1_Temporal pole_Batch 6.vsi - 20x_BF_01\MG_whole\ann-275__x-33655_y-28876_w-174_h-166__ds-1.png,MG_whole,2017-063_Iba1_Temporal pole_Batch 6.vsi - 20x_BF_01,good
789,c:\Users\chris\Desktop\University\Thesis\AutomaticMicrogliaMorphologyAnalysis\AnnotationsData\Segmentations\images\2017-063_Iba1_Temporal pole_Batch 6.vsi - 20x_BF_01\MG_whole\ann-277__x-32426_y-26799_w-131_h-203__ds-1.png,c:\Users\chris\Desktop\University\Thesis\AutomaticMicrogliaMorphologyAnalysis\AnnotationsData\Segmentations\masks\2017-063_Iba1_Temporal pole_Batch 6.vsi - 20x_BF_01\MG_whole\ann-277__x-32426_y-26799_w-131_h-203__ds-1.png,MG_whole,2017-063_Iba1_Temporal pole_Batch 6.vsi - 20x_BF_01,medium
790,c:\Users\chris\Desktop\University\Thesis\AutomaticMicrogliaMorphologyAnalysis\AnnotationsData\Segmentations\images\2017-063_Iba1_Temporal pole_Batch 6.vsi - 20x_BF_01\MG_whole\ann-279__x-30730_y-25681_w-141_h-158__ds-1.png,c:\Users\chris\Desktop\University\Thesis\AutomaticMicrogliaMorphologyAnalysis\AnnotationsData\Segmentations\masks\2017-063_Iba1_Temporal pole_Batch 6.vsi - 20x_BF_01\MG_whole\ann-279__x-30730_y-25681_w-141_h-158__ds-1.png,MG_whole,2017-063_Iba1_Temporal pole_Batch 6.vsi - 20x_BF_01,medium
791,c:\Users\chris\Desktop\University\Thesis\AutomaticMicrogliaMorphologyAnalysis\AnnotationsData\Segmentations\images\2017-063_Iba1_Temporal pole_Batch 6.vsi - 20x_BF_01\MG_whole\ann-27__x-25713_y-25772_w-40_h-104__ds-1.png,c:\Users\chris\Desktop\University\Thesis\AutomaticMicrogliaMorphologyAnalysis\AnnotationsData\Segmentations\masks\2017-063_Iba1_Temporal pole_Batch 6.vsi - 20x_BF_01\MG_whole\ann-27__x-25713_y-25772_w-40_h-104__ds-1.png,MG_whole,2017-063_Iba1_Temporal pole_Batch 6.vsi - 20x_BF_01,good
792,c:\Users\chris\Desktop\University\Thesis\AutomaticMicrogliaMorphologyAnalysis\AnnotationsData\Segmentations\images\2017-063_Iba1_Temporal pole_Batch 6.vsi - 20x_BF_01\MG_whole\ann-281__x-31097_y-25027_w-132_h-59__ds-1.png,c:\Users\chris\Desktop\University\Thesis\AutomaticMicrogliaMorphologyAnalysis\AnnotationsData\Segmentations\masks\2017-063_Iba1_Temporal pole_Batch 6.vsi - 20x_BF_01\MG_whole\ann-281__x-31097_y-25027_w-132_h-59__ds-1.png,MG_whole,2017-063_Iba1_Temporal pole_Batch 6.vsi - 20x_BF_01,medium
793,c:\Users\chris\Desktop\University\Thesis\AutomaticMicrogliaMorphologyAnalysis\AnnotationsData\Segmentations\images\2017-063_Iba1_Temporal pole_Batch 6.vsi - 20x_BF_01\MG_whole\ann-284__x-30179_y-25586_w-143_h-117__ds-1.png,c:\Users\chris\Desktop\University\Thesis\AutomaticMicrogliaMorphologyAnalysis\AnnotationsData\Segmentations\masks\2017-063_Iba1_Temporal pole_Batch 6.vsi - 20x_BF_01\MG_whole\ann-284__x-30179_y-25586_w-143_h-117__ds-1.png,MG_whole,2017-063_Iba1_Temporal pole_Batch 6.vsi - 20x_BF_01,medium
794,c:\Users\chris\Desktop\University\Thesis\AutomaticMicrogliaMorphologyAnalysis\AnnotationsData\Segmentations\images\2017-063_Iba1_Temporal pole_Batch 6.vsi - 20x_BF_01\MG_whole\ann-285__x-30378_y-25550_w-133_h-136__ds-1.png,c:\Users\chris\Desktop\University\Thesis\AutomaticMicrogliaMorphologyAnalysis\AnnotationsData\Segmentations\masks\2017-063_Iba1_Temporal pole_Batch 6.vsi - 20x_BF_01\MG_whole\ann-285__x-30378_y-25550_w-133_h-136__ds-1.png,MG_whole,2017-063_Iba1_Temporal pole_Batch 6.vsi - 20x_BF_01,good
795,c:\Users\chris\Desktop\University\Thesis\AutomaticMicrogliaMorphologyAnalysis\AnnotationsData\Segmentations\images\2017-063_Iba1_Temporal pole_Batch 6.vsi - 20x_BF_01\MG_whole\ann-287__x-30450_y-25339_w-124_h-173__ds-1.png,c:\Users\chris\Desktop\University\Thesis\AutomaticMicrogliaMorphologyAnalysis\AnnotationsData\Segmentations\masks\2017-063_Iba1_Temporal pole_Batch 6.vsi - 20x_BF_01\MG_whole\ann-287__x-30450_y-25339_w-124_h-173__ds-1.png,MG_whole,2017-063_Iba1_Temporal pole_Batch 6.vsi - 20x_BF_01,medium
796,c:\Users\chris\Desktop\University\Thesis\AutomaticMicrogliaMorphologyAnalysis\AnnotationsData\Segmentations\images\2017-063_Iba1_Temporal pole_Batch 6.vsi - 20x_BF_01\MG_whole\ann-289__x-17738_y-24905_w-125_h-145__ds-1.png,c:\Users\chris\Desktop\University\Thesis\AutomaticMicrogliaMorphologyAnalysis\AnnotationsData\Segmentations\masks\2017-063_Iba1_Temporal pole_Batch 6.vsi - 20x_BF_01\MG_whole\ann-289__x-17738_y-24905_w-125_h-145__ds-1.png,MG_whole,2017-063_Iba1_Temporal pole_Batch 6.vsi - 20x_BF_01,good
797,c:\Users\chris\Desktop\University\Thesis\AutomaticMicrogliaMorphologyAnalysis\AnnotationsData\Segmentations\images\2017-063_Iba1_Temporal pole_Batch 6.vsi - 20x_BF_01\MG_whole\ann-291__x-19138_y-24113_w-264_h-163__ds-1.png,c:\Users\chris\Desktop\University\Thesis\AutomaticMicrogliaMorphologyAnalysis\AnnotationsData\Segmentations\masks\2017-063_Iba1_Temporal pole_Batch 6.vsi - 20x_BF_01\MG_whole\ann-291__x-19138_y-24113_w-264_h-163__ds-1.png,MG_whole,2017-063_Iba1_Temporal pole_Batch 6.vsi - 20x_BF_01,medium
798,c:\Users\chris\Desktop\University\Thesis\AutomaticMicrogliaMorphologyAnalysis\AnnotationsData\Segmentations\images\2017-063_Iba1_Temporal pole_Batch 6.vsi - 20x_BF_01\MG_whole\ann-293__x-18685_y-24356_w-162_h-120__ds-1.png,c:\Users\chris\Desktop\University\Thesis\AutomaticMicrogliaMorphologyAnalysis\AnnotationsData\Segmentations\masks\2017-063_Iba1_Temporal pole_Batch 6.vsi - 20x_BF_01\MG_whole\ann-293__x-18685_y-24356_w-162_h-120__ds-1.png,MG_whole,2017-063_Iba1_Temporal pole_Batch 6.vsi - 20x_BF_01,good
799,c:\Users\chris\Desktop\University\Thesis\AutomaticMicrogliaMorphologyAnalysis\AnnotationsData\Segmentations\images\2017-063_Iba1_Temporal pole_Batch 6.vsi - 20x_BF_01\MG_whole\ann-296__x-18361_y-27204_w-158_h-197__ds-1.png,c:\Users\chris\Desktop\University\Thesis\AutomaticMicrogliaMorphologyAnalysis\AnnotationsData\Segmentations\masks\2017-063_Iba1_Temporal pole_Batch 6.vsi - 20x_BF_01\MG_whole\ann-296__x-18361_y-27204_w-158_h-197__ds-1.png,MG_whole,2017-063_Iba1_Temporal pole_Batch 6.vsi - 20x_BF_01,good
800,c:\Users\chris\Desktop\University\Thesis\AutomaticMicrogliaMorphologyAnalysis\AnnotationsData\Segmentations\images\2017-063_Iba1_Temporal pole_Batch 6.vsi - 20x_BF_01\MG_whole\ann-297__x-17973_y-27160_w-156_h-180__ds-1.png,c:\Users\chris\Desktop\University\Thesis\AutomaticMicrogliaMorphologyAnalysis\AnnotationsData\Segmentations\masks\2017-063_Iba1_Temporal pole_Batch 6.vsi - 20x_BF_01\MG_whole\ann-297__x-17973_y-27160_w-156_h-180__ds-1.png,MG_whole,2017-063_Iba1_Temporal pole_Batch 6.vsi - 20x_BF_01,good
801,c:\Users\chris\Desktop\University\Thesis\AutomaticMicrogliaMorphologyAnalysis\AnnotationsData\Segmentations\images\2017-063_Iba1_Temporal pole_Batch 6.vsi - 20x_BF_01\MG_whole\ann-299__x-18572_y-26923_w-130_h-128__ds-1.png,c:\Users\chris\Desktop\University\Thesis\AutomaticMicrogliaMorphologyAnalysis\AnnotationsData\Segmentations\masks\2017-063_Iba1_Temporal pole_Batch 6.vsi - 20x_BF_01\MG_whole\ann-299__x-18572_y-26923_w-130_h-128__ds-1.png,MG_whole,2017-063_Iba1_Temporal pole_Batch 6.vsi - 20x_BF_01,good
802,c:\Users\chris\Desktop\University\Thesis\AutomaticMicrogliaMorphologyAnalysis\AnnotationsData\Segmentations\images\2017-063_Iba1_Temporal pole_Batch 6.vsi - 20x_BF_01\MG_whole\ann-301__x-17100_y-29973_w-157_h-128__ds-1.png,c:\Users\chris\Desktop\University\Thesis\AutomaticMicrogliaMorphologyAnalysis\AnnotationsData\Segmentations\masks\2017-063_Iba1_Temporal pole_Batch 6.vsi - 20x_BF_01\MG_whole\ann-301__x-17100_y-29973_w-157_h-128__ds-1.png,MG_whole,2017-063_Iba1_Temporal pole_Batch 6.vsi - 20x_BF_01,medium
803,c:\Users\chris\Desktop\University\Thesis\AutomaticMicrogliaMorphologyAnalysis\AnnotationsData\Segmentations\images\2017-063_Iba1_Temporal pole_Batch 6.vsi - 20x_BF_01\MG_whole\ann-303__x-17378_y-29915_w-148_h-96__ds-1.png,c:\Users\chris\Desktop\University\Thesis\AutomaticMicrogliaMorphologyAnalysis\AnnotationsData\Segmentations\masks\2017-063_Iba1_Temporal pole_Batch 6.vsi - 20x_BF_01\MG_whole\ann-303__x-17378_y-29915_w-148_h-96__ds-1.png,MG_whole,2017-063_Iba1_Temporal pole_Batch 6.vsi - 20x_BF_01,good
804,c:\Users\chris\Desktop\University\Thesis\AutomaticMicrogliaMorphologyAnalysis\AnnotationsData\Segmentations\images\2017-063_Iba1_Temporal pole_Batch 6.vsi - 20x_BF_01\MG_whole\ann-305__x-15354_y-29413_w-168_h-168__ds-1.png,c:\Users\chris\Desktop\University\Thesis\AutomaticMicrogliaMorphologyAnalysis\AnnotationsData\Segmentations\masks\2017-063_Iba1_Temporal pole_Batch 6.vsi - 20x_BF_01\MG_whole\ann-305__x-15354_y-29413_w-168_h-168__ds-1.png,MG_whole,2017-063_Iba1_Temporal pole_Batch 6.vsi - 20x_BF_01,medium
805,c:\Users\chris\Desktop\University\Thesis\AutomaticMicrogliaMorphologyAnalysis\AnnotationsData\Segmentations\images\2017-063_Iba1_Temporal pole_Batch 6.vsi - 20x_BF_01\MG_whole\ann-307__x-15308_y-28769_w-186_h-129__ds-1.png,c:\Users\chris\Desktop\University\Thesis\AutomaticMicrogliaMorphologyAnalysis\AnnotationsData\Segmentations\masks\2017-063_Iba1_Temporal pole_Batch 6.vsi - 20x_BF_01\MG_whole\ann-307__x-15308_y-28769_w-186_h-129__ds-1.png,MG_whole,2017-063_Iba1_Temporal pole_Batch 6.vsi - 20x_BF_01,medium
806,c:\Users\chris\Desktop\University\Thesis\AutomaticMicrogliaMorphologyAnalysis\AnnotationsData\Segmentations\images\2017-063_Iba1_Temporal pole_Batch 6.vsi - 20x_BF_01\MG_whole\ann-309__x-15930_y-28291_w-173_h-197__ds-1.png,c:\Users\chris\Desktop\University\Thesis\AutomaticMicrogliaMorphologyAnalysis\AnnotationsData\Segmentations\masks\2017-063_Iba1_Temporal pole_Batch 6.vsi - 20x_BF_01\MG_whole\ann-309__x-15930_y-28291_w-173_h-197__ds-1.png,MG_whole,2017-063_Iba1_Temporal pole_Batch 6.vsi - 20x_BF_01,bad
807,c:\Users\chris\Desktop\University\Thesis\AutomaticMicrogliaMorphologyAnalysis\AnnotationsData\Segmentations\images\2017-063_Iba1_Temporal pole_Batch 6.vsi - 20x_BF_01\MG_whole\ann-30__x-25394_y-26432_w-65_h-132__ds-1.png,c:\Users\chris\Desktop\University\Thesis\AutomaticMicrogliaMorphologyAnalysis\AnnotationsData\Segmentations\masks\2017-063_Iba1_Temporal pole_Batch 6.vsi - 20x_BF_01\MG_whole\ann-30__x-25394_y-26432_w-65_h-132__ds-1.png,MG_whole,2017-063_Iba1_Temporal pole_Batch 6.vsi - 20x_BF_01,medium
808,c:\Users\chris\Desktop\University\Thesis\AutomaticMicrogliaMorphologyAnalysis\AnnotationsData\Segmentations\images\2017-063_Iba1_Temporal pole_Batch 6.vsi - 20x_BF_01\MG_whole\ann-311__x-16621_y-28870_w-151_h-232__ds-1.png,c:\Users\chris\Desktop\University\Thesis\AutomaticMicrogliaMorphologyAnalysis\AnnotationsData\Segmentations\masks\2017-063_Iba1_Temporal pole_Batch 6.vsi - 20x_BF_01\MG_whole\ann-311__x-16621_y-28870_w-151_h-232__ds-1.png,MG_whole,2017-063_Iba1_Temporal pole_Batch 6.vsi - 20x_BF_01,medium
809,c:\Users\chris\Desktop\University\Thesis\AutomaticMicrogliaMorphologyAnalysis\AnnotationsData\Segmentations\images\2017-063_Iba1_Temporal pole_Batch 6.vsi - 20x_BF_01\MG_whole\ann-314__x-16368_y-28733_w-124_h-102__ds-1.png,c:\Users\chris\Desktop\University\Thesis\AutomaticMicrogliaMorphologyAnalysis\AnnotationsData\Segmentations\masks\2017-063_Iba1_Temporal pole_Batch 6.vsi - 20x_BF_01\MG_whole\ann-314__x-16368_y-28733_w-124_h-102__ds-1.png,MG_whole,2017-063_Iba1_Temporal pole_Batch 6.vsi - 20x_BF_01,medium
810,c:\Users\chris\Desktop\University\Thesis\AutomaticMicrogliaMorphologyAnalysis\AnnotationsData\Segmentations\images\2017-063_Iba1_Temporal pole_Batch 6.vsi - 20x_BF_01\MG_whole\ann-315__x-16298_y-28591_w-147_h-222__ds-1.png,c:\Users\chris\Desktop\University\Thesis\AutomaticMicrogliaMorphologyAnalysis\AnnotationsData\Segmentations\masks\2017-063_Iba1_Temporal pole_Batch 6.vsi - 20x_BF_01\MG_whole\ann-315__x-16298_y-28591_w-147_h-222__ds-1.png,MG_whole,2017-063_Iba1_Temporal pole_Batch 6.vsi - 20x_BF_01,good
811,c:\Users\chris\Desktop\University\Thesis\AutomaticMicrogliaMorphologyAnalysis\AnnotationsData\Segmentations\images\2017-063_Iba1_Temporal pole_Batch 6.vsi - 20x_BF_01\MG_whole\ann-317__x-15147_y-27659_w-214_h-207__ds-1.png,c:\Users\chris\Desktop\University\Thesis\AutomaticMicrogliaMorphologyAnalysis\AnnotationsData\Segmentations\masks\2017-063_Iba1_Temporal pole_Batch 6.vsi - 20x_BF_01\MG_whole\ann-317__x-15147_y-27659_w-214_h-207__ds-1.png,MG_whole,2017-063_Iba1_Temporal pole_Batch 6.vsi - 20x_BF_01,good
812,c:\Users\chris\Desktop\University\Thesis\AutomaticMicrogliaMorphologyAnalysis\AnnotationsData\Segmentations\images\2017-063_Iba1_Temporal pole_Batch 6.vsi - 20x_BF_01\MG_whole\ann-319__x-14298_y-27674_w-125_h-248__ds-1.png,c:\Users\chris\Desktop\University\Thesis\AutomaticMicrogliaMorphologyAnalysis\AnnotationsData\Segmentations\masks\2017-063_Iba1_Temporal pole_Batch 6.vsi - 20x_BF_01\MG_whole\ann-319__x-14298_y-27674_w-125_h-248__ds-1.png,MG_whole,2017-063_Iba1_Temporal pole_Batch 6.vsi - 20x_BF_01,good
813,c:\Users\chris\Desktop\University\Thesis\AutomaticMicrogliaMorphologyAnalysis\AnnotationsData\Segmentations\images\2017-063_Iba1_Temporal pole_Batch 6.vsi - 20x_BF_01\MG_whole\ann-31__x-25256_y-26342_w-92_h-109__ds-1.png,c:\Users\chris\Desktop\University\Thesis\AutomaticMicrogliaMorphologyAnalysis\AnnotationsData\Segmentations\masks\2017-063_Iba1_Temporal pole_Batch 6.vsi - 20x_BF_01\MG_whole\ann-31__x-25256_y-26342_w-92_h-109__ds-1.png,MG_whole,2017-063_Iba1_Temporal pole_Batch 6.vsi - 20x_BF_01,good
814,c:\Users\chris\Desktop\University\Thesis\AutomaticMicrogliaMorphologyAnalysis\AnnotationsData\Segmentations\images\2017-063_Iba1_Temporal pole_Batch 6.vsi - 20x_BF_01\MG_whole\ann-322__x-14042_y-26671_w-144_h-154__ds-1.png,c:\Users\chris\Desktop\University\Thesis\AutomaticMicrogliaMorphologyAnalysis\AnnotationsData\Segmentations\masks\2017-063_Iba1_Temporal pole_Batch 6.vsi - 20x_BF_01\MG_whole\ann-322__x-14042_y-26671_w-144_h-154__ds-1.png,MG_whole,2017-063_Iba1_Temporal pole_Batch 6.vsi - 20x_BF_01,medium
815,c:\Users\chris\Desktop\University\Thesis\AutomaticMicrogliaMorphologyAnalysis\AnnotationsData\Segmentations\images\2017-063_Iba1_Temporal pole_Batch 6.vsi - 20x_BF_01\MG_whole\ann-323__x-13899_y-26773_w-169_h-217__ds-1.png,c:\Users\chris\Desktop\University\Thesis\AutomaticMicrogliaMorphologyAnalysis\AnnotationsData\Segmentations\masks\2017-063_Iba1_Temporal pole_Batch 6.vsi - 20x_BF_01\MG_whole\ann-323__x-13899_y-26773_w-169_h-217__ds-1.png,MG_whole,2017-063_Iba1_Temporal pole_Batch 6.vsi - 20x_BF_01,medium
816,c:\Users\chris\Desktop\University\Thesis\AutomaticMicrogliaMorphologyAnalysis\AnnotationsData\Segmentations\images\2017-063_Iba1_Temporal pole_Batch 6.vsi - 20x_BF_01\MG_whole\ann-325__x-17175_y-22596_w-134_h-142__ds-1.png,c:\Users\chris\Desktop\University\Thesis\AutomaticMicrogliaMorphologyAnalysis\AnnotationsData\Segmentations\masks\2017-063_Iba1_Temporal pole_Batch 6.vsi - 20x_BF_01\MG_whole\ann-325__x-17175_y-22596_w-134_h-142__ds-1.png,MG_whole,2017-063_Iba1_Temporal pole_Batch 6.vsi - 20x_BF_01,medium
817,c:\Users\chris\Desktop\University\Thesis\AutomaticMicrogliaMorphologyAnalysis\AnnotationsData\Segmentations\images\2017-063_Iba1_Temporal pole_Batch 6.vsi - 20x_BF_01\MG_whole\ann-327__x-16740_y-22332_w-204_h-141__ds-1.png,c:\Users\chris\Desktop\University\Thesis\AutomaticMicrogliaMorphologyAnalysis\AnnotationsData\Segmentations\masks\2017-063_Iba1_Temporal pole_Batch 6.vsi - 20x_BF_01\MG_whole\ann-327__x-16740_y-22332_w-204_h-141__ds-1.png,MG_whole,2017-063_Iba1_Temporal pole_Batch 6.vsi - 20x_BF_01,medium
818,c:\Users\chris\Desktop\University\Thesis\AutomaticMicrogliaMorphologyAnalysis\AnnotationsData\Segmentations\images\2017-063_Iba1_Temporal pole_Batch 6.vsi - 20x_BF_01\MG_whole\ann-329__x-17092_y-21749_w-133_h-148__ds-1.png,c:\Users\chris\Desktop\University\Thesis\AutomaticMicrogliaMorphologyAnalysis\AnnotationsData\Segmentations\masks\2017-063_Iba1_Temporal pole_Batch 6.vsi - 20x_BF_01\MG_whole\ann-329__x-17092_y-21749_w-133_h-148__ds-1.png,MG_whole,2017-063_Iba1_Temporal pole_Batch 6.vsi - 20x_BF_01,medium
819,c:\Users\chris\Desktop\University\Thesis\AutomaticMicrogliaMorphologyAnalysis\AnnotationsData\Segmentations\images\2017-063_Iba1_Temporal pole_Batch 6.vsi - 20x_BF_01\MG_whole\ann-334__x-15832_y-20421_w-151_h-137__ds-1.png,c:\Users\chris\Desktop\University\Thesis\AutomaticMicrogliaMorphologyAnalysis\AnnotationsData\Segmentations\masks\2017-063_Iba1_Temporal pole_Batch 6.vsi - 20x_BF_01\MG_whole\ann-334__x-15832_y-20421_w-151_h-137__ds-1.png,MG_whole,2017-063_Iba1_Temporal pole_Batch 6.vsi - 20x_BF_01,good
820,c:\Users\chris\Desktop\University\Thesis\AutomaticMicrogliaMorphologyAnalysis\AnnotationsData\Segmentations\images\2017-063_Iba1_Temporal pole_Batch 6.vsi - 20x_BF_01\MG_whole\ann-335__x-16450_y-20540_w-169_h-116__ds-1.png,c:\Users\chris\Desktop\University\Thesis\AutomaticMicrogliaMorphologyAnalysis\AnnotationsData\Segmentations\masks\2017-063_Iba1_Temporal pole_Batch 6.vsi - 20x_BF_01\MG_whole\ann-335__x-16450_y-20540_w-169_h-116__ds-1.png,MG_whole,2017-063_Iba1_Temporal pole_Batch 6.vsi - 20x_BF_01,medium
821,c:\Users\chris\Desktop\University\Thesis\AutomaticMicrogliaMorphologyAnalysis\AnnotationsData\Segmentations\images\2017-063_Iba1_Temporal pole_Batch 6.vsi - 20x_BF_01\MG_whole\ann-336__x-16026_y-20718_w-180_h-154__ds-1.png,c:\Users\chris\Desktop\University\Thesis\AutomaticMicrogliaMorphologyAnalysis\AnnotationsData\Segmentations\masks\2017-063_Iba1_Temporal pole_Batch 6.vsi - 20x_BF_01\MG_whole\ann-336__x-16026_y-20718_w-180_h-154__ds-1.png,MG_whole,2017-063_Iba1_Temporal pole_Batch 6.vsi - 20x_BF_01,medium
822,c:\Users\chris\Desktop\University\Thesis\AutomaticMicrogliaMorphologyAnalysis\AnnotationsData\Segmentations\images\2017-063_Iba1_Temporal pole_Batch 6.vsi - 20x_BF_01\MG_whole\ann-337__x-16111_y-20871_w-139_h-168__ds-1.png,c:\Users\chris\Desktop\University\Thesis\AutomaticMicrogliaMorphologyAnalysis\AnnotationsData\Segmentations\masks\2017-063_Iba1_Temporal pole_Batch 6.vsi - 20x_BF_01\MG_whole\ann-337__x-16111_y-20871_w-139_h-168__ds-1.png,MG_whole,2017-063_Iba1_Temporal pole_Batch 6.vsi - 20x_BF_01,good
823,c:\Users\chris\Desktop\University\Thesis\AutomaticMicrogliaMorphologyAnalysis\AnnotationsData\Segmentations\images\2017-063_Iba1_Temporal pole_Batch 6.vsi - 20x_BF_01\MG_whole\ann-33__x-24823_y-26412_w-122_h-214__ds-1.png,c:\Users\chris\Desktop\University\Thesis\AutomaticMicrogliaMorphologyAnalysis\AnnotationsData\Segmentations\masks\2017-063_Iba1_Temporal pole_Batch 6.vsi - 20x_BF_01\MG_whole\ann-33__x-24823_y-26412_w-122_h-214__ds-1.png,MG_whole,2017-063_Iba1_Temporal pole_Batch 6.vsi - 20x_BF_01,good
824,c:\Users\chris\Desktop\University\Thesis\AutomaticMicrogliaMorphologyAnalysis\AnnotationsData\Segmentations\images\2017-063_Iba1_Temporal pole_Batch 6.vsi - 20x_BF_01\MG_whole\ann-346__x-14424_y-20631_w-233_h-149__ds-1.png,c:\Users\chris\Desktop\University\Thesis\AutomaticMicrogliaMorphologyAnalysis\AnnotationsData\Segmentations\masks\2017-063_Iba1_Temporal pole_Batch 6.vsi - 20x_BF_01\MG_whole\ann-346__x-14424_y-20631_w-233_h-149__ds-1.png,MG_whole,2017-063_Iba1_Temporal pole_Batch 6.vsi - 20x_BF_01,good
825,c:\Users\chris\Desktop\University\Thesis\AutomaticMicrogliaMorphologyAnalysis\AnnotationsData\Segmentations\images\2017-063_Iba1_Temporal pole_Batch 6.vsi - 20x_BF_01\MG_whole\ann-347__x-14675_y-20833_w-129_h-133__ds-1.png,c:\Users\chris\Desktop\University\Thesis\AutomaticMicrogliaMorphologyAnalysis\AnnotationsData\Segmentations\masks\2017-063_Iba1_Temporal pole_Batch 6.vsi - 20x_BF_01\MG_whole\ann-347__x-14675_y-20833_w-129_h-133__ds-1.png,MG_whole,2017-063_Iba1_Temporal pole_Batch 6.vsi - 20x_BF_01,medium
826,c:\Users\chris\Desktop\University\Thesis\AutomaticMicrogliaMorphologyAnalysis\AnnotationsData\Segmentations\images\2017-063_Iba1_Temporal pole_Batch 6.vsi - 20x_BF_01\MG_whole\ann-348__x-14729_y-21124_w-148_h-100__ds-1.png,c:\Users\chris\Desktop\University\Thesis\AutomaticMicrogliaMorphologyAnalysis\AnnotationsData\Segmentations\masks\2017-063_Iba1_Temporal pole_Batch 6.vsi - 20x_BF_01\MG_whole\ann-348__x-14729_y-21124_w-148_h-100__ds-1.png,MG_whole,2017-063_Iba1_Temporal pole_Batch 6.vsi - 20x_BF_01,medium
827,c:\Users\chris\Desktop\University\Thesis\AutomaticMicrogliaMorphologyAnalysis\AnnotationsData\Segmentations\images\2017-063_Iba1_Temporal pole_Batch 6.vsi - 20x_BF_01\MG_whole\ann-349__x-14733_y-21208_w-133_h-131__ds-1.png,c:\Users\chris\Desktop\University\Thesis\AutomaticMicrogliaMorphologyAnalysis\AnnotationsData\Segmentations\masks\2017-063_Iba1_Temporal pole_Batch 6.vsi - 20x_BF_01\MG_whole\ann-349__x-14733_y-21208_w-133_h-131__ds-1.png,MG_whole,2017-063_Iba1_Temporal pole_Batch 6.vsi - 20x_BF_01,medium
828,c:\Users\chris\Desktop\University\Thesis\AutomaticMicrogliaMorphologyAnalysis\AnnotationsData\Segmentations\images\2017-063_Iba1_Temporal pole_Batch 6.vsi - 20x_BF_01\MG_whole\ann-350__x-14489_y-21196_w-123_h-196__ds-1.png,c:\Users\chris\Desktop\University\Thesis\AutomaticMicrogliaMorphologyAnalysis\AnnotationsData\Segmentations\masks\2017-063_Iba1_Temporal pole_Batch 6.vsi - 20x_BF_01\MG_whole\ann-350__x-14489_y-21196_w-123_h-196__ds-1.png,MG_whole,2017-063_Iba1_Temporal pole_Batch 6.vsi - 20x_BF_01,good
829,c:\Users\chris\Desktop\University\Thesis\AutomaticMicrogliaMorphologyAnalysis\AnnotationsData\Segmentations\images\2017-063_Iba1_Temporal pole_Batch 6.vsi - 20x_BF_01\MG_whole\ann-351__x-15080_y-20523_w-152_h-190__ds-1.png,c:\Users\chris\Desktop\University\Thesis\AutomaticMicrogliaMorphologyAnalysis\AnnotationsData\Segmentations\masks\2017-063_Iba1_Temporal pole_Batch 6.vsi - 20x_BF_01\MG_whole\ann-351__x-15080_y-20523_w-152_h-190__ds-1.png,MG_whole,2017-063_Iba1_Temporal pole_Batch 6.vsi - 20x_BF_01,medium
830,c:\Users\chris\Desktop\University\Thesis\AutomaticMicrogliaMorphologyAnalysis\AnnotationsData\Segmentations\images\2017-063_Iba1_Temporal pole_Batch 6.vsi - 20x_BF_01\MG_whole\ann-352__x-15351_y-20609_w-127_h-88__ds-1.png,c:\Users\chris\Desktop\University\Thesis\AutomaticMicrogliaMorphologyAnalysis\AnnotationsData\Segmentations\masks\2017-063_Iba1_Temporal pole_Batch 6.vsi - 20x_BF_01\MG_whole\ann-352__x-15351_y-20609_w-127_h-88__ds-1.png,MG_whole,2017-063_Iba1_Temporal pole_Batch 6.vsi - 20x_BF_01,medium
831,c:\Users\chris\Desktop\University\Thesis\AutomaticMicrogliaMorphologyAnalysis\AnnotationsData\Segmentations\images\2017-063_Iba1_Temporal pole_Batch 6.vsi - 20x_BF_01\MG_whole\ann-353__x-15638_y-20589_w-80_h-125__ds-1.png,c:\Users\chris\Desktop\University\Thesis\AutomaticMicrogliaMorphologyAnalysis\AnnotationsData\Segmentations\masks\2017-063_Iba1_Temporal pole_Batch 6.vsi - 20x_BF_01\MG_whole\ann-353__x-15638_y-20589_w-80_h-125__ds-1.png,MG_whole,2017-063_Iba1_Temporal pole_Batch 6.vsi - 20x_BF_01,medium
832,c:\Users\chris\Desktop\University\Thesis\AutomaticMicrogliaMorphologyAnalysis\AnnotationsData\Segmentations\images\2017-063_Iba1_Temporal pole_Batch 6.vsi - 20x_BF_01\MG_whole\ann-355__x-15080_y-21361_w-172_h-98__ds-1.png,c:\Users\chris\Desktop\University\Thesis\AutomaticMicrogliaMorphologyAnalysis\AnnotationsData\Segmentations\masks\2017-063_Iba1_Temporal pole_Batch 6.vsi - 20x_BF_01\MG_whole\ann-355__x-15080_y-21361_w-172_h-98__ds-1.png,MG_whole,2017-063_Iba1_Temporal pole_Batch 6.vsi - 20x_BF_01,medium
833,c:\Users\chris\Desktop\University\Thesis\AutomaticMicrogliaMorphologyAnalysis\AnnotationsData\Segmentations\images\2017-063_Iba1_Temporal pole_Batch 6.vsi - 20x_BF_01\MG_whole\ann-359__x-14455_y-19686_w-114_h-113__ds-1.png,c:\Users\chris\Desktop\University\Thesis\AutomaticMicrogliaMorphologyAnalysis\AnnotationsData\Segmentations\masks\2017-063_Iba1_Temporal pole_Batch 6.vsi - 20x_BF_01\MG_whole\ann-359__x-14455_y-19686_w-114_h-113__ds-1.png,MG_whole,2017-063_Iba1_Temporal pole_Batch 6.vsi - 20x_BF_01,medium
834,c:\Users\chris\Desktop\University\Thesis\AutomaticMicrogliaMorphologyAnalysis\AnnotationsData\Segmentations\images\2017-063_Iba1_Temporal pole_Batch 6.vsi - 20x_BF_01\MG_whole\ann-35__x-25901_y-27156_w-154_h-170__ds-1.png,c:\Users\chris\Desktop\University\Thesis\AutomaticMicrogliaMorphologyAnalysis\AnnotationsData\Segmentations\masks\2017-063_Iba1_Temporal pole_Batch 6.vsi - 20x_BF_01\MG_whole\ann-35__x-25901_y-27156_w-154_h-170__ds-1.png,MG_whole,2017-063_Iba1_Temporal pole_Batch 6.vsi - 20x_BF_01,good
835,c:\Users\chris\Desktop\University\Thesis\AutomaticMicrogliaMorphologyAnalysis\AnnotationsData\Segmentations\images\2017-063_Iba1_Temporal pole_Batch 6.vsi - 20x_BF_01\MG_whole\ann-360__x-14380_y-19949_w-185_h-135__ds-1.png,c:\Users\chris\Desktop\University\Thesis\AutomaticMicrogliaMorphologyAnalysis\AnnotationsData\Segmentations\masks\2017-063_Iba1_Temporal pole_Batch 6.vsi - 20x_BF_01\MG_whole\ann-360__x-14380_y-19949_w-185_h-135__ds-1.png,MG_whole,2017-063_Iba1_Temporal pole_Batch 6.vsi - 20x_BF_01,medium
836,c:\Users\chris\Desktop\University\Thesis\AutomaticMicrogliaMorphologyAnalysis\AnnotationsData\Segmentations\images\2017-063_Iba1_Temporal pole_Batch 6.vsi - 20x_BF_01\MG_whole\ann-361__x-14250_y-19766_w-180_h-168__ds-1.png,c:\Users\chris\Desktop\University\Thesis\AutomaticMicrogliaMorphologyAnalysis\AnnotationsData\Segmentations\masks\2017-063_Iba1_Temporal pole_Batch 6.vsi - 20x_BF_01\MG_whole\ann-361__x-14250_y-19766_w-180_h-168__ds-1.png,MG_whole,2017-063_Iba1_Temporal pole_Batch 6.vsi - 20x_BF_01,medium
837,c:\Users\chris\Desktop\University\Thesis\AutomaticMicrogliaMorphologyAnalysis\AnnotationsData\Segmentations\images\2017-063_Iba1_Temporal pole_Batch 6.vsi - 20x_BF_01\MG_whole\ann-363__x-17228_y-19029_w-77_h-86__ds-1.png,c:\Users\chris\Desktop\University\Thesis\AutomaticMicrogliaMorphologyAnalysis\AnnotationsData\Segmentations\masks\2017-063_Iba1_Temporal pole_Batch 6.vsi - 20x_BF_01\MG_whole\ann-363__x-17228_y-19029_w-77_h-86__ds-1.png,MG_whole,2017-063_Iba1_Temporal pole_Batch 6.vsi - 20x_BF_01,good
838,c:\Users\chris\Desktop\University\Thesis\AutomaticMicrogliaMorphologyAnalysis\AnnotationsData\Segmentations\images\2017-063_Iba1_Temporal pole_Batch 6.vsi - 20x_BF_01\MG_whole\ann-365__x-17411_y-18929_w-145_h-103__ds-1.png,c:\Users\chris\Desktop\University\Thesis\AutomaticMicrogliaMorphologyAnalysis\AnnotationsData\Segmentations\masks\2017-063_Iba1_Temporal pole_Batch 6.vsi - 20x_BF_01\MG_whole\ann-365__x-17411_y-18929_w-145_h-103__ds-1.png,MG_whole,2017-063_Iba1_Temporal pole_Batch 6.vsi - 20x_BF_01,good
839,c:\Users\chris\Desktop\University\Thesis\AutomaticMicrogliaMorphologyAnalysis\AnnotationsData\Segmentations\images\2017-063_Iba1_Temporal pole_Batch 6.vsi - 20x_BF_01\MG_whole\ann-368__x-16721_y-16614_w-102_h-69__ds-1.png,c:\Users\chris\Desktop\University\Thesis\AutomaticMicrogliaMorphologyAnalysis\AnnotationsData\Segmentations\masks\2017-063_Iba1_Temporal pole_Batch 6.vsi - 20x_BF_01\MG_whole\ann-368__x-16721_y-16614_w-102_h-69__ds-1.png,MG_whole,2017-063_Iba1_Temporal pole_Batch 6.vsi - 20x_BF_01,medium
840,c:\Users\chris\Desktop\University\Thesis\AutomaticMicrogliaMorphologyAnalysis\AnnotationsData\Segmentations\images\2017-063_Iba1_Temporal pole_Batch 6.vsi - 20x_BF_01\MG_whole\ann-369__x-16688_y-16682_w-113_h-138__ds-1.png,c:\Users\chris\Desktop\University\Thesis\AutomaticMicrogliaMorphologyAnalysis\AnnotationsData\Segmentations\masks\2017-063_Iba1_Temporal pole_Batch 6.vsi - 20x_BF_01\MG_whole\ann-369__x-16688_y-16682_w-113_h-138__ds-1.png,MG_whole,2017-063_Iba1_Temporal pole_Batch 6.vsi - 20x_BF_01,medium
841,c:\Users\chris\Desktop\University\Thesis\AutomaticMicrogliaMorphologyAnalysis\AnnotationsData\Segmentations\images\2017-063_Iba1_Temporal pole_Batch 6.vsi - 20x_BF_01\MG_whole\ann-371__x-16797_y-16106_w-107_h-178__ds-1.png,c:\Users\chris\Desktop\University\Thesis\AutomaticMicrogliaMorphologyAnalysis\AnnotationsData\Segmentations\masks\2017-063_Iba1_Temporal pole_Batch 6.vsi - 20x_BF_01\MG_whole\ann-371__x-16797_y-16106_w-107_h-178__ds-1.png,MG_whole,2017-063_Iba1_Temporal pole_Batch 6.vsi - 20x_BF_01,good
842,c:\Users\chris\Desktop\University\Thesis\AutomaticMicrogliaMorphologyAnalysis\AnnotationsData\Segmentations\images\2017-063_Iba1_Temporal pole_Batch 6.vsi - 20x_BF_01\MG_whole\ann-373__x-17335_y-16663_w-130_h-113__ds-1.png,c:\Users\chris\Desktop\University\Thesis\AutomaticMicrogliaMorphologyAnalysis\AnnotationsData\Segmentations\masks\2017-063_Iba1_Temporal pole_Batch 6.vsi - 20x_BF_01\MG_whole\ann-373__x-17335_y-16663_w-130_h-113__ds-1.png,MG_whole,2017-063_Iba1_Temporal pole_Batch 6.vsi - 20x_BF_01,good
843,c:\Users\chris\Desktop\University\Thesis\AutomaticMicrogliaMorphologyAnalysis\AnnotationsData\Segmentations\images\2017-063_Iba1_Temporal pole_Batch 6.vsi - 20x_BF_01\MG_whole\ann-375__x-16914_y-17327_w-136_h-176__ds-1.png,c:\Users\chris\Desktop\University\Thesis\AutomaticMicrogliaMorphologyAnalysis\AnnotationsData\Segmentations\masks\2017-063_Iba1_Temporal pole_Batch 6.vsi - 20x_BF_01\MG_whole\ann-375__x-16914_y-17327_w-136_h-176__ds-1.png,MG_whole,2017-063_Iba1_Temporal pole_Batch 6.vsi - 20x_BF_01,good
844,c:\Users\chris\Desktop\University\Thesis\AutomaticMicrogliaMorphologyAnalysis\AnnotationsData\Segmentations\images\2017-063_Iba1_Temporal pole_Batch 6.vsi - 20x_BF_01\MG_whole\ann-377__x-15598_y-16589_w-189_h-155__ds-1.png,c:\Users\chris\Desktop\University\Thesis\AutomaticMicrogliaMorphologyAnalysis\AnnotationsData\Segmentations\masks\2017-063_Iba1_Temporal pole_Batch 6.vsi - 20x_BF_01\MG_whole\ann-377__x-15598_y-16589_w-189_h-155__ds-1.png,MG_whole,2017-063_Iba1_Temporal pole_Batch 6.vsi - 20x_BF_01,medium
845,c:\Users\chris\Desktop\University\Thesis\AutomaticMicrogliaMorphologyAnalysis\AnnotationsData\Segmentations\images\2017-063_Iba1_Temporal pole_Batch 6.vsi - 20x_BF_01\MG_whole\ann-379__x-18242_y-19426_w-176_h-124__ds-1.png,c:\Users\chris\Desktop\University\Thesis\AutomaticMicrogliaMorphologyAnalysis\AnnotationsData\Segmentations\masks\2017-063_Iba1_Temporal pole_Batch 6.vsi - 20x_BF_01\MG_whole\ann-379__x-18242_y-19426_w-176_h-124__ds-1.png,MG_whole,2017-063_Iba1_Temporal pole_Batch 6.vsi - 20x_BF_01,medium
846,c:\Users\chris\Desktop\University\Thesis\AutomaticMicrogliaMorphologyAnalysis\AnnotationsData\Segmentations\images\2017-063_Iba1_Temporal pole_Batch 6.vsi - 20x_BF_01\MG_whole\ann-37__x-26087_y-28046_w-98_h-96__ds-1.png,c:\Users\chris\Desktop\University\Thesis\AutomaticMicrogliaMorphologyAnalysis\AnnotationsData\Segmentations\masks\2017-063_Iba1_Temporal pole_Batch 6.vsi - 20x_BF_01\MG_whole\ann-37__x-26087_y-28046_w-98_h-96__ds-1.png,MG_whole,2017-063_Iba1_Temporal pole_Batch 6.vsi - 20x_BF_01,medium
847,c:\Users\chris\Desktop\University\Thesis\AutomaticMicrogliaMorphologyAnalysis\AnnotationsData\Segmentations\images\2017-063_Iba1_Temporal pole_Batch 6.vsi - 20x_BF_01\MG_whole\ann-381__x-18978_y-19432_w-144_h-172__ds-1.png,c:\Users\chris\Desktop\University\Thesis\AutomaticMicrogliaMorphologyAnalysis\AnnotationsData\Segmentations\masks\2017-063_Iba1_Temporal pole_Batch 6.vsi - 20x_BF_01\MG_whole\ann-381__x-18978_y-19432_w-144_h-172__ds-1.png,MG_whole,2017-063_Iba1_Temporal pole_Batch 6.vsi - 20x_BF_01,medium
848,c:\Users\chris\Desktop\University\Thesis\AutomaticMicrogliaMorphologyAnalysis\AnnotationsData\Segmentations\images\2017-063_Iba1_Temporal pole_Batch 6.vsi - 20x_BF_01\MG_whole\ann-383__x-18948_y-20389_w-127_h-198__ds-1.png,c:\Users\chris\Desktop\University\Thesis\AutomaticMicrogliaMorphologyAnalysis\AnnotationsData\Segmentations\masks\2017-063_Iba1_Temporal pole_Batch 6.vsi - 20x_BF_01\MG_whole\ann-383__x-18948_y-20389_w-127_h-198__ds-1.png,MG_whole,2017-063_Iba1_Temporal pole_Batch 6.vsi - 20x_BF_01,medium
849,c:\Users\chris\Desktop\University\Thesis\AutomaticMicrogliaMorphologyAnalysis\AnnotationsData\Segmentations\images\2017-063_Iba1_Temporal pole_Batch 6.vsi - 20x_BF_01\MG_whole\ann-385__x-19214_y-20590_w-115_h-177__ds-1.png,c:\Users\chris\Desktop\University\Thesis\AutomaticMicrogliaMorphologyAnalysis\AnnotationsData\Segmentations\masks\2017-063_Iba1_Temporal pole_Batch 6.vsi - 20x_BF_01\MG_whole\ann-385__x-19214_y-20590_w-115_h-177__ds-1.png,MG_whole,2017-063_Iba1_Temporal pole_Batch 6.vsi - 20x_BF_01,medium
850,c:\Users\chris\Desktop\University\Thesis\AutomaticMicrogliaMorphologyAnalysis\AnnotationsData\Segmentations\images\2017-063_Iba1_Temporal pole_Batch 6.vsi - 20x_BF_01\MG_whole\ann-387__x-19288_y-22253_w-93_h-80__ds-1.png,c:\Users\chris\Desktop\University\Thesis\AutomaticMicrogliaMorphologyAnalysis\AnnotationsData\Segmentations\masks\2017-063_Iba1_Temporal pole_Batch 6.vsi - 20x_BF_01\MG_whole\ann-387__x-19288_y-22253_w-93_h-80__ds-1.png,MG_whole,2017-063_Iba1_Temporal pole_Batch 6.vsi - 20x_BF_01,bad_image_quality
851,c:\Users\chris\Desktop\University\Thesis\AutomaticMicrogliaMorphologyAnalysis\AnnotationsData\Segmentations\images\2017-063_Iba1_Temporal pole_Batch 6.vsi - 20x_BF_01\MG_whole\ann-389__x-19743_y-22018_w-105_h-122__ds-1.png,c:\Users\chris\Desktop\University\Thesis\AutomaticMicrogliaMorphologyAnalysis\AnnotationsData\Segmentations\masks\2017-063_Iba1_Temporal pole_Batch 6.vsi - 20x_BF_01\MG_whole\ann-389__x-19743_y-22018_w-105_h-122__ds-1.png,MG_whole,2017-063_Iba1_Temporal pole_Batch 6.vsi - 20x_BF_01,medium
852,c:\Users\chris\Desktop\University\Thesis\AutomaticMicrogliaMorphologyAnalysis\AnnotationsData\Segmentations\images\2017-063_Iba1_Temporal pole_Batch 6.vsi - 20x_BF_01\MG_whole\ann-392__x-18258_y-22086_w-141_h-114__ds-1.png,c:\Users\chris\Desktop\University\Thesis\AutomaticMicrogliaMorphologyAnalysis\AnnotationsData\Segmentations\masks\2017-063_Iba1_Temporal pole_Batch 6.vsi - 20x_BF_01\MG_whole\ann-392__x-18258_y-22086_w-141_h-114__ds-1.png,MG_whole,2017-063_Iba1_Temporal pole_Batch 6.vsi - 20x_BF_01,medium
853,c:\Users\chris\Desktop\University\Thesis\AutomaticMicrogliaMorphologyAnalysis\AnnotationsData\Segmentations\images\2017-063_Iba1_Temporal pole_Batch 6.vsi - 20x_BF_01\MG_whole\ann-393__x-18664_y-22459_w-112_h-84__ds-1.png,c:\Users\chris\Desktop\University\Thesis\AutomaticMicrogliaMorphologyAnalysis\AnnotationsData\Segmentations\masks\2017-063_Iba1_Temporal pole_Batch 6.vsi - 20x_BF_01\MG_whole\ann-393__x-18664_y-22459_w-112_h-84__ds-1.png,MG_whole,2017-063_Iba1_Temporal pole_Batch 6.vsi - 20x_BF_01,medium
854,c:\Users\chris\Desktop\University\Thesis\AutomaticMicrogliaMorphologyAnalysis\AnnotationsData\Segmentations\images\2017-063_Iba1_Temporal pole_Batch 6.vsi - 20x_BF_01\MG_whole\ann-395__x-18979_y-21125_w-88_h-71__ds-1.png,c:\Users\chris\Desktop\University\Thesis\AutomaticMicrogliaMorphologyAnalysis\AnnotationsData\Segmentations\masks\2017-063_Iba1_Temporal pole_Batch 6.vsi - 20x_BF_01\MG_whole\ann-395__x-18979_y-21125_w-88_h-71__ds-1.png,MG_whole,2017-063_Iba1_Temporal pole_Batch 6.vsi - 20x_BF_01,medium
855,c:\Users\chris\Desktop\University\Thesis\AutomaticMicrogliaMorphologyAnalysis\AnnotationsData\Segmentations\images\2017-063_Iba1_Temporal pole_Batch 6.vsi - 20x_BF_01\MG_whole\ann-397__x-17015_y-25203_w-103_h-192__ds-1.png,c:\Users\chris\Desktop\University\Thesis\AutomaticMicrogliaMorphologyAnalysis\AnnotationsData\Segmentations\masks\2017-063_Iba1_Temporal pole_Batch 6.vsi - 20x_BF_01\MG_whole\ann-397__x-17015_y-25203_w-103_h-192__ds-1.png,MG_whole,2017-063_Iba1_Temporal pole_Batch 6.vsi - 20x_BF_01,good
856,c:\Users\chris\Desktop\University\Thesis\AutomaticMicrogliaMorphologyAnalysis\AnnotationsData\Segmentations\images\2017-063_Iba1_Temporal pole_Batch 6.vsi - 20x_BF_01\MG_whole\ann-39__x-25692_y-26557_w-155_h-273__ds-1.png,c:\Users\chris\Desktop\University\Thesis\AutomaticMicrogliaMorphologyAnalysis\AnnotationsData\Segmentations\masks\2017-063_Iba1_Temporal pole_Batch 6.vsi - 20x_BF_01\MG_whole\ann-39__x-25692_y-26557_w-155_h-273__ds-1.png,MG_whole,2017-063_Iba1_Temporal pole_Batch 6.vsi - 20x_BF_01,good
857,c:\Users\chris\Desktop\University\Thesis\AutomaticMicrogliaMorphologyAnalysis\AnnotationsData\Segmentations\images\2017-063_Iba1_Temporal pole_Batch 6.vsi - 20x_BF_01\MG_whole\ann-3__x-28084_y-26723_w-119_h-198__ds-1.png,c:\Users\chris\Desktop\University\Thesis\AutomaticMicrogliaMorphologyAnalysis\AnnotationsData\Segmentations\masks\2017-063_Iba1_Temporal pole_Batch 6.vsi - 20x_BF_01\MG_whole\ann-3__x-28084_y-26723_w-119_h-198__ds-1.png,MG_whole,2017-063_Iba1_Temporal pole_Batch 6.vsi - 20x_BF_01,medium
858,c:\Users\chris\Desktop\University\Thesis\AutomaticMicrogliaMorphologyAnalysis\AnnotationsData\Segmentations\images\2017-063_Iba1_Temporal pole_Batch 6.vsi - 20x_BF_01\MG_whole\ann-400__x-16148_y-24835_w-138_h-117__ds-1.png,c:\Users\chris\Desktop\University\Thesis\AutomaticMicrogliaMorphologyAnalysis\AnnotationsData\Segmentations\masks\2017-063_Iba1_Temporal pole_Batch 6.vsi - 20x_BF_01\MG_whole\ann-400__x-16148_y-24835_w-138_h-117__ds-1.png,MG_whole,2017-063_Iba1_Temporal pole_Batch 6.vsi - 20x_BF_01,medium
859,c:\Users\chris\Desktop\University\Thesis\AutomaticMicrogliaMorphologyAnalysis\AnnotationsData\Segmentations\images\2017-063_Iba1_Temporal pole_Batch 6.vsi - 20x_BF_01\MG_whole\ann-401__x-16465_y-24700_w-102_h-146__ds-1.png,c:\Users\chris\Desktop\University\Thesis\AutomaticMicrogliaMorphologyAnalysis\AnnotationsData\Segmentations\masks\2017-063_Iba1_Temporal pole_Batch 6.vsi - 20x_BF_01\MG_whole\ann-401__x-16465_y-24700_w-102_h-146__ds-1.png,MG_whole,2017-063_Iba1_Temporal pole_Batch 6.vsi - 20x_BF_01,good
860,c:\Users\chris\Desktop\University\Thesis\AutomaticMicrogliaMorphologyAnalysis\AnnotationsData\Segmentations\images\2017-063_Iba1_Temporal pole_Batch 6.vsi - 20x_BF_01\MG_whole\ann-404__x-15888_y-24006_w-170_h-140__ds-1.png,c:\Users\chris\Desktop\University\Thesis\AutomaticMicrogliaMorphologyAnalysis\AnnotationsData\Segmentations\masks\2017-063_Iba1_Temporal pole_Batch 6.vsi - 20x_BF_01\MG_whole\ann-404__x-15888_y-24006_w-170_h-140__ds-1.png,MG_whole,2017-063_Iba1_Temporal pole_Batch 6.vsi - 20x_BF_01,medium
861,c:\Users\chris\Desktop\University\Thesis\AutomaticMicrogliaMorphologyAnalysis\AnnotationsData\Segmentations\images\2017-063_Iba1_Temporal pole_Batch 6.vsi - 20x_BF_01\MG_whole\ann-405__x-16054_y-24032_w-167_h-153__ds-1.png,c:\Users\chris\Desktop\University\Thesis\AutomaticMicrogliaMorphologyAnalysis\AnnotationsData\Segmentations\masks\2017-063_Iba1_Temporal pole_Batch 6.vsi - 20x_BF_01\MG_whole\ann-405__x-16054_y-24032_w-167_h-153__ds-1.png,MG_whole,2017-063_Iba1_Temporal pole_Batch 6.vsi - 20x_BF_01,medium
862,c:\Users\chris\Desktop\University\Thesis\AutomaticMicrogliaMorphologyAnalysis\AnnotationsData\Segmentations\images\2017-063_Iba1_Temporal pole_Batch 6.vsi - 20x_BF_01\MG_whole\ann-409__x-16003_y-23527_w-155_h-105__ds-1.png,c:\Users\chris\Desktop\University\Thesis\AutomaticMicrogliaMorphologyAnalysis\AnnotationsData\Segmentations\masks\2017-063_Iba1_Temporal pole_Batch 6.vsi - 20x_BF_01\MG_whole\ann-409__x-16003_y-23527_w-155_h-105__ds-1.png,MG_whole,2017-063_Iba1_Temporal pole_Batch 6.vsi - 20x_BF_01,medium
863,c:\Users\chris\Desktop\University\Thesis\AutomaticMicrogliaMorphologyAnalysis\AnnotationsData\Segmentations\images\2017-063_Iba1_Temporal pole_Batch 6.vsi - 20x_BF_01\MG_whole\ann-410__x-16163_y-23543_w-109_h-109__ds-1.png,c:\Users\chris\Desktop\University\Thesis\AutomaticMicrogliaMorphologyAnalysis\AnnotationsData\Segmentations\masks\2017-063_Iba1_Temporal pole_Batch 6.vsi - 20x_BF_01\MG_whole\ann-410__x-16163_y-23543_w-109_h-109__ds-1.png,MG_whole,2017-063_Iba1_Temporal pole_Batch 6.vsi - 20x_BF_01,good
864,c:\Users\chris\Desktop\University\Thesis\AutomaticMicrogliaMorphologyAnalysis\AnnotationsData\Segmentations\images\2017-063_Iba1_Temporal pole_Batch 6.vsi - 20x_BF_01\MG_whole\ann-411__x-16385_y-23590_w-97_h-56__ds-1.png,c:\Users\chris\Desktop\University\Thesis\AutomaticMicrogliaMorphologyAnalysis\AnnotationsData\Segmentations\masks\2017-063_Iba1_Temporal pole_Batch 6.vsi - 20x_BF_01\MG_whole\ann-411__x-16385_y-23590_w-97_h-56__ds-1.png,MG_whole,2017-063_Iba1_Temporal pole_Batch 6.vsi - 20x_BF_01,medium
865,c:\Users\chris\Desktop\University\Thesis\AutomaticMicrogliaMorphologyAnalysis\AnnotationsData\Segmentations\images\2017-063_Iba1_Temporal pole_Batch 6.vsi - 20x_BF_01\MG_whole\ann-416__x-15505_y-22298_w-176_h-105__ds-1.png,c:\Users\chris\Desktop\University\Thesis\AutomaticMicrogliaMorphologyAnalysis\AnnotationsData\Segmentations\masks\2017-063_Iba1_Temporal pole_Batch 6.vsi - 20x_BF_01\MG_whole\ann-416__x-15505_y-22298_w-176_h-105__ds-1.png,MG_whole,2017-063_Iba1_Temporal pole_Batch 6.vsi - 20x_BF_01,disagree
866,c:\Users\chris\Desktop\University\Thesis\AutomaticMicrogliaMorphologyAnalysis\AnnotationsData\Segmentations\images\2017-063_Iba1_Temporal pole_Batch 6.vsi - 20x_BF_01\MG_whole\ann-417__x-15686_y-22352_w-185_h-164__ds-1.png,c:\Users\chris\Desktop\University\Thesis\AutomaticMicrogliaMorphologyAnalysis\AnnotationsData\Segmentations\masks\2017-063_Iba1_Temporal pole_Batch 6.vsi - 20x_BF_01\MG_whole\ann-417__x-15686_y-22352_w-185_h-164__ds-1.png,MG_whole,2017-063_Iba1_Temporal pole_Batch 6.vsi - 20x_BF_01,bad
867,c:\Users\chris\Desktop\University\Thesis\AutomaticMicrogliaMorphologyAnalysis\AnnotationsData\Segmentations\images\2017-063_Iba1_Temporal pole_Batch 6.vsi - 20x_BF_01\MG_whole\ann-418__x-15849_y-22571_w-159_h-111__ds-1.png,c:\Users\chris\Desktop\University\Thesis\AutomaticMicrogliaMorphologyAnalysis\AnnotationsData\Segmentations\masks\2017-063_Iba1_Temporal pole_Batch 6.vsi - 20x_BF_01\MG_whole\ann-418__x-15849_y-22571_w-159_h-111__ds-1.png,MG_whole,2017-063_Iba1_Temporal pole_Batch 6.vsi - 20x_BF_01,good
868,c:\Users\chris\Desktop\University\Thesis\AutomaticMicrogliaMorphologyAnalysis\AnnotationsData\Segmentations\images\2017-063_Iba1_Temporal pole_Batch 6.vsi - 20x_BF_01\MG_whole\ann-419__x-15247_y-22395_w-136_h-98__ds-1.png,c:\Users\chris\Desktop\University\Thesis\AutomaticMicrogliaMorphologyAnalysis\AnnotationsData\Segmentations\masks\2017-063_Iba1_Temporal pole_Batch 6.vsi - 20x_BF_01\MG_whole\ann-419__x-15247_y-22395_w-136_h-98__ds-1.png,MG_whole,2017-063_Iba1_Temporal pole_Batch 6.vsi - 20x_BF_01,good
869,c:\Users\chris\Desktop\University\Thesis\AutomaticMicrogliaMorphologyAnalysis\AnnotationsData\Segmentations\images\2017-063_Iba1_Temporal pole_Batch 6.vsi - 20x_BF_01\MG_whole\ann-41__x-25591_y-28411_w-169_h-107__ds-1.png,c:\Users\chris\Desktop\University\Thesis\AutomaticMicrogliaMorphologyAnalysis\AnnotationsData\Segmentations\masks\2017-063_Iba1_Temporal pole_Batch 6.vsi - 20x_BF_01\MG_whole\ann-41__x-25591_y-28411_w-169_h-107__ds-1.png,MG_whole,2017-063_Iba1_Temporal pole_Batch 6.vsi - 20x_BF_01,medium
870,c:\Users\chris\Desktop\University\Thesis\AutomaticMicrogliaMorphologyAnalysis\AnnotationsData\Segmentations\images\2017-063_Iba1_Temporal pole_Batch 6.vsi - 20x_BF_01\MG_whole\ann-421__x-15068_y-23692_w-206_h-200__ds-1.png,c:\Users\chris\Desktop\University\Thesis\AutomaticMicrogliaMorphologyAnalysis\AnnotationsData\Segmentations\masks\2017-063_Iba1_Temporal pole_Batch 6.vsi - 20x_BF_01\MG_whole\ann-421__x-15068_y-23692_w-206_h-200__ds-1.png,MG_whole,2017-063_Iba1_Temporal pole_Batch 6.vsi - 20x_BF_01,good
871,c:\Users\chris\Desktop\University\Thesis\AutomaticMicrogliaMorphologyAnalysis\AnnotationsData\Segmentations\images\2017-063_Iba1_Temporal pole_Batch 6.vsi - 20x_BF_01\MG_whole\ann-423__x-15647_y-24216_w-254_h-193__ds-1.png,c:\Users\chris\Desktop\University\Thesis\AutomaticMicrogliaMorphologyAnalysis\AnnotationsData\Segmentations\masks\2017-063_Iba1_Temporal pole_Batch 6.vsi - 20x_BF_01\MG_whole\ann-423__x-15647_y-24216_w-254_h-193__ds-1.png,MG_whole,2017-063_Iba1_Temporal pole_Batch 6.vsi - 20x_BF_01,good
872,c:\Users\chris\Desktop\University\Thesis\AutomaticMicrogliaMorphologyAnalysis\AnnotationsData\Segmentations\images\2017-063_Iba1_Temporal pole_Batch 6.vsi - 20x_BF_01\MG_whole\ann-426__x-14650_y-24205_w-160_h-157__ds-1.png,c:\Users\chris\Desktop\University\Thesis\AutomaticMicrogliaMorphologyAnalysis\AnnotationsData\Segmentations\masks\2017-063_Iba1_Temporal pole_Batch 6.vsi - 20x_BF_01\MG_whole\ann-426__x-14650_y-24205_w-160_h-157__ds-1.png,MG_whole,2017-063_Iba1_Temporal pole_Batch 6.vsi - 20x_BF_01,medium
873,c:\Users\chris\Desktop\University\Thesis\AutomaticMicrogliaMorphologyAnalysis\AnnotationsData\Segmentations\images\2017-063_Iba1_Temporal pole_Batch 6.vsi - 20x_BF_01\MG_whole\ann-427__x-14619_y-23981_w-144_h-189__ds-1.png,c:\Users\chris\Desktop\University\Thesis\AutomaticMicrogliaMorphologyAnalysis\AnnotationsData\Segmentations\masks\2017-063_Iba1_Temporal pole_Batch 6.vsi - 20x_BF_01\MG_whole\ann-427__x-14619_y-23981_w-144_h-189__ds-1.png,MG_whole,2017-063_Iba1_Temporal pole_Batch 6.vsi - 20x_BF_01,good
874,c:\Users\chris\Desktop\University\Thesis\AutomaticMicrogliaMorphologyAnalysis\AnnotationsData\Segmentations\images\2017-063_Iba1_Temporal pole_Batch 6.vsi - 20x_BF_01\MG_whole\ann-429__x-14280_y-24573_w-155_h-211__ds-1.png,c:\Users\chris\Desktop\University\Thesis\AutomaticMicrogliaMorphologyAnalysis\AnnotationsData\Segmentations\masks\2017-063_Iba1_Temporal pole_Batch 6.vsi - 20x_BF_01\MG_whole\ann-429__x-14280_y-24573_w-155_h-211__ds-1.png,MG_whole,2017-063_Iba1_Temporal pole_Batch 6.vsi - 20x_BF_01,good
875,c:\Users\chris\Desktop\University\Thesis\AutomaticMicrogliaMorphologyAnalysis\AnnotationsData\Segmentations\images\2017-063_Iba1_Temporal pole_Batch 6.vsi - 20x_BF_01\MG_whole\ann-431__x-15134_y-26049_w-104_h-131__ds-1.png,c:\Users\chris\Desktop\University\Thesis\AutomaticMicrogliaMorphologyAnalysis\AnnotationsData\Segmentations\masks\2017-063_Iba1_Temporal pole_Batch 6.vsi - 20x_BF_01\MG_whole\ann-431__x-15134_y-26049_w-104_h-131__ds-1.png,MG_whole,2017-063_Iba1_Temporal pole_Batch 6.vsi - 20x_BF_01,good
876,c:\Users\chris\Desktop\University\Thesis\AutomaticMicrogliaMorphologyAnalysis\AnnotationsData\Segmentations\images\2017-063_Iba1_Temporal pole_Batch 6.vsi - 20x_BF_01\MG_whole\ann-433__x-14995_y-26337_w-110_h-168__ds-1.png,c:\Users\chris\Desktop\University\Thesis\AutomaticMicrogliaMorphologyAnalysis\AnnotationsData\Segmentations\masks\2017-063_Iba1_Temporal pole_Batch 6.vsi - 20x_BF_01\MG_whole\ann-433__x-14995_y-26337_w-110_h-168__ds-1.png,MG_whole,2017-063_Iba1_Temporal pole_Batch 6.vsi - 20x_BF_01,medium
877,c:\Users\chris\Desktop\University\Thesis\AutomaticMicrogliaMorphologyAnalysis\AnnotationsData\Segmentations\images\2017-063_Iba1_Temporal pole_Batch 6.vsi - 20x_BF_01\MG_whole\ann-436__x-17795_y-25540_w-145_h-135__ds-1.png,c:\Users\chris\Desktop\University\Thesis\AutomaticMicrogliaMorphologyAnalysis\AnnotationsData\Segmentations\masks\2017-063_Iba1_Temporal pole_Batch 6.vsi - 20x_BF_01\MG_whole\ann-436__x-17795_y-25540_w-145_h-135__ds-1.png,MG_whole,2017-063_Iba1_Temporal pole_Batch 6.vsi - 20x_BF_01,good
878,c:\Users\chris\Desktop\University\Thesis\AutomaticMicrogliaMorphologyAnalysis\AnnotationsData\Segmentations\images\2017-063_Iba1_Temporal pole_Batch 6.vsi - 20x_BF_01\MG_whole\ann-437__x-17759_y-25504_w-176_h-106__ds-1.png,c:\Users\chris\Desktop\University\Thesis\AutomaticMicrogliaMorphologyAnalysis\AnnotationsData\Segmentations\masks\2017-063_Iba1_Temporal pole_Batch 6.vsi - 20x_BF_01\MG_whole\ann-437__x-17759_y-25504_w-176_h-106__ds-1.png,MG_whole,2017-063_Iba1_Temporal pole_Batch 6.vsi - 20x_BF_01,good
879,c:\Users\chris\Desktop\University\Thesis\AutomaticMicrogliaMorphologyAnalysis\AnnotationsData\Segmentations\images\2017-063_Iba1_Temporal pole_Batch 6.vsi - 20x_BF_01\MG_whole\ann-439__x-17767_y-25768_w-98_h-100__ds-1.png,c:\Users\chris\Desktop\University\Thesis\AutomaticMicrogliaMorphologyAnalysis\AnnotationsData\Segmentations\masks\2017-063_Iba1_Temporal pole_Batch 6.vsi - 20x_BF_01\MG_whole\ann-439__x-17767_y-25768_w-98_h-100__ds-1.png,MG_whole,2017-063_Iba1_Temporal pole_Batch 6.vsi - 20x_BF_01,good
880,c:\Users\chris\Desktop\University\Thesis\AutomaticMicrogliaMorphologyAnalysis\AnnotationsData\Segmentations\images\2017-063_Iba1_Temporal pole_Batch 6.vsi - 20x_BF_01\MG_whole\ann-43__x-26257_y-28415_w-187_h-113__ds-1.png,c:\Users\chris\Desktop\University\Thesis\AutomaticMicrogliaMorphologyAnalysis\AnnotationsData\Segmentations\masks\2017-063_Iba1_Temporal pole_Batch 6.vsi - 20x_BF_01\MG_whole\ann-43__x-26257_y-28415_w-187_h-113__ds-1.png,MG_whole,2017-063_Iba1_Temporal pole_Batch 6.vsi - 20x_BF_01,medium
881,c:\Users\chris\Desktop\University\Thesis\AutomaticMicrogliaMorphologyAnalysis\AnnotationsData\Segmentations\images\2017-063_Iba1_Temporal pole_Batch 6.vsi - 20x_BF_01\MG_whole\ann-441__x-16121_y-30565_w-153_h-128__ds-1.png,c:\Users\chris\Desktop\University\Thesis\AutomaticMicrogliaMorphologyAnalysis\AnnotationsData\Segmentations\masks\2017-063_Iba1_Temporal pole_Batch 6.vsi - 20x_BF_01\MG_whole\ann-441__x-16121_y-30565_w-153_h-128__ds-1.png,MG_whole,2017-063_Iba1_Temporal pole_Batch 6.vsi - 20x_BF_01,good
882,c:\Users\chris\Desktop\University\Thesis\AutomaticMicrogliaMorphologyAnalysis\AnnotationsData\Segmentations\images\2017-063_Iba1_Temporal pole_Batch 6.vsi - 20x_BF_01\MG_whole\ann-443__x-16212_y-30363_w-84_h-94__ds-1.png,c:\Users\chris\Desktop\University\Thesis\AutomaticMicrogliaMorphologyAnalysis\AnnotationsData\Segmentations\masks\2017-063_Iba1_Temporal pole_Batch 6.vsi - 20x_BF_01\MG_whole\ann-443__x-16212_y-30363_w-84_h-94__ds-1.png,MG_whole,2017-063_Iba1_Temporal pole_Batch 6.vsi - 20x_BF_01,medium
883,c:\Users\chris\Desktop\University\Thesis\AutomaticMicrogliaMorphologyAnalysis\AnnotationsData\Segmentations\images\2017-063_Iba1_Temporal pole_Batch 6.vsi - 20x_BF_01\MG_whole\ann-446__x-18301_y-24107_w-179_h-139__ds-1.png,c:\Users\chris\Desktop\University\Thesis\AutomaticMicrogliaMorphologyAnalysis\AnnotationsData\Segmentations\masks\2017-063_Iba1_Temporal pole_Batch 6.vsi - 20x_BF_01\MG_whole\ann-446__x-18301_y-24107_w-179_h-139__ds-1.png,MG_whole,2017-063_Iba1_Temporal pole_Batch 6.vsi - 20x_BF_01,good
884,c:\Users\chris\Desktop\University\Thesis\AutomaticMicrogliaMorphologyAnalysis\AnnotationsData\Segmentations\images\2017-063_Iba1_Temporal pole_Batch 6.vsi - 20x_BF_01\MG_whole\ann-447__x-18463_y-24018_w-119_h-91__ds-1.png,c:\Users\chris\Desktop\University\Thesis\AutomaticMicrogliaMorphologyAnalysis\AnnotationsData\Segmentations\masks\2017-063_Iba1_Temporal pole_Batch 6.vsi - 20x_BF_01\MG_whole\ann-447__x-18463_y-24018_w-119_h-91__ds-1.png,MG_whole,2017-063_Iba1_Temporal pole_Batch 6.vsi - 20x_BF_01,good
885,c:\Users\chris\Desktop\University\Thesis\AutomaticMicrogliaMorphologyAnalysis\AnnotationsData\Segmentations\images\2017-063_Iba1_Temporal pole_Batch 6.vsi - 20x_BF_01\MG_whole\ann-450__x-18858_y-24058_w-126_h-105__ds-1.png,c:\Users\chris\Desktop\University\Thesis\AutomaticMicrogliaMorphologyAnalysis\AnnotationsData\Segmentations\masks\2017-063_Iba1_Temporal pole_Batch 6.vsi - 20x_BF_01\MG_whole\ann-450__x-18858_y-24058_w-126_h-105__ds-1.png,MG_whole,2017-063_Iba1_Temporal pole_Batch 6.vsi - 20x_BF_01,medium
886,c:\Users\chris\Desktop\University\Thesis\AutomaticMicrogliaMorphologyAnalysis\AnnotationsData\Segmentations\images\2017-063_Iba1_Temporal pole_Batch 6.vsi - 20x_BF_01\MG_whole\ann-451__x-18689_y-24089_w-120_h-110__ds-1.png,c:\Users\chris\Desktop\University\Thesis\AutomaticMicrogliaMorphologyAnalysis\AnnotationsData\Segmentations\masks\2017-063_Iba1_Temporal pole_Batch 6.vsi - 20x_BF_01\MG_whole\ann-451__x-18689_y-24089_w-120_h-110__ds-1.png,MG_whole,2017-063_Iba1_Temporal pole_Batch 6.vsi - 20x_BF_01,good
887,c:\Users\chris\Desktop\University\Thesis\AutomaticMicrogliaMorphologyAnalysis\AnnotationsData\Segmentations\images\2017-063_Iba1_Temporal pole_Batch 6.vsi - 20x_BF_01\MG_whole\ann-453__x-19135_y-23693_w-146_h-149__ds-1.png,c:\Users\chris\Desktop\University\Thesis\AutomaticMicrogliaMorphologyAnalysis\AnnotationsData\Segmentations\masks\2017-063_Iba1_Temporal pole_Batch 6.vsi - 20x_BF_01\MG_whole\ann-453__x-19135_y-23693_w-146_h-149__ds-1.png,MG_whole,2017-063_Iba1_Temporal pole_Batch 6.vsi - 20x_BF_01,good
888,c:\Users\chris\Desktop\University\Thesis\AutomaticMicrogliaMorphologyAnalysis\AnnotationsData\Segmentations\images\2017-063_Iba1_Temporal pole_Batch 6.vsi - 20x_BF_01\MG_whole\ann-455__x-18754_y-23134_w-106_h-139__ds-1.png,c:\Users\chris\Desktop\University\Thesis\AutomaticMicrogliaMorphologyAnalysis\AnnotationsData\Segmentations\masks\2017-063_Iba1_Temporal pole_Batch 6.vsi - 20x_BF_01\MG_whole\ann-455__x-18754_y-23134_w-106_h-139__ds-1.png,MG_whole,2017-063_Iba1_Temporal pole_Batch 6.vsi - 20x_BF_01,good
889,c:\Users\chris\Desktop\University\Thesis\AutomaticMicrogliaMorphologyAnalysis\AnnotationsData\Segmentations\images\2017-063_Iba1_Temporal pole_Batch 6.vsi - 20x_BF_01\MG_whole\ann-458__x-16944_y-23764_w-101_h-156__ds-1.png,c:\Users\chris\Desktop\University\Thesis\AutomaticMicrogliaMorphologyAnalysis\AnnotationsData\Segmentations\masks\2017-063_Iba1_Temporal pole_Batch 6.vsi - 20x_BF_01\MG_whole\ann-458__x-16944_y-23764_w-101_h-156__ds-1.png,MG_whole,2017-063_Iba1_Temporal pole_Batch 6.vsi - 20x_BF_01,good
890,c:\Users\chris\Desktop\University\Thesis\AutomaticMicrogliaMorphologyAnalysis\AnnotationsData\Segmentations\images\2017-063_Iba1_Temporal pole_Batch 6.vsi - 20x_BF_01\MG_whole\ann-459__x-17067_y-23863_w-120_h-101__ds-1.png,c:\Users\chris\Desktop\University\Thesis\AutomaticMicrogliaMorphologyAnalysis\AnnotationsData\Segmentations\masks\2017-063_Iba1_Temporal pole_Batch 6.vsi - 20x_BF_01\MG_whole\ann-459__x-17067_y-23863_w-120_h-101__ds-1.png,MG_whole,2017-063_Iba1_Temporal pole_Batch 6.vsi - 20x_BF_01,medium
891,c:\Users\chris\Desktop\University\Thesis\AutomaticMicrogliaMorphologyAnalysis\AnnotationsData\Segmentations\images\2017-063_Iba1_Temporal pole_Batch 6.vsi - 20x_BF_01\MG_whole\ann-45__x-24067_y-27488_w-98_h-182__ds-1.png,c:\Users\chris\Desktop\University\Thesis\AutomaticMicrogliaMorphologyAnalysis\AnnotationsData\Segmentations\masks\2017-063_Iba1_Temporal pole_Batch 6.vsi - 20x_BF_01\MG_whole\ann-45__x-24067_y-27488_w-98_h-182__ds-1.png,MG_whole,2017-063_Iba1_Temporal pole_Batch 6.vsi - 20x_BF_01,good
892,c:\Users\chris\Desktop\University\Thesis\AutomaticMicrogliaMorphologyAnalysis\AnnotationsData\Segmentations\images\2017-063_Iba1_Temporal pole_Batch 6.vsi - 20x_BF_01\MG_whole\ann-462__x-17406_y-23762_w-204_h-73__ds-1.png,c:\Users\chris\Desktop\University\Thesis\AutomaticMicrogliaMorphologyAnalysis\AnnotationsData\Segmentations\masks\2017-063_Iba1_Temporal pole_Batch 6.vsi - 20x_BF_01\MG_whole\ann-462__x-17406_y-23762_w-204_h-73__ds-1.png,MG_whole,2017-063_Iba1_Temporal pole_Batch 6.vsi - 20x_BF_01,medium
893,c:\Users\chris\Desktop\University\Thesis\AutomaticMicrogliaMorphologyAnalysis\AnnotationsData\Segmentations\images\2017-063_Iba1_Temporal pole_Batch 6.vsi - 20x_BF_01\MG_whole\ann-463__x-17435_y-23857_w-204_h-108__ds-1.png,c:\Users\chris\Desktop\University\Thesis\AutomaticMicrogliaMorphologyAnalysis\AnnotationsData\Segmentations\masks\2017-063_Iba1_Temporal pole_Batch 6.vsi - 20x_BF_01\MG_whole\ann-463__x-17435_y-23857_w-204_h-108__ds-1.png,MG_whole,2017-063_Iba1_Temporal pole_Batch 6.vsi - 20x_BF_01,good
894,c:\Users\chris\Desktop\University\Thesis\AutomaticMicrogliaMorphologyAnalysis\AnnotationsData\Segmentations\images\2017-063_Iba1_Temporal pole_Batch 6.vsi - 20x_BF_01\MG_whole\ann-465__x-16734_y-23222_w-125_h-97__ds-1.png,c:\Users\chris\Desktop\University\Thesis\AutomaticMicrogliaMorphologyAnalysis\AnnotationsData\Segmentations\masks\2017-063_Iba1_Temporal pole_Batch 6.vsi - 20x_BF_01\MG_whole\ann-465__x-16734_y-23222_w-125_h-97__ds-1.png,MG_whole,2017-063_Iba1_Temporal pole_Batch 6.vsi - 20x_BF_01,medium
895,c:\Users\chris\Desktop\University\Thesis\AutomaticMicrogliaMorphologyAnalysis\AnnotationsData\Segmentations\images\2017-063_Iba1_Temporal pole_Batch 6.vsi - 20x_BF_01\MG_whole\ann-467__x-16961_y-23441_w-114_h-142__ds-1.png,c:\Users\chris\Desktop\University\Thesis\AutomaticMicrogliaMorphologyAnalysis\AnnotationsData\Segmentations\masks\2017-063_Iba1_Temporal pole_Batch 6.vsi - 20x_BF_01\MG_whole\ann-467__x-16961_y-23441_w-114_h-142__ds-1.png,MG_whole,2017-063_Iba1_Temporal pole_Batch 6.vsi - 20x_BF_01,good
896,c:\Users\chris\Desktop\University\Thesis\AutomaticMicrogliaMorphologyAnalysis\AnnotationsData\Segmentations\images\2017-063_Iba1_Temporal pole_Batch 6.vsi - 20x_BF_01\MG_whole\ann-469__x-15764_y-22706_w-163_h-194__ds-1.png,c:\Users\chris\Desktop\University\Thesis\AutomaticMicrogliaMorphologyAnalysis\AnnotationsData\Segmentations\masks\2017-063_Iba1_Temporal pole_Batch 6.vsi - 20x_BF_01\MG_whole\ann-469__x-15764_y-22706_w-163_h-194__ds-1.png,MG_whole,2017-063_Iba1_Temporal pole_Batch 6.vsi - 20x_BF_01,good
897,c:\Users\chris\Desktop\University\Thesis\AutomaticMicrogliaMorphologyAnalysis\AnnotationsData\Segmentations\images\2017-063_Iba1_Temporal pole_Batch 6.vsi - 20x_BF_01\MG_whole\ann-471__x-15941_y-25277_w-197_h-175__ds-1.png,c:\Users\chris\Desktop\University\Thesis\AutomaticMicrogliaMorphologyAnalysis\AnnotationsData\Segmentations\masks\2017-063_Iba1_Temporal pole_Batch 6.vsi - 20x_BF_01\MG_whole\ann-471__x-15941_y-25277_w-197_h-175__ds-1.png,MG_whole,2017-063_Iba1_Temporal pole_Batch 6.vsi - 20x_BF_01,medium
898,c:\Users\chris\Desktop\University\Thesis\AutomaticMicrogliaMorphologyAnalysis\AnnotationsData\Segmentations\images\2017-063_Iba1_Temporal pole_Batch 6.vsi - 20x_BF_01\MG_whole\ann-473__x-16003_y-25133_w-159_h-152__ds-1.png,c:\Users\chris\Desktop\University\Thesis\AutomaticMicrogliaMorphologyAnalysis\AnnotationsData\Segmentations\masks\2017-063_Iba1_Temporal pole_Batch 6.vsi - 20x_BF_01\MG_whole\ann-473__x-16003_y-25133_w-159_h-152__ds-1.png,MG_whole,2017-063_Iba1_Temporal pole_Batch 6.vsi - 20x_BF_01,medium
899,c:\Users\chris\Desktop\University\Thesis\AutomaticMicrogliaMorphologyAnalysis\AnnotationsData\Segmentations\images\2017-063_Iba1_Temporal pole_Batch 6.vsi - 20x_BF_01\MG_whole\ann-475__x-14507_y-26686_w-155_h-233__ds-1.png,c:\Users\chris\Desktop\University\Thesis\AutomaticMicrogliaMorphologyAnalysis\AnnotationsData\Segmentations\masks\2017-063_Iba1_Temporal pole_Batch 6.vsi - 20x_BF_01\MG_whole\ann-475__x-14507_y-26686_w-155_h-233__ds-1.png,MG_whole,2017-063_Iba1_Temporal pole_Batch 6.vsi - 20x_BF_01,medium
900,c:\Users\chris\Desktop\University\Thesis\AutomaticMicrogliaMorphologyAnalysis\AnnotationsData\Segmentations\images\2017-063_Iba1_Temporal pole_Batch 6.vsi - 20x_BF_01\MG_whole\ann-477__x-15160_y-26735_w-115_h-109__ds-1.png,c:\Users\chris\Desktop\University\Thesis\AutomaticMicrogliaMorphologyAnalysis\AnnotationsData\Segmentations\masks\2017-063_Iba1_Temporal pole_Batch 6.vsi - 20x_BF_01\MG_whole\ann-477__x-15160_y-26735_w-115_h-109__ds-1.png,MG_whole,2017-063_Iba1_Temporal pole_Batch 6.vsi - 20x_BF_01,good
901,c:\Users\chris\Desktop\University\Thesis\AutomaticMicrogliaMorphologyAnalysis\AnnotationsData\Segmentations\images\2017-063_Iba1_Temporal pole_Batch 6.vsi - 20x_BF_01\MG_whole\ann-479__x-14431_y-26078_w-120_h-105__ds-1.png,c:\Users\chris\Desktop\University\Thesis\AutomaticMicrogliaMorphologyAnalysis\AnnotationsData\Segmentations\masks\2017-063_Iba1_Temporal pole_Batch 6.vsi - 20x_BF_01\MG_whole\ann-479__x-14431_y-26078_w-120_h-105__ds-1.png,MG_whole,2017-063_Iba1_Temporal pole_Batch 6.vsi - 20x_BF_01,bad
902,c:\Users\chris\Desktop\University\Thesis\AutomaticMicrogliaMorphologyAnalysis\AnnotationsData\Segmentations\images\2017-063_Iba1_Temporal pole_Batch 6.vsi - 20x_BF_01\MG_whole\ann-481__x-13103_y-25110_w-161_h-195__ds-1.png,c:\Users\chris\Desktop\University\Thesis\AutomaticMicrogliaMorphologyAnalysis\AnnotationsData\Segmentations\masks\2017-063_Iba1_Temporal pole_Batch 6.vsi - 20x_BF_01\MG_whole\ann-481__x-13103_y-25110_w-161_h-195__ds-1.png,MG_whole,2017-063_Iba1_Temporal pole_Batch 6.vsi - 20x_BF_01,bad
903,c:\Users\chris\Desktop\University\Thesis\AutomaticMicrogliaMorphologyAnalysis\AnnotationsData\Segmentations\images\2017-063_Iba1_Temporal pole_Batch 6.vsi - 20x_BF_01\MG_whole\ann-483__x-14673_y-24469_w-105_h-84__ds-1.png,c:\Users\chris\Desktop\University\Thesis\AutomaticMicrogliaMorphologyAnalysis\AnnotationsData\Segmentations\masks\2017-063_Iba1_Temporal pole_Batch 6.vsi - 20x_BF_01\MG_whole\ann-483__x-14673_y-24469_w-105_h-84__ds-1.png,MG_whole,2017-063_Iba1_Temporal pole_Batch 6.vsi - 20x_BF_01,good
904,c:\Users\chris\Desktop\University\Thesis\AutomaticMicrogliaMorphologyAnalysis\AnnotationsData\Segmentations\images\2017-063_Iba1_Temporal pole_Batch 6.vsi - 20x_BF_01\MG_whole\ann-485__x-23491_y-24202_w-180_h-233__ds-1.png,c:\Users\chris\Desktop\University\Thesis\AutomaticMicrogliaMorphologyAnalysis\AnnotationsData\Segmentations\masks\2017-063_Iba1_Temporal pole_Batch 6.vsi - 20x_BF_01\MG_whole\ann-485__x-23491_y-24202_w-180_h-233__ds-1.png,MG_whole,2017-063_Iba1_Temporal pole_Batch 6.vsi - 20x_BF_01,disagree
905,c:\Users\chris\Desktop\University\Thesis\AutomaticMicrogliaMorphologyAnalysis\AnnotationsData\Segmentations\images\2017-063_Iba1_Temporal pole_Batch 6.vsi - 20x_BF_01\MG_whole\ann-488__x-22204_y-23331_w-120_h-119__ds-1.png,c:\Users\chris\Desktop\University\Thesis\AutomaticMicrogliaMorphologyAnalysis\AnnotationsData\Segmentations\masks\2017-063_Iba1_Temporal pole_Batch 6.vsi - 20x_BF_01\MG_whole\ann-488__x-22204_y-23331_w-120_h-119__ds-1.png,MG_whole,2017-063_Iba1_Temporal pole_Batch 6.vsi - 20x_BF_01,good
906,c:\Users\chris\Desktop\University\Thesis\AutomaticMicrogliaMorphologyAnalysis\AnnotationsData\Segmentations\images\2017-063_Iba1_Temporal pole_Batch 6.vsi - 20x_BF_01\MG_whole\ann-489__x-22325_y-23397_w-127_h-88__ds-1.png,c:\Users\chris\Desktop\University\Thesis\AutomaticMicrogliaMorphologyAnalysis\AnnotationsData\Segmentations\masks\2017-063_Iba1_Temporal pole_Batch 6.vsi - 20x_BF_01\MG_whole\ann-489__x-22325_y-23397_w-127_h-88__ds-1.png,MG_whole,2017-063_Iba1_Temporal pole_Batch 6.vsi - 20x_BF_01,good
907,c:\Users\chris\Desktop\University\Thesis\AutomaticMicrogliaMorphologyAnalysis\AnnotationsData\Segmentations\images\2017-063_Iba1_Temporal pole_Batch 6.vsi - 20x_BF_01\MG_whole\ann-491__x-22020_y-25574_w-156_h-171__ds-1.png,c:\Users\chris\Desktop\University\Thesis\AutomaticMicrogliaMorphologyAnalysis\AnnotationsData\Segmentations\masks\2017-063_Iba1_Temporal pole_Batch 6.vsi - 20x_BF_01\MG_whole\ann-491__x-22020_y-25574_w-156_h-171__ds-1.png,MG_whole,2017-063_Iba1_Temporal pole_Batch 6.vsi - 20x_BF_01,medium
908,c:\Users\chris\Desktop\University\Thesis\AutomaticMicrogliaMorphologyAnalysis\AnnotationsData\Segmentations\images\2017-063_Iba1_Temporal pole_Batch 6.vsi - 20x_BF_01\MG_whole\ann-493__x-17301_y-25982_w-75_h-133__ds-1.png,c:\Users\chris\Desktop\University\Thesis\AutomaticMicrogliaMorphologyAnalysis\AnnotationsData\Segmentations\masks\2017-063_Iba1_Temporal pole_Batch 6.vsi - 20x_BF_01\MG_whole\ann-493__x-17301_y-25982_w-75_h-133__ds-1.png,MG_whole,2017-063_Iba1_Temporal pole_Batch 6.vsi - 20x_BF_01,good
909,c:\Users\chris\Desktop\University\Thesis\AutomaticMicrogliaMorphologyAnalysis\AnnotationsData\Segmentations\images\2017-063_Iba1_Temporal pole_Batch 6.vsi - 20x_BF_01\MG_whole\ann-495__x-19576_y-27014_w-148_h-113__ds-1.png,c:\Users\chris\Desktop\University\Thesis\AutomaticMicrogliaMorphologyAnalysis\AnnotationsData\Segmentations\masks\2017-063_Iba1_Temporal pole_Batch 6.vsi - 20x_BF_01\MG_whole\ann-495__x-19576_y-27014_w-148_h-113__ds-1.png,MG_whole,2017-063_Iba1_Temporal pole_Batch 6.vsi - 20x_BF_01,good
910,c:\Users\chris\Desktop\University\Thesis\AutomaticMicrogliaMorphologyAnalysis\AnnotationsData\Segmentations\images\2017-063_Iba1_Temporal pole_Batch 6.vsi - 20x_BF_01\MG_whole\ann-497__x-17912_y-27381_w-91_h-103__ds-1.png,c:\Users\chris\Desktop\University\Thesis\AutomaticMicrogliaMorphologyAnalysis\AnnotationsData\Segmentations\masks\2017-063_Iba1_Temporal pole_Batch 6.vsi - 20x_BF_01\MG_whole\ann-497__x-17912_y-27381_w-91_h-103__ds-1.png,MG_whole,2017-063_Iba1_Temporal pole_Batch 6.vsi - 20x_BF_01,good
911,c:\Users\chris\Desktop\University\Thesis\AutomaticMicrogliaMorphologyAnalysis\AnnotationsData\Segmentations\images\2017-063_Iba1_Temporal pole_Batch 6.vsi - 20x_BF_01\MG_whole\ann-499__x-18326_y-27683_w-77_h-191__ds-1.png,c:\Users\chris\Desktop\University\Thesis\AutomaticMicrogliaMorphologyAnalysis\AnnotationsData\Segmentations\masks\2017-063_Iba1_Temporal pole_Batch 6.vsi - 20x_BF_01\MG_whole\ann-499__x-18326_y-27683_w-77_h-191__ds-1.png,MG_whole,2017-063_Iba1_Temporal pole_Batch 6.vsi - 20x_BF_01,good
912,c:\Users\chris\Desktop\University\Thesis\AutomaticMicrogliaMorphologyAnalysis\AnnotationsData\Segmentations\images\2017-063_Iba1_Temporal pole_Batch 6.vsi - 20x_BF_01\MG_whole\ann-49__x-24266_y-28168_w-133_h-100__ds-1.png,c:\Users\chris\Desktop\University\Thesis\AutomaticMicrogliaMorphologyAnalysis\AnnotationsData\Segmentations\masks\2017-063_Iba1_Temporal pole_Batch 6.vsi - 20x_BF_01\MG_whole\ann-49__x-24266_y-28168_w-133_h-100__ds-1.png,MG_whole,2017-063_Iba1_Temporal pole_Batch 6.vsi - 20x_BF_01,good
913,c:\Users\chris\Desktop\University\Thesis\AutomaticMicrogliaMorphologyAnalysis\AnnotationsData\Segmentations\images\2017-063_Iba1_Temporal pole_Batch 6.vsi - 20x_BF_01\MG_whole\ann-501__x-16478_y-27280_w-176_h-203__ds-1.png,c:\Users\chris\Desktop\University\Thesis\AutomaticMicrogliaMorphologyAnalysis\AnnotationsData\Segmentations\masks\2017-063_Iba1_Temporal pole_Batch 6.vsi - 20x_BF_01\MG_whole\ann-501__x-16478_y-27280_w-176_h-203__ds-1.png,MG_whole,2017-063_Iba1_Temporal pole_Batch 6.vsi - 20x_BF_01,good
914,c:\Users\chris\Desktop\University\Thesis\AutomaticMicrogliaMorphologyAnalysis\AnnotationsData\Segmentations\images\2017-063_Iba1_Temporal pole_Batch 6.vsi - 20x_BF_01\MG_whole\ann-503__x-16500_y-27642_w-94_h-74__ds-1.png,c:\Users\chris\Desktop\University\Thesis\AutomaticMicrogliaMorphologyAnalysis\AnnotationsData\Segmentations\masks\2017-063_Iba1_Temporal pole_Batch 6.vsi - 20x_BF_01\MG_whole\ann-503__x-16500_y-27642_w-94_h-74__ds-1.png,MG_whole,2017-063_Iba1_Temporal pole_Batch 6.vsi - 20x_BF_01,bad_image_quality
915,c:\Users\chris\Desktop\University\Thesis\AutomaticMicrogliaMorphologyAnalysis\AnnotationsData\Segmentations\images\2017-063_Iba1_Temporal pole_Batch 6.vsi - 20x_BF_01\MG_whole\ann-505__x-16168_y-26796_w-190_h-161__ds-1.png,c:\Users\chris\Desktop\University\Thesis\AutomaticMicrogliaMorphologyAnalysis\AnnotationsData\Segmentations\masks\2017-063_Iba1_Temporal pole_Batch 6.vsi - 20x_BF_01\MG_whole\ann-505__x-16168_y-26796_w-190_h-161__ds-1.png,MG_whole,2017-063_Iba1_Temporal pole_Batch 6.vsi - 20x_BF_01,good
916,c:\Users\chris\Desktop\University\Thesis\AutomaticMicrogliaMorphologyAnalysis\AnnotationsData\Segmentations\images\2017-063_Iba1_Temporal pole_Batch 6.vsi - 20x_BF_01\MG_whole\ann-507__x-18219_y-22855_w-118_h-103__ds-1.png,c:\Users\chris\Desktop\University\Thesis\AutomaticMicrogliaMorphologyAnalysis\AnnotationsData\Segmentations\masks\2017-063_Iba1_Temporal pole_Batch 6.vsi - 20x_BF_01\MG_whole\ann-507__x-18219_y-22855_w-118_h-103__ds-1.png,MG_whole,2017-063_Iba1_Temporal pole_Batch 6.vsi - 20x_BF_01,bad
917,c:\Users\chris\Desktop\University\Thesis\AutomaticMicrogliaMorphologyAnalysis\AnnotationsData\Segmentations\images\2017-063_Iba1_Temporal pole_Batch 6.vsi - 20x_BF_01\MG_whole\ann-509__x-18443_y-22242_w-87_h-61__ds-1.png,c:\Users\chris\Desktop\University\Thesis\AutomaticMicrogliaMorphologyAnalysis\AnnotationsData\Segmentations\masks\2017-063_Iba1_Temporal pole_Batch 6.vsi - 20x_BF_01\MG_whole\ann-509__x-18443_y-22242_w-87_h-61__ds-1.png,MG_whole,2017-063_Iba1_Temporal pole_Batch 6.vsi - 20x_BF_01,medium
918,c:\Users\chris\Desktop\University\Thesis\AutomaticMicrogliaMorphologyAnalysis\AnnotationsData\Segmentations\images\2017-063_Iba1_Temporal pole_Batch 6.vsi - 20x_BF_01\MG_whole\ann-50__x-24378_y-28206_w-133_h-90__ds-1.png,c:\Users\chris\Desktop\University\Thesis\AutomaticMicrogliaMorphologyAnalysis\AnnotationsData\Segmentations\masks\2017-063_Iba1_Temporal pole_Batch 6.vsi - 20x_BF_01\MG_whole\ann-50__x-24378_y-28206_w-133_h-90__ds-1.png,MG_whole,2017-063_Iba1_Temporal pole_Batch 6.vsi - 20x_BF_01,medium
919,c:\Users\chris\Desktop\University\Thesis\AutomaticMicrogliaMorphologyAnalysis\AnnotationsData\Segmentations\images\2017-063_Iba1_Temporal pole_Batch 6.vsi - 20x_BF_01\MG_whole\ann-512__x-14593_y-18825_w-175_h-147__ds-1.png,c:\Users\chris\Desktop\University\Thesis\AutomaticMicrogliaMorphologyAnalysis\AnnotationsData\Segmentations\masks\2017-063_Iba1_Temporal pole_Batch 6.vsi - 20x_BF_01\MG_whole\ann-512__x-14593_y-18825_w-175_h-147__ds-1.png,MG_whole,2017-063_Iba1_Temporal pole_Batch 6.vsi - 20x_BF_01,good
920,c:\Users\chris\Desktop\University\Thesis\AutomaticMicrogliaMorphologyAnalysis\AnnotationsData\Segmentations\images\2017-063_Iba1_Temporal pole_Batch 6.vsi - 20x_BF_01\MG_whole\ann-515__x-13958_y-19458_w-96_h-165__ds-1.png,c:\Users\chris\Desktop\University\Thesis\AutomaticMicrogliaMorphologyAnalysis\AnnotationsData\Segmentations\masks\2017-063_Iba1_Temporal pole_Batch 6.vsi - 20x_BF_01\MG_whole\ann-515__x-13958_y-19458_w-96_h-165__ds-1.png,MG_whole,2017-063_Iba1_Temporal pole_Batch 6.vsi - 20x_BF_01,good
921,c:\Users\chris\Desktop\University\Thesis\AutomaticMicrogliaMorphologyAnalysis\AnnotationsData\Segmentations\images\2017-063_Iba1_Temporal pole_Batch 6.vsi - 20x_BF_01\MG_whole\ann-517__x-13943_y-19643_w-130_h-84__ds-1.png,c:\Users\chris\Desktop\University\Thesis\AutomaticMicrogliaMorphologyAnalysis\AnnotationsData\Segmentations\masks\2017-063_Iba1_Temporal pole_Batch 6.vsi - 20x_BF_01\MG_whole\ann-517__x-13943_y-19643_w-130_h-84__ds-1.png,MG_whole,2017-063_Iba1_Temporal pole_Batch 6.vsi - 20x_BF_01,good
922,c:\Users\chris\Desktop\University\Thesis\AutomaticMicrogliaMorphologyAnalysis\AnnotationsData\Segmentations\images\2017-063_Iba1_Temporal pole_Batch 6.vsi - 20x_BF_01\MG_whole\ann-519__x-15282_y-17982_w-121_h-124__ds-1.png,c:\Users\chris\Desktop\University\Thesis\AutomaticMicrogliaMorphologyAnalysis\AnnotationsData\Segmentations\masks\2017-063_Iba1_Temporal pole_Batch 6.vsi - 20x_BF_01\MG_whole\ann-519__x-15282_y-17982_w-121_h-124__ds-1.png,MG_whole,2017-063_Iba1_Temporal pole_Batch 6.vsi - 20x_BF_01,medium
923,c:\Users\chris\Desktop\University\Thesis\AutomaticMicrogliaMorphologyAnalysis\AnnotationsData\Segmentations\images\2017-063_Iba1_Temporal pole_Batch 6.vsi - 20x_BF_01\MG_whole\ann-51__x-24393_y-28376_w-92_h-112__ds-1.png,c:\Users\chris\Desktop\University\Thesis\AutomaticMicrogliaMorphologyAnalysis\AnnotationsData\Segmentations\masks\2017-063_Iba1_Temporal pole_Batch 6.vsi - 20x_BF_01\MG_whole\ann-51__x-24393_y-28376_w-92_h-112__ds-1.png,MG_whole,2017-063_Iba1_Temporal pole_Batch 6.vsi - 20x_BF_01,good
924,c:\Users\chris\Desktop\University\Thesis\AutomaticMicrogliaMorphologyAnalysis\AnnotationsData\Segmentations\images\2017-063_Iba1_Temporal pole_Batch 6.vsi - 20x_BF_01\MG_whole\ann-521__x-15555_y-17807_w-97_h-130__ds-1.png,c:\Users\chris\Desktop\University\Thesis\AutomaticMicrogliaMorphologyAnalysis\AnnotationsData\Segmentations\masks\2017-063_Iba1_Temporal pole_Batch 6.vsi - 20x_BF_01\MG_whole\ann-521__x-15555_y-17807_w-97_h-130__ds-1.png,MG_whole,2017-063_Iba1_Temporal pole_Batch 6.vsi - 20x_BF_01,good
925,c:\Users\chris\Desktop\University\Thesis\AutomaticMicrogliaMorphologyAnalysis\AnnotationsData\Segmentations\images\2017-063_Iba1_Temporal pole_Batch 6.vsi - 20x_BF_01\MG_whole\ann-523__x-12273_y-22242_w-79_h-83__ds-1.png,c:\Users\chris\Desktop\University\Thesis\AutomaticMicrogliaMorphologyAnalysis\AnnotationsData\Segmentations\masks\2017-063_Iba1_Temporal pole_Batch 6.vsi - 20x_BF_01\MG_whole\ann-523__x-12273_y-22242_w-79_h-83__ds-1.png,MG_whole,2017-063_Iba1_Temporal pole_Batch 6.vsi - 20x_BF_01,medium
926,c:\Users\chris\Desktop\University\Thesis\AutomaticMicrogliaMorphologyAnalysis\AnnotationsData\Segmentations\images\2017-063_Iba1_Temporal pole_Batch 6.vsi - 20x_BF_01\MG_whole\ann-525__x-12763_y-20664_w-115_h-112__ds-1.png,c:\Users\chris\Desktop\University\Thesis\AutomaticMicrogliaMorphologyAnalysis\AnnotationsData\Segmentations\masks\2017-063_Iba1_Temporal pole_Batch 6.vsi - 20x_BF_01\MG_whole\ann-525__x-12763_y-20664_w-115_h-112__ds-1.png,MG_whole,2017-063_Iba1_Temporal pole_Batch 6.vsi - 20x_BF_01,medium
927,c:\Users\chris\Desktop\University\Thesis\AutomaticMicrogliaMorphologyAnalysis\AnnotationsData\Segmentations\images\2017-063_Iba1_Temporal pole_Batch 6.vsi - 20x_BF_01\MG_whole\ann-527__x-16300_y-17900_w-147_h-190__ds-1.png,c:\Users\chris\Desktop\University\Thesis\AutomaticMicrogliaMorphologyAnalysis\AnnotationsData\Segmentations\masks\2017-063_Iba1_Temporal pole_Batch 6.vsi - 20x_BF_01\MG_whole\ann-527__x-16300_y-17900_w-147_h-190__ds-1.png,MG_whole,2017-063_Iba1_Temporal pole_Batch 6.vsi - 20x_BF_01,good
928,c:\Users\chris\Desktop\University\Thesis\AutomaticMicrogliaMorphologyAnalysis\AnnotationsData\Segmentations\images\2017-063_Iba1_Temporal pole_Batch 6.vsi - 20x_BF_01\MG_whole\ann-531__x-15209_y-14664_w-136_h-211__ds-1.png,c:\Users\chris\Desktop\University\Thesis\AutomaticMicrogliaMorphologyAnalysis\AnnotationsData\Segmentations\masks\2017-063_Iba1_Temporal pole_Batch 6.vsi - 20x_BF_01\MG_whole\ann-531__x-15209_y-14664_w-136_h-211__ds-1.png,MG_whole,2017-063_Iba1_Temporal pole_Batch 6.vsi - 20x_BF_01,medium
929,c:\Users\chris\Desktop\University\Thesis\AutomaticMicrogliaMorphologyAnalysis\AnnotationsData\Segmentations\images\2017-063_Iba1_Temporal pole_Batch 6.vsi - 20x_BF_01\MG_whole\ann-532__x-15045_y-14601_w-195_h-111__ds-1.png,c:\Users\chris\Desktop\University\Thesis\AutomaticMicrogliaMorphologyAnalysis\AnnotationsData\Segmentations\masks\2017-063_Iba1_Temporal pole_Batch 6.vsi - 20x_BF_01\MG_whole\ann-532__x-15045_y-14601_w-195_h-111__ds-1.png,MG_whole,2017-063_Iba1_Temporal pole_Batch 6.vsi - 20x_BF_01,medium
930,c:\Users\chris\Desktop\University\Thesis\AutomaticMicrogliaMorphologyAnalysis\AnnotationsData\Segmentations\images\2017-063_Iba1_Temporal pole_Batch 6.vsi - 20x_BF_01\MG_whole\ann-534__x-13795_y-15262_w-135_h-183__ds-1.png,c:\Users\chris\Desktop\University\Thesis\AutomaticMicrogliaMorphologyAnalysis\AnnotationsData\Segmentations\masks\2017-063_Iba1_Temporal pole_Batch 6.vsi - 20x_BF_01\MG_whole\ann-534__x-13795_y-15262_w-135_h-183__ds-1.png,MG_whole,2017-063_Iba1_Temporal pole_Batch 6.vsi - 20x_BF_01,good
931,c:\Users\chris\Desktop\University\Thesis\AutomaticMicrogliaMorphologyAnalysis\AnnotationsData\Segmentations\images\2017-063_Iba1_Temporal pole_Batch 6.vsi - 20x_BF_01\MG_whole\ann-537__x-13783_y-14505_w-118_h-120__ds-1.png,c:\Users\chris\Desktop\University\Thesis\AutomaticMicrogliaMorphologyAnalysis\AnnotationsData\Segmentations\masks\2017-063_Iba1_Temporal pole_Batch 6.vsi - 20x_BF_01\MG_whole\ann-537__x-13783_y-14505_w-118_h-120__ds-1.png,MG_whole,2017-063_Iba1_Temporal pole_Batch 6.vsi - 20x_BF_01,medium
932,c:\Users\chris\Desktop\University\Thesis\AutomaticMicrogliaMorphologyAnalysis\AnnotationsData\Segmentations\images\2017-063_Iba1_Temporal pole_Batch 6.vsi - 20x_BF_01\MG_whole\ann-538__x-13973_y-14567_w-164_h-128__ds-1.png,c:\Users\chris\Desktop\University\Thesis\AutomaticMicrogliaMorphologyAnalysis\AnnotationsData\Segmentations\masks\2017-063_Iba1_Temporal pole_Batch 6.vsi - 20x_BF_01\MG_whole\ann-538__x-13973_y-14567_w-164_h-128__ds-1.png,MG_whole,2017-063_Iba1_Temporal pole_Batch 6.vsi - 20x_BF_01,good
933,c:\Users\chris\Desktop\University\Thesis\AutomaticMicrogliaMorphologyAnalysis\AnnotationsData\Segmentations\images\2017-063_Iba1_Temporal pole_Batch 6.vsi - 20x_BF_01\MG_whole\ann-53__x-23688_y-28168_w-131_h-118__ds-1.png,c:\Users\chris\Desktop\University\Thesis\AutomaticMicrogliaMorphologyAnalysis\AnnotationsData\Segmentations\masks\2017-063_Iba1_Temporal pole_Batch 6.vsi - 20x_BF_01\MG_whole\ann-53__x-23688_y-28168_w-131_h-118__ds-1.png,MG_whole,2017-063_Iba1_Temporal pole_Batch 6.vsi - 20x_BF_01,medium
934,c:\Users\chris\Desktop\University\Thesis\AutomaticMicrogliaMorphologyAnalysis\AnnotationsData\Segmentations\images\2017-063_Iba1_Temporal pole_Batch 6.vsi - 20x_BF_01\MG_whole\ann-540__x-12047_y-15866_w-217_h-135__ds-1.png,c:\Users\chris\Desktop\University\Thesis\AutomaticMicrogliaMorphologyAnalysis\AnnotationsData\Segmentations\masks\2017-063_Iba1_Temporal pole_Batch 6.vsi - 20x_BF_01\MG_whole\ann-540__x-12047_y-15866_w-217_h-135__ds-1.png,MG_whole,2017-063_Iba1_Temporal pole_Batch 6.vsi - 20x_BF_01,good
935,c:\Users\chris\Desktop\University\Thesis\AutomaticMicrogliaMorphologyAnalysis\AnnotationsData\Segmentations\images\2017-063_Iba1_Temporal pole_Batch 6.vsi - 20x_BF_01\MG_whole\ann-542__x-12319_y-15205_w-104_h-281__ds-1.png,c:\Users\chris\Desktop\University\Thesis\AutomaticMicrogliaMorphologyAnalysis\AnnotationsData\Segmentations\masks\2017-063_Iba1_Temporal pole_Batch 6.vsi - 20x_BF_01\MG_whole\ann-542__x-12319_y-15205_w-104_h-281__ds-1.png,MG_whole,2017-063_Iba1_Temporal pole_Batch 6.vsi - 20x_BF_01,medium
936,c:\Users\chris\Desktop\University\Thesis\AutomaticMicrogliaMorphologyAnalysis\AnnotationsData\Segmentations\images\2017-063_Iba1_Temporal pole_Batch 6.vsi - 20x_BF_01\MG_whole\ann-544__x-11920_y-15250_w-108_h-193__ds-1.png,c:\Users\chris\Desktop\University\Thesis\AutomaticMicrogliaMorphologyAnalysis\AnnotationsData\Segmentations\masks\2017-063_Iba1_Temporal pole_Batch 6.vsi - 20x_BF_01\MG_whole\ann-544__x-11920_y-15250_w-108_h-193__ds-1.png,MG_whole,2017-063_Iba1_Temporal pole_Batch 6.vsi - 20x_BF_01,medium
937,c:\Users\chris\Desktop\University\Thesis\AutomaticMicrogliaMorphologyAnalysis\AnnotationsData\Segmentations\images\2017-063_Iba1_Temporal pole_Batch 6.vsi - 20x_BF_01\MG_whole\ann-546__x-13866_y-14369_w-154_h-114__ds-1.png,c:\Users\chris\Desktop\University\Thesis\AutomaticMicrogliaMorphologyAnalysis\AnnotationsData\Segmentations\masks\2017-063_Iba1_Temporal pole_Batch 6.vsi - 20x_BF_01\MG_whole\ann-546__x-13866_y-14369_w-154_h-114__ds-1.png,MG_whole,2017-063_Iba1_Temporal pole_Batch 6.vsi - 20x_BF_01,too_big
938,c:\Users\chris\Desktop\University\Thesis\AutomaticMicrogliaMorphologyAnalysis\AnnotationsData\Segmentations\images\2017-063_Iba1_Temporal pole_Batch 6.vsi - 20x_BF_01\MG_whole\ann-549__x-13590_y-13926_w-143_h-134__ds-1.png,c:\Users\chris\Desktop\University\Thesis\AutomaticMicrogliaMorphologyAnalysis\AnnotationsData\Segmentations\masks\2017-063_Iba1_Temporal pole_Batch 6.vsi - 20x_BF_01\MG_whole\ann-549__x-13590_y-13926_w-143_h-134__ds-1.png,MG_whole,2017-063_Iba1_Temporal pole_Batch 6.vsi - 20x_BF_01,good
939,c:\Users\chris\Desktop\University\Thesis\AutomaticMicrogliaMorphologyAnalysis\AnnotationsData\Segmentations\images\2017-063_Iba1_Temporal pole_Batch 6.vsi - 20x_BF_01\MG_whole\ann-550__x-13648_y-14131_w-173_h-129__ds-1.png,c:\Users\chris\Desktop\University\Thesis\AutomaticMicrogliaMorphologyAnalysis\AnnotationsData\Segmentations\masks\2017-063_Iba1_Temporal pole_Batch 6.vsi - 20x_BF_01\MG_whole\ann-550__x-13648_y-14131_w-173_h-129__ds-1.png,MG_whole,2017-063_Iba1_Temporal pole_Batch 6.vsi - 20x_BF_01,good
940,c:\Users\chris\Desktop\University\Thesis\AutomaticMicrogliaMorphologyAnalysis\AnnotationsData\Segmentations\images\2017-063_Iba1_Temporal pole_Batch 6.vsi - 20x_BF_01\MG_whole\ann-552__x-15582_y-12784_w-130_h-149__ds-1.png,c:\Users\chris\Desktop\University\Thesis\AutomaticMicrogliaMorphologyAnalysis\AnnotationsData\Segmentations\masks\2017-063_Iba1_Temporal pole_Batch 6.vsi - 20x_BF_01\MG_whole\ann-552__x-15582_y-12784_w-130_h-149__ds-1.png,MG_whole,2017-063_Iba1_Temporal pole_Batch 6.vsi - 20x_BF_01,good
941,c:\Users\chris\Desktop\University\Thesis\AutomaticMicrogliaMorphologyAnalysis\AnnotationsData\Segmentations\images\2017-063_Iba1_Temporal pole_Batch 6.vsi - 20x_BF_01\MG_whole\ann-554__x-23348_y-29884_w-141_h-191__ds-1.png,c:\Users\chris\Desktop\University\Thesis\AutomaticMicrogliaMorphologyAnalysis\AnnotationsData\Segmentations\masks\2017-063_Iba1_Temporal pole_Batch 6.vsi - 20x_BF_01\MG_whole\ann-554__x-23348_y-29884_w-141_h-191__ds-1.png,MG_whole,2017-063_Iba1_Temporal pole_Batch 6.vsi - 20x_BF_01,medium
942,c:\Users\chris\Desktop\University\Thesis\AutomaticMicrogliaMorphologyAnalysis\AnnotationsData\Segmentations\images\2017-063_Iba1_Temporal pole_Batch 6.vsi - 20x_BF_01\MG_whole\ann-556__x-18114_y-26434_w-171_h-132__ds-1.png,c:\Users\chris\Desktop\University\Thesis\AutomaticMicrogliaMorphologyAnalysis\AnnotationsData\Segmentations\masks\2017-063_Iba1_Temporal pole_Batch 6.vsi - 20x_BF_01\MG_whole\ann-556__x-18114_y-26434_w-171_h-132__ds-1.png,MG_whole,2017-063_Iba1_Temporal pole_Batch 6.vsi - 20x_BF_01,good
943,c:\Users\chris\Desktop\University\Thesis\AutomaticMicrogliaMorphologyAnalysis\AnnotationsData\Segmentations\images\2017-063_Iba1_Temporal pole_Batch 6.vsi - 20x_BF_01\MG_whole\ann-55__x-23151_y-25456_w-158_h-245__ds-1.png,c:\Users\chris\Desktop\University\Thesis\AutomaticMicrogliaMorphologyAnalysis\AnnotationsData\Segmentations\masks\2017-063_Iba1_Temporal pole_Batch 6.vsi - 20x_BF_01\MG_whole\ann-55__x-23151_y-25456_w-158_h-245__ds-1.png,MG_whole,2017-063_Iba1_Temporal pole_Batch 6.vsi - 20x_BF_01,good
944,c:\Users\chris\Desktop\University\Thesis\AutomaticMicrogliaMorphologyAnalysis\AnnotationsData\Segmentations\images\2017-063_Iba1_Temporal pole_Batch 6.vsi - 20x_BF_01\MG_whole\ann-561__x-14138_y-16374_w-122_h-197__ds-1.png,c:\Users\chris\Desktop\University\Thesis\AutomaticMicrogliaMorphologyAnalysis\AnnotationsData\Segmentations\masks\2017-063_Iba1_Temporal pole_Batch 6.vsi - 20x_BF_01\MG_whole\ann-561__x-14138_y-16374_w-122_h-197__ds-1.png,MG_whole,2017-063_Iba1_Temporal pole_Batch 6.vsi - 20x_BF_01,medium
945,c:\Users\chris\Desktop\University\Thesis\AutomaticMicrogliaMorphologyAnalysis\AnnotationsData\Segmentations\images\2017-063_Iba1_Temporal pole_Batch 6.vsi - 20x_BF_01\MG_whole\ann-562__x-14069_y-16649_w-110_h-114__ds-1.png,c:\Users\chris\Desktop\University\Thesis\AutomaticMicrogliaMorphologyAnalysis\AnnotationsData\Segmentations\masks\2017-063_Iba1_Temporal pole_Batch 6.vsi - 20x_BF_01\MG_whole\ann-562__x-14069_y-16649_w-110_h-114__ds-1.png,MG_whole,2017-063_Iba1_Temporal pole_Batch 6.vsi - 20x_BF_01,good
946,c:\Users\chris\Desktop\University\Thesis\AutomaticMicrogliaMorphologyAnalysis\AnnotationsData\Segmentations\images\2017-063_Iba1_Temporal pole_Batch 6.vsi - 20x_BF_01\MG_whole\ann-563__x-14007_y-16316_w-167_h-150__ds-1.png,c:\Users\chris\Desktop\University\Thesis\AutomaticMicrogliaMorphologyAnalysis\AnnotationsData\Segmentations\masks\2017-063_Iba1_Temporal pole_Batch 6.vsi - 20x_BF_01\MG_whole\ann-563__x-14007_y-16316_w-167_h-150__ds-1.png,MG_whole,2017-063_Iba1_Temporal pole_Batch 6.vsi - 20x_BF_01,good
947,c:\Users\chris\Desktop\University\Thesis\AutomaticMicrogliaMorphologyAnalysis\AnnotationsData\Segmentations\images\2017-063_Iba1_Temporal pole_Batch 6.vsi - 20x_BF_01\MG_whole\ann-564__x-14491_y-16673_w-125_h-105__ds-1.png,c:\Users\chris\Desktop\University\Thesis\AutomaticMicrogliaMorphologyAnalysis\AnnotationsData\Segmentations\masks\2017-063_Iba1_Temporal pole_Batch 6.vsi - 20x_BF_01\MG_whole\ann-564__x-14491_y-16673_w-125_h-105__ds-1.png,MG_whole,2017-063_Iba1_Temporal pole_Batch 6.vsi - 20x_BF_01,good
948,c:\Users\chris\Desktop\University\Thesis\AutomaticMicrogliaMorphologyAnalysis\AnnotationsData\Segmentations\images\2017-063_Iba1_Temporal pole_Batch 6.vsi - 20x_BF_01\MG_whole\ann-566__x-15200_y-16766_w-73_h-117__ds-1.png,c:\Users\chris\Desktop\University\Thesis\AutomaticMicrogliaMorphologyAnalysis\AnnotationsData\Segmentations\masks\2017-063_Iba1_Temporal pole_Batch 6.vsi - 20x_BF_01\MG_whole\ann-566__x-15200_y-16766_w-73_h-117__ds-1.png,MG_whole,2017-063_Iba1_Temporal pole_Batch 6.vsi - 20x_BF_01,medium
949,c:\Users\chris\Desktop\University\Thesis\AutomaticMicrogliaMorphologyAnalysis\AnnotationsData\Segmentations\images\2017-063_Iba1_Temporal pole_Batch 6.vsi - 20x_BF_01\MG_whole\ann-568__x-15278_y-16506_w-116_h-85__ds-1.png,c:\Users\chris\Desktop\University\Thesis\AutomaticMicrogliaMorphologyAnalysis\AnnotationsData\Segmentations\masks\2017-063_Iba1_Temporal pole_Batch 6.vsi - 20x_BF_01\MG_whole\ann-568__x-15278_y-16506_w-116_h-85__ds-1.png,MG_whole,2017-063_Iba1_Temporal pole_Batch 6.vsi - 20x_BF_01,medium
950,c:\Users\chris\Desktop\University\Thesis\AutomaticMicrogliaMorphologyAnalysis\AnnotationsData\Segmentations\images\2017-063_Iba1_Temporal pole_Batch 6.vsi - 20x_BF_01\MG_whole\ann-570__x-14640_y-14814_w-144_h-140__ds-1.png,c:\Users\chris\Desktop\University\Thesis\AutomaticMicrogliaMorphologyAnalysis\AnnotationsData\Segmentations\masks\2017-063_Iba1_Temporal pole_Batch 6.vsi - 20x_BF_01\MG_whole\ann-570__x-14640_y-14814_w-144_h-140__ds-1.png,MG_whole,2017-063_Iba1_Temporal pole_Batch 6.vsi - 20x_BF_01,good
951,c:\Users\chris\Desktop\University\Thesis\AutomaticMicrogliaMorphologyAnalysis\AnnotationsData\Segmentations\images\2017-063_Iba1_Temporal pole_Batch 6.vsi - 20x_BF_01\MG_whole\ann-572__x-14835_y-14227_w-77_h-106__ds-1.png,c:\Users\chris\Desktop\University\Thesis\AutomaticMicrogliaMorphologyAnalysis\AnnotationsData\Segmentations\masks\2017-063_Iba1_Temporal pole_Batch 6.vsi - 20x_BF_01\MG_whole\ann-572__x-14835_y-14227_w-77_h-106__ds-1.png,MG_whole,2017-063_Iba1_Temporal pole_Batch 6.vsi - 20x_BF_01,medium
952,c:\Users\chris\Desktop\University\Thesis\AutomaticMicrogliaMorphologyAnalysis\AnnotationsData\Segmentations\images\2017-063_Iba1_Temporal pole_Batch 6.vsi - 20x_BF_01\MG_whole\ann-574__x-15635_y-14030_w-184_h-114__ds-1.png,c:\Users\chris\Desktop\University\Thesis\AutomaticMicrogliaMorphologyAnalysis\AnnotationsData\Segmentations\masks\2017-063_Iba1_Temporal pole_Batch 6.vsi - 20x_BF_01\MG_whole\ann-574__x-15635_y-14030_w-184_h-114__ds-1.png,MG_whole,2017-063_Iba1_Temporal pole_Batch 6.vsi - 20x_BF_01,good
953,c:\Users\chris\Desktop\University\Thesis\AutomaticMicrogliaMorphologyAnalysis\AnnotationsData\Segmentations\images\2017-063_Iba1_Temporal pole_Batch 6.vsi - 20x_BF_01\MG_whole\ann-576__x-14579_y-13254_w-180_h-115__ds-1.png,c:\Users\chris\Desktop\University\Thesis\AutomaticMicrogliaMorphologyAnalysis\AnnotationsData\Segmentations\masks\2017-063_Iba1_Temporal pole_Batch 6.vsi - 20x_BF_01\MG_whole\ann-576__x-14579_y-13254_w-180_h-115__ds-1.png,MG_whole,2017-063_Iba1_Temporal pole_Batch 6.vsi - 20x_BF_01,good
954,c:\Users\chris\Desktop\University\Thesis\AutomaticMicrogliaMorphologyAnalysis\AnnotationsData\Segmentations\images\2017-063_Iba1_Temporal pole_Batch 6.vsi - 20x_BF_01\MG_whole\ann-580__x-12833_y-12337_w-135_h-236__ds-1.png,c:\Users\chris\Desktop\University\Thesis\AutomaticMicrogliaMorphologyAnalysis\AnnotationsData\Segmentations\masks\2017-063_Iba1_Temporal pole_Batch 6.vsi - 20x_BF_01\MG_whole\ann-580__x-12833_y-12337_w-135_h-236__ds-1.png,MG_whole,2017-063_Iba1_Temporal pole_Batch 6.vsi - 20x_BF_01,good
955,c:\Users\chris\Desktop\University\Thesis\AutomaticMicrogliaMorphologyAnalysis\AnnotationsData\Segmentations\images\2017-063_Iba1_Temporal pole_Batch 6.vsi - 20x_BF_01\MG_whole\ann-581__x-13054_y-12094_w-141_h-160__ds-1.png,c:\Users\chris\Desktop\University\Thesis\AutomaticMicrogliaMorphologyAnalysis\AnnotationsData\Segmentations\masks\2017-063_Iba1_Temporal pole_Batch 6.vsi - 20x_BF_01\MG_whole\ann-581__x-13054_y-12094_w-141_h-160__ds-1.png,MG_whole,2017-063_Iba1_Temporal pole_Batch 6.vsi - 20x_BF_01,medium
956,c:\Users\chris\Desktop\University\Thesis\AutomaticMicrogliaMorphologyAnalysis\AnnotationsData\Segmentations\images\2017-063_Iba1_Temporal pole_Batch 6.vsi - 20x_BF_01\MG_whole\ann-586__x-13737_y-10701_w-155_h-120__ds-1.png,c:\Users\chris\Desktop\University\Thesis\AutomaticMicrogliaMorphologyAnalysis\AnnotationsData\Segmentations\masks\2017-063_Iba1_Temporal pole_Batch 6.vsi - 20x_BF_01\MG_whole\ann-586__x-13737_y-10701_w-155_h-120__ds-1.png,MG_whole,2017-063_Iba1_Temporal pole_Batch 6.vsi - 20x_BF_01,good
957,c:\Users\chris\Desktop\University\Thesis\AutomaticMicrogliaMorphologyAnalysis\AnnotationsData\Segmentations\images\2017-063_Iba1_Temporal pole_Batch 6.vsi - 20x_BF_01\MG_whole\ann-588__x-14576_y-10624_w-185_h-125__ds-1.png,c:\Users\chris\Desktop\University\Thesis\AutomaticMicrogliaMorphologyAnalysis\AnnotationsData\Segmentations\masks\2017-063_Iba1_Temporal pole_Batch 6.vsi - 20x_BF_01\MG_whole\ann-588__x-14576_y-10624_w-185_h-125__ds-1.png,MG_whole,2017-063_Iba1_Temporal pole_Batch 6.vsi - 20x_BF_01,good
958,c:\Users\chris\Desktop\University\Thesis\AutomaticMicrogliaMorphologyAnalysis\AnnotationsData\Segmentations\images\2017-063_Iba1_Temporal pole_Batch 6.vsi - 20x_BF_01\MG_whole\ann-58__x-23226_y-24426_w-109_h-188__ds-1.png,c:\Users\chris\Desktop\University\Thesis\AutomaticMicrogliaMorphologyAnalysis\AnnotationsData\Segmentations\masks\2017-063_Iba1_Temporal pole_Batch 6.vsi - 20x_BF_01\MG_whole\ann-58__x-23226_y-24426_w-109_h-188__ds-1.png,MG_whole,2017-063_Iba1_Temporal pole_Batch 6.vsi - 20x_BF_01,medium
959,c:\Users\chris\Desktop\University\Thesis\AutomaticMicrogliaMorphologyAnalysis\AnnotationsData\Segmentations\images\2017-063_Iba1_Temporal pole_Batch 6.vsi - 20x_BF_01\MG_whole\ann-590__x-13514_y-9869_w-314_h-167__ds-1.png,c:\Users\chris\Desktop\University\Thesis\AutomaticMicrogliaMorphologyAnalysis\AnnotationsData\Segmentations\masks\2017-063_Iba1_Temporal pole_Batch 6.vsi - 20x_BF_01\MG_whole\ann-590__x-13514_y-9869_w-314_h-167__ds-1.png,MG_whole,2017-063_Iba1_Temporal pole_Batch 6.vsi - 20x_BF_01,good
960,c:\Users\chris\Desktop\University\Thesis\AutomaticMicrogliaMorphologyAnalysis\AnnotationsData\Segmentations\images\2017-063_Iba1_Temporal pole_Batch 6.vsi - 20x_BF_01\MG_whole\ann-593__x-13294_y-8977_w-114_h-152__ds-1.png,c:\Users\chris\Desktop\University\Thesis\AutomaticMicrogliaMorphologyAnalysis\AnnotationsData\Segmentations\masks\2017-063_Iba1_Temporal pole_Batch 6.vsi - 20x_BF_01\MG_whole\ann-593__x-13294_y-8977_w-114_h-152__ds-1.png,MG_whole,2017-063_Iba1_Temporal pole_Batch 6.vsi - 20x_BF_01,medium
961,c:\Users\chris\Desktop\University\Thesis\AutomaticMicrogliaMorphologyAnalysis\AnnotationsData\Segmentations\images\2017-063_Iba1_Temporal pole_Batch 6.vsi - 20x_BF_01\MG_whole\ann-594__x-13252_y-9229_w-129_h-97__ds-1.png,c:\Users\chris\Desktop\University\Thesis\AutomaticMicrogliaMorphologyAnalysis\AnnotationsData\Segmentations\masks\2017-063_Iba1_Temporal pole_Batch 6.vsi - 20x_BF_01\MG_whole\ann-594__x-13252_y-9229_w-129_h-97__ds-1.png,MG_whole,2017-063_Iba1_Temporal pole_Batch 6.vsi - 20x_BF_01,medium
962,c:\Users\chris\Desktop\University\Thesis\AutomaticMicrogliaMorphologyAnalysis\AnnotationsData\Segmentations\images\2017-063_Iba1_Temporal pole_Batch 6.vsi - 20x_BF_01\MG_whole\ann-597__x-12299_y-10497_w-145_h-188__ds-1.png,c:\Users\chris\Desktop\University\Thesis\AutomaticMicrogliaMorphologyAnalysis\AnnotationsData\Segmentations\masks\2017-063_Iba1_Temporal pole_Batch 6.vsi - 20x_BF_01\MG_whole\ann-597__x-12299_y-10497_w-145_h-188__ds-1.png,MG_whole,2017-063_Iba1_Temporal pole_Batch 6.vsi - 20x_BF_01,medium
963,c:\Users\chris\Desktop\University\Thesis\AutomaticMicrogliaMorphologyAnalysis\AnnotationsData\Segmentations\images\2017-063_Iba1_Temporal pole_Batch 6.vsi - 20x_BF_01\MG_whole\ann-598__x-12335_y-10682_w-176_h-84__ds-1.png,c:\Users\chris\Desktop\University\Thesis\AutomaticMicrogliaMorphologyAnalysis\AnnotationsData\Segmentations\masks\2017-063_Iba1_Temporal pole_Batch 6.vsi - 20x_BF_01\MG_whole\ann-598__x-12335_y-10682_w-176_h-84__ds-1.png,MG_whole,2017-063_Iba1_Temporal pole_Batch 6.vsi - 20x_BF_01,good
964,c:\Users\chris\Desktop\University\Thesis\AutomaticMicrogliaMorphologyAnalysis\AnnotationsData\Segmentations\images\2017-063_Iba1_Temporal pole_Batch 6.vsi - 20x_BF_01\MG_whole\ann-59__x-23145_y-24645_w-195_h-219__ds-1.png,c:\Users\chris\Desktop\University\Thesis\AutomaticMicrogliaMorphologyAnalysis\AnnotationsData\Segmentations\masks\2017-063_Iba1_Temporal pole_Batch 6.vsi - 20x_BF_01\MG_whole\ann-59__x-23145_y-24645_w-195_h-219__ds-1.png,MG_whole,2017-063_Iba1_Temporal pole_Batch 6.vsi - 20x_BF_01,good
965,c:\Users\chris\Desktop\University\Thesis\AutomaticMicrogliaMorphologyAnalysis\AnnotationsData\Segmentations\images\2017-063_Iba1_Temporal pole_Batch 6.vsi - 20x_BF_01\MG_whole\ann-5__x-28242_y-26450_w-112_h-131__ds-1.png,c:\Users\chris\Desktop\University\Thesis\AutomaticMicrogliaMorphologyAnalysis\AnnotationsData\Segmentations\masks\2017-063_Iba1_Temporal pole_Batch 6.vsi - 20x_BF_01\MG_whole\ann-5__x-28242_y-26450_w-112_h-131__ds-1.png,MG_whole,2017-063_Iba1_Temporal pole_Batch 6.vsi - 20x_BF_01,good
966,c:\Users\chris\Desktop\University\Thesis\AutomaticMicrogliaMorphologyAnalysis\AnnotationsData\Segmentations\images\2017-063_Iba1_Temporal pole_Batch 6.vsi - 20x_BF_01\MG_whole\ann-600__x-13941_y-8126_w-207_h-179__ds-1.png,c:\Users\chris\Desktop\University\Thesis\AutomaticMicrogliaMorphologyAnalysis\AnnotationsData\Segmentations\masks\2017-063_Iba1_Temporal pole_Batch 6.vsi - 20x_BF_01\MG_whole\ann-600__x-13941_y-8126_w-207_h-179__ds-1.png,MG_whole,2017-063_Iba1_Temporal pole_Batch 6.vsi - 20x_BF_01,good
967,c:\Users\chris\Desktop\University\Thesis\AutomaticMicrogliaMorphologyAnalysis\AnnotationsData\Segmentations\images\2017-063_Iba1_Temporal pole_Batch 6.vsi - 20x_BF_01\MG_whole\ann-602__x-14586_y-8106_w-283_h-194__ds-1.png,c:\Users\chris\Desktop\University\Thesis\AutomaticMicrogliaMorphologyAnalysis\AnnotationsData\Segmentations\masks\2017-063_Iba1_Temporal pole_Batch 6.vsi - 20x_BF_01\MG_whole\ann-602__x-14586_y-8106_w-283_h-194__ds-1.png,MG_whole,2017-063_Iba1_Temporal pole_Batch 6.vsi - 20x_BF_01,bad
968,c:\Users\chris\Desktop\University\Thesis\AutomaticMicrogliaMorphologyAnalysis\AnnotationsData\Segmentations\images\2017-063_Iba1_Temporal pole_Batch 6.vsi - 20x_BF_01\MG_whole\ann-604__x-12599_y-7520_w-98_h-184__ds-1.png,c:\Users\chris\Desktop\University\Thesis\AutomaticMicrogliaMorphologyAnalysis\AnnotationsData\Segmentations\masks\2017-063_Iba1_Temporal pole_Batch 6.vsi - 20x_BF_01\MG_whole\ann-604__x-12599_y-7520_w-98_h-184__ds-1.png,MG_whole,2017-063_Iba1_Temporal pole_Batch 6.vsi - 20x_BF_01,good
969,c:\Users\chris\Desktop\University\Thesis\AutomaticMicrogliaMorphologyAnalysis\AnnotationsData\Segmentations\images\2017-063_Iba1_Temporal pole_Batch 6.vsi - 20x_BF_01\MG_whole\ann-606__x-12087_y-7147_w-181_h-237__ds-1.png,c:\Users\chris\Desktop\University\Thesis\AutomaticMicrogliaMorphologyAnalysis\AnnotationsData\Segmentations\masks\2017-063_Iba1_Temporal pole_Batch 6.vsi - 20x_BF_01\MG_whole\ann-606__x-12087_y-7147_w-181_h-237__ds-1.png,MG_whole,2017-063_Iba1_Temporal pole_Batch 6.vsi - 20x_BF_01,bad
970,c:\Users\chris\Desktop\University\Thesis\AutomaticMicrogliaMorphologyAnalysis\AnnotationsData\Segmentations\images\2017-063_Iba1_Temporal pole_Batch 6.vsi - 20x_BF_01\MG_whole\ann-608__x-12453_y-7650_w-99_h-133__ds-1.png,c:\Users\chris\Desktop\University\Thesis\AutomaticMicrogliaMorphologyAnalysis\AnnotationsData\Segmentations\masks\2017-063_Iba1_Temporal pole_Batch 6.vsi - 20x_BF_01\MG_whole\ann-608__x-12453_y-7650_w-99_h-133__ds-1.png,MG_whole,2017-063_Iba1_Temporal pole_Batch 6.vsi - 20x_BF_01,good
971,c:\Users\chris\Desktop\University\Thesis\AutomaticMicrogliaMorphologyAnalysis\AnnotationsData\Segmentations\images\2017-063_Iba1_Temporal pole_Batch 6.vsi - 20x_BF_01\MG_whole\ann-610__x-13327_y-7365_w-167_h-99__ds-1.png,c:\Users\chris\Desktop\University\Thesis\AutomaticMicrogliaMorphologyAnalysis\AnnotationsData\Segmentations\masks\2017-063_Iba1_Temporal pole_Batch 6.vsi - 20x_BF_01\MG_whole\ann-610__x-13327_y-7365_w-167_h-99__ds-1.png,MG_whole,2017-063_Iba1_Temporal pole_Batch 6.vsi - 20x_BF_01,good
972,c:\Users\chris\Desktop\University\Thesis\AutomaticMicrogliaMorphologyAnalysis\AnnotationsData\Segmentations\images\2017-063_Iba1_Temporal pole_Batch 6.vsi - 20x_BF_01\MG_whole\ann-612__x-13274_y-6943_w-146_h-182__ds-1.png,c:\Users\chris\Desktop\University\Thesis\AutomaticMicrogliaMorphologyAnalysis\AnnotationsData\Segmentations\masks\2017-063_Iba1_Temporal pole_Batch 6.vsi - 20x_BF_01\MG_whole\ann-612__x-13274_y-6943_w-146_h-182__ds-1.png,MG_whole,2017-063_Iba1_Temporal pole_Batch 6.vsi - 20x_BF_01,bad
973,c:\Users\chris\Desktop\University\Thesis\AutomaticMicrogliaMorphologyAnalysis\AnnotationsData\Segmentations\images\2017-063_Iba1_Temporal pole_Batch 6.vsi - 20x_BF_01\MG_whole\ann-615__x-11277_y-18987_w-170_h-193__ds-1.png,c:\Users\chris\Desktop\University\Thesis\AutomaticMicrogliaMorphologyAnalysis\AnnotationsData\Segmentations\masks\2017-063_Iba1_Temporal pole_Batch 6.vsi - 20x_BF_01\MG_whole\ann-615__x-11277_y-18987_w-170_h-193__ds-1.png,MG_whole,2017-063_Iba1_Temporal pole_Batch 6.vsi - 20x_BF_01,medium
974,c:\Users\chris\Desktop\University\Thesis\AutomaticMicrogliaMorphologyAnalysis\AnnotationsData\Segmentations\images\2017-063_Iba1_Temporal pole_Batch 6.vsi - 20x_BF_01\MG_whole\ann-616__x-10956_y-18994_w-105_h-143__ds-1.png,c:\Users\chris\Desktop\University\Thesis\AutomaticMicrogliaMorphologyAnalysis\AnnotationsData\Segmentations\masks\2017-063_Iba1_Temporal pole_Batch 6.vsi - 20x_BF_01\MG_whole\ann-616__x-10956_y-18994_w-105_h-143__ds-1.png,MG_whole,2017-063_Iba1_Temporal pole_Batch 6.vsi - 20x_BF_01,medium
975,c:\Users\chris\Desktop\University\Thesis\AutomaticMicrogliaMorphologyAnalysis\AnnotationsData\Segmentations\images\2017-063_Iba1_Temporal pole_Batch 6.vsi - 20x_BF_01\MG_whole\ann-618__x-11465_y-18668_w-133_h-130__ds-1.png,c:\Users\chris\Desktop\University\Thesis\AutomaticMicrogliaMorphologyAnalysis\AnnotationsData\Segmentations\masks\2017-063_Iba1_Temporal pole_Batch 6.vsi - 20x_BF_01\MG_whole\ann-618__x-11465_y-18668_w-133_h-130__ds-1.png,MG_whole,2017-063_Iba1_Temporal pole_Batch 6.vsi - 20x_BF_01,good
976,c:\Users\chris\Desktop\University\Thesis\AutomaticMicrogliaMorphologyAnalysis\AnnotationsData\Segmentations\images\2017-063_Iba1_Temporal pole_Batch 6.vsi - 20x_BF_01\MG_whole\ann-61__x-23152_y-24876_w-99_h-82__ds-1.png,c:\Users\chris\Desktop\University\Thesis\AutomaticMicrogliaMorphologyAnalysis\AnnotationsData\Segmentations\masks\2017-063_Iba1_Temporal pole_Batch 6.vsi - 20x_BF_01\MG_whole\ann-61__x-23152_y-24876_w-99_h-82__ds-1.png,MG_whole,2017-063_Iba1_Temporal pole_Batch 6.vsi - 20x_BF_01,bad_image_quality
977,c:\Users\chris\Desktop\University\Thesis\AutomaticMicrogliaMorphologyAnalysis\AnnotationsData\Segmentations\images\2017-063_Iba1_Temporal pole_Batch 6.vsi - 20x_BF_01\MG_whole\ann-620__x-10869_y-17816_w-160_h-137__ds-1.png,c:\Users\chris\Desktop\University\Thesis\AutomaticMicrogliaMorphologyAnalysis\AnnotationsData\Segmentations\masks\2017-063_Iba1_Temporal pole_Batch 6.vsi - 20x_BF_01\MG_whole\ann-620__x-10869_y-17816_w-160_h-137__ds-1.png,MG_whole,2017-063_Iba1_Temporal pole_Batch 6.vsi - 20x_BF_01,medium
978,c:\Users\chris\Desktop\University\Thesis\AutomaticMicrogliaMorphologyAnalysis\AnnotationsData\Segmentations\images\2017-063_Iba1_Temporal pole_Batch 6.vsi - 20x_BF_01\MG_whole\ann-622__x-12206_y-16644_w-127_h-113__ds-1.png,c:\Users\chris\Desktop\University\Thesis\AutomaticMicrogliaMorphologyAnalysis\AnnotationsData\Segmentations\masks\2017-063_Iba1_Temporal pole_Batch 6.vsi - 20x_BF_01\MG_whole\ann-622__x-12206_y-16644_w-127_h-113__ds-1.png,MG_whole,2017-063_Iba1_Temporal pole_Batch 6.vsi - 20x_BF_01,bad_image_quality
979,c:\Users\chris\Desktop\University\Thesis\AutomaticMicrogliaMorphologyAnalysis\AnnotationsData\Segmentations\images\2017-063_Iba1_Temporal pole_Batch 6.vsi - 20x_BF_01\MG_whole\ann-624__x-12318_y-17240_w-71_h-88__ds-1.png,c:\Users\chris\Desktop\University\Thesis\AutomaticMicrogliaMorphologyAnalysis\AnnotationsData\Segmentations\masks\2017-063_Iba1_Temporal pole_Batch 6.vsi - 20x_BF_01\MG_whole\ann-624__x-12318_y-17240_w-71_h-88__ds-1.png,MG_whole,2017-063_Iba1_Temporal pole_Batch 6.vsi - 20x_BF_01,good
980,c:\Users\chris\Desktop\University\Thesis\AutomaticMicrogliaMorphologyAnalysis\AnnotationsData\Segmentations\images\2017-063_Iba1_Temporal pole_Batch 6.vsi - 20x_BF_01\MG_whole\ann-626__x-12669_y-17446_w-152_h-149__ds-1.png,c:\Users\chris\Desktop\University\Thesis\AutomaticMicrogliaMorphologyAnalysis\AnnotationsData\Segmentations\masks\2017-063_Iba1_Temporal pole_Batch 6.vsi - 20x_BF_01\MG_whole\ann-626__x-12669_y-17446_w-152_h-149__ds-1.png,MG_whole,2017-063_Iba1_Temporal pole_Batch 6.vsi - 20x_BF_01,good
981,c:\Users\chris\Desktop\University\Thesis\AutomaticMicrogliaMorphologyAnalysis\AnnotationsData\Segmentations\images\2017-063_Iba1_Temporal pole_Batch 6.vsi - 20x_BF_01\MG_whole\ann-628__x-12733_y-17031_w-141_h-125__ds-1.png,c:\Users\chris\Desktop\University\Thesis\AutomaticMicrogliaMorphologyAnalysis\AnnotationsData\Segmentations\masks\2017-063_Iba1_Temporal pole_Batch 6.vsi - 20x_BF_01\MG_whole\ann-628__x-12733_y-17031_w-141_h-125__ds-1.png,MG_whole,2017-063_Iba1_Temporal pole_Batch 6.vsi - 20x_BF_01,medium
982,c:\Users\chris\Desktop\University\Thesis\AutomaticMicrogliaMorphologyAnalysis\AnnotationsData\Segmentations\images\2017-063_Iba1_Temporal pole_Batch 6.vsi - 20x_BF_01\MG_whole\ann-630__x-13707_y-16635_w-119_h-123__ds-1.png,c:\Users\chris\Desktop\University\Thesis\AutomaticMicrogliaMorphologyAnalysis\AnnotationsData\Segmentations\masks\2017-063_Iba1_Temporal pole_Batch 6.vsi - 20x_BF_01\MG_whole\ann-630__x-13707_y-16635_w-119_h-123__ds-1.png,MG_whole,2017-063_Iba1_Temporal pole_Batch 6.vsi - 20x_BF_01,medium
983,c:\Users\chris\Desktop\University\Thesis\AutomaticMicrogliaMorphologyAnalysis\AnnotationsData\Segmentations\images\2017-063_Iba1_Temporal pole_Batch 6.vsi - 20x_BF_01\MG_whole\ann-633__x-14649_y-15851_w-51_h-45__ds-1.png,c:\Users\chris\Desktop\University\Thesis\AutomaticMicrogliaMorphologyAnalysis\AnnotationsData\Segmentations\masks\2017-063_Iba1_Temporal pole_Batch 6.vsi - 20x_BF_01\MG_whole\ann-633__x-14649_y-15851_w-51_h-45__ds-1.png,MG_whole,2017-063_Iba1_Temporal pole_Batch 6.vsi - 20x_BF_01,bad_image_quality
984,c:\Users\chris\Desktop\University\Thesis\AutomaticMicrogliaMorphologyAnalysis\AnnotationsData\Segmentations\images\2017-063_Iba1_Temporal pole_Batch 6.vsi - 20x_BF_01\MG_whole\ann-634__x-14654_y-15889_w-67_h-82__ds-1.png,c:\Users\chris\Desktop\University\Thesis\AutomaticMicrogliaMorphologyAnalysis\AnnotationsData\Segmentations\masks\2017-063_Iba1_Temporal pole_Batch 6.vsi - 20x_BF_01\MG_whole\ann-634__x-14654_y-15889_w-67_h-82__ds-1.png,MG_whole,2017-063_Iba1_Temporal pole_Batch 6.vsi - 20x_BF_01,good
985,c:\Users\chris\Desktop\University\Thesis\AutomaticMicrogliaMorphologyAnalysis\AnnotationsData\Segmentations\images\2017-063_Iba1_Temporal pole_Batch 6.vsi - 20x_BF_01\MG_whole\ann-636__x-13077_y-14774_w-160_h-149__ds-1.png,c:\Users\chris\Desktop\University\Thesis\AutomaticMicrogliaMorphologyAnalysis\AnnotationsData\Segmentations\masks\2017-063_Iba1_Temporal pole_Batch 6.vsi - 20x_BF_01\MG_whole\ann-636__x-13077_y-14774_w-160_h-149__ds-1.png,MG_whole,2017-063_Iba1_Temporal pole_Batch 6.vsi - 20x_BF_01,medium
986,c:\Users\chris\Desktop\University\Thesis\AutomaticMicrogliaMorphologyAnalysis\AnnotationsData\Segmentations\images\2017-063_Iba1_Temporal pole_Batch 6.vsi - 20x_BF_01\MG_whole\ann-638__x-12794_y-14566_w-123_h-160__ds-1.png,c:\Users\chris\Desktop\University\Thesis\AutomaticMicrogliaMorphologyAnalysis\AnnotationsData\Segmentations\masks\2017-063_Iba1_Temporal pole_Batch 6.vsi - 20x_BF_01\MG_whole\ann-638__x-12794_y-14566_w-123_h-160__ds-1.png,MG_whole,2017-063_Iba1_Temporal pole_Batch 6.vsi - 20x_BF_01,good
987,c:\Users\chris\Desktop\University\Thesis\AutomaticMicrogliaMorphologyAnalysis\AnnotationsData\Segmentations\images\2017-063_Iba1_Temporal pole_Batch 6.vsi - 20x_BF_01\MG_whole\ann-640__x-13538_y-14999_w-115_h-136__ds-1.png,c:\Users\chris\Desktop\University\Thesis\AutomaticMicrogliaMorphologyAnalysis\AnnotationsData\Segmentations\masks\2017-063_Iba1_Temporal pole_Batch 6.vsi - 20x_BF_01\MG_whole\ann-640__x-13538_y-14999_w-115_h-136__ds-1.png,MG_whole,2017-063_Iba1_Temporal pole_Batch 6.vsi - 20x_BF_01,good
988,c:\Users\chris\Desktop\University\Thesis\AutomaticMicrogliaMorphologyAnalysis\AnnotationsData\Segmentations\images\2017-063_Iba1_Temporal pole_Batch 6.vsi - 20x_BF_01\MG_whole\ann-642__x-14241_y-17669_w-199_h-171__ds-1.png,c:\Users\chris\Desktop\University\Thesis\AutomaticMicrogliaMorphologyAnalysis\AnnotationsData\Segmentations\masks\2017-063_Iba1_Temporal pole_Batch 6.vsi - 20x_BF_01\MG_whole\ann-642__x-14241_y-17669_w-199_h-171__ds-1.png,MG_whole,2017-063_Iba1_Temporal pole_Batch 6.vsi - 20x_BF_01,good
989,c:\Users\chris\Desktop\University\Thesis\AutomaticMicrogliaMorphologyAnalysis\AnnotationsData\Segmentations\images\2017-063_Iba1_Temporal pole_Batch 6.vsi - 20x_BF_01\MG_whole\ann-645__x-13810_y-17909_w-77_h-72__ds-1.png,c:\Users\chris\Desktop\University\Thesis\AutomaticMicrogliaMorphologyAnalysis\AnnotationsData\Segmentations\masks\2017-063_Iba1_Temporal pole_Batch 6.vsi - 20x_BF_01\MG_whole\ann-645__x-13810_y-17909_w-77_h-72__ds-1.png,MG_whole,2017-063_Iba1_Temporal pole_Batch 6.vsi - 20x_BF_01,good
990,c:\Users\chris\Desktop\University\Thesis\AutomaticMicrogliaMorphologyAnalysis\AnnotationsData\Segmentations\images\2017-063_Iba1_Temporal pole_Batch 6.vsi - 20x_BF_01\MG_whole\ann-647__x-14835_y-15401_w-134_h-179__ds-1.png,c:\Users\chris\Desktop\University\Thesis\AutomaticMicrogliaMorphologyAnalysis\AnnotationsData\Segmentations\masks\2017-063_Iba1_Temporal pole_Batch 6.vsi - 20x_BF_01\MG_whole\ann-647__x-14835_y-15401_w-134_h-179__ds-1.png,MG_whole,2017-063_Iba1_Temporal pole_Batch 6.vsi - 20x_BF_01,good
991,c:\Users\chris\Desktop\University\Thesis\AutomaticMicrogliaMorphologyAnalysis\AnnotationsData\Segmentations\images\2017-063_Iba1_Temporal pole_Batch 6.vsi - 20x_BF_01\MG_whole\ann-649__x-12215_y-19440_w-195_h-97__ds-1.png,c:\Users\chris\Desktop\University\Thesis\AutomaticMicrogliaMorphologyAnalysis\AnnotationsData\Segmentations\masks\2017-063_Iba1_Temporal pole_Batch 6.vsi - 20x_BF_01\MG_whole\ann-649__x-12215_y-19440_w-195_h-97__ds-1.png,MG_whole,2017-063_Iba1_Temporal pole_Batch 6.vsi - 20x_BF_01,good
992,c:\Users\chris\Desktop\University\Thesis\AutomaticMicrogliaMorphologyAnalysis\AnnotationsData\Segmentations\images\2017-063_Iba1_Temporal pole_Batch 6.vsi - 20x_BF_01\MG_whole\ann-64__x-22920_y-24757_w-56_h-153__ds-1.png,c:\Users\chris\Desktop\University\Thesis\AutomaticMicrogliaMorphologyAnalysis\AnnotationsData\Segmentations\masks\2017-063_Iba1_Temporal pole_Batch 6.vsi - 20x_BF_01\MG_whole\ann-64__x-22920_y-24757_w-56_h-153__ds-1.png,MG_whole,2017-063_Iba1_Temporal pole_Batch 6.vsi - 20x_BF_01,good
993,c:\Users\chris\Desktop\University\Thesis\AutomaticMicrogliaMorphologyAnalysis\AnnotationsData\Segmentations\images\2017-063_Iba1_Temporal pole_Batch 6.vsi - 20x_BF_01\MG_whole\ann-651__x-11577_y-20084_w-57_h-103__ds-1.png,c:\Users\chris\Desktop\University\Thesis\AutomaticMicrogliaMorphologyAnalysis\AnnotationsData\Segmentations\masks\2017-063_Iba1_Temporal pole_Batch 6.vsi - 20x_BF_01\MG_whole\ann-651__x-11577_y-20084_w-57_h-103__ds-1.png,MG_whole,2017-063_Iba1_Temporal pole_Batch 6.vsi - 20x_BF_01,medium
994,c:\Users\chris\Desktop\University\Thesis\AutomaticMicrogliaMorphologyAnalysis\AnnotationsData\Segmentations\images\2017-063_Iba1_Temporal pole_Batch 6.vsi - 20x_BF_01\MG_whole\ann-653__x-12092_y-11331_w-202_h-150__ds-1.png,c:\Users\chris\Desktop\University\Thesis\AutomaticMicrogliaMorphologyAnalysis\AnnotationsData\Segmentations\masks\2017-063_Iba1_Temporal pole_Batch 6.vsi - 20x_BF_01\MG_whole\ann-653__x-12092_y-11331_w-202_h-150__ds-1.png,MG_whole,2017-063_Iba1_Temporal pole_Batch 6.vsi - 20x_BF_01,medium
995,c:\Users\chris\Desktop\University\Thesis\AutomaticMicrogliaMorphologyAnalysis\AnnotationsData\Segmentations\images\2017-063_Iba1_Temporal pole_Batch 6.vsi - 20x_BF_01\MG_whole\ann-656__x-10955_y-10411_w-171_h-174__ds-1.png,c:\Users\chris\Desktop\University\Thesis\AutomaticMicrogliaMorphologyAnalysis\AnnotationsData\Segmentations\masks\2017-063_Iba1_Temporal pole_Batch 6.vsi - 20x_BF_01\MG_whole\ann-656__x-10955_y-10411_w-171_h-174__ds-1.png,MG_whole,2017-063_Iba1_Temporal pole_Batch 6.vsi - 20x_BF_01,bad
996,c:\Users\chris\Desktop\University\Thesis\AutomaticMicrogliaMorphologyAnalysis\AnnotationsData\Segmentations\images\2017-063_Iba1_Temporal pole_Batch 6.vsi - 20x_BF_01\MG_whole\ann-657__x-11124_y-10793_w-155_h-158__ds-1.png,c:\Users\chris\Desktop\University\Thesis\AutomaticMicrogliaMorphologyAnalysis\AnnotationsData\Segmentations\masks\2017-063_Iba1_Temporal pole_Batch 6.vsi - 20x_BF_01\MG_whole\ann-657__x-11124_y-10793_w-155_h-158__ds-1.png,MG_whole,2017-063_Iba1_Temporal pole_Batch 6.vsi - 20x_BF_01,good
997,c:\Users\chris\Desktop\University\Thesis\AutomaticMicrogliaMorphologyAnalysis\AnnotationsData\Segmentations\images\2017-063_Iba1_Temporal pole_Batch 6.vsi - 20x_BF_01\MG_whole\ann-659__x-11110_y-10142_w-106_h-114__ds-1.png,c:\Users\chris\Desktop\University\Thesis\AutomaticMicrogliaMorphologyAnalysis\AnnotationsData\Segmentations\masks\2017-063_Iba1_Temporal pole_Batch 6.vsi - 20x_BF_01\MG_whole\ann-659__x-11110_y-10142_w-106_h-114__ds-1.png,MG_whole,2017-063_Iba1_Temporal pole_Batch 6.vsi - 20x_BF_01,medium
998,c:\Users\chris\Desktop\University\Thesis\AutomaticMicrogliaMorphologyAnalysis\AnnotationsData\Segmentations\images\2017-063_Iba1_Temporal pole_Batch 6.vsi - 20x_BF_01\MG_whole\ann-65__x-22695_y-24753_w-123_h-109__ds-1.png,c:\Users\chris\Desktop\University\Thesis\AutomaticMicrogliaMorphologyAnalysis\AnnotationsData\Segmentations\masks\2017-063_Iba1_Temporal pole_Batch 6.vsi - 20x_BF_01\MG_whole\ann-65__x-22695_y-24753_w-123_h-109__ds-1.png,MG_whole,2017-063_Iba1_Temporal pole_Batch 6.vsi - 20x_BF_01,medium
999,c:\Users\chris\Desktop\University\Thesis\AutomaticMicrogliaMorphologyAnalysis\AnnotationsData\Segmentations\images\2017-063_Iba1_Temporal pole_Batch 6.vsi - 20x_BF_01\MG_whole\ann-662__x-11085_y-7388_w-178_h-194__ds-1.png,c:\Users\chris\Desktop\University\Thesis\AutomaticMicrogliaMorphologyAnalysis\AnnotationsData\Segmentations\masks\2017-063_Iba1_Temporal pole_Batch 6.vsi - 20x_BF_01\MG_whole\ann-662__x-11085_y-7388_w-178_h-194__ds-1.png,MG_whole,2017-063_Iba1_Temporal pole_Batch 6.vsi - 20x_BF_01,bad
1000,c:\Users\chris\Desktop\University\Thesis\AutomaticMicrogliaMorphologyAnalysis\AnnotationsData\Segmentations\images\2017-063_Iba1_Temporal pole_Batch 6.vsi - 20x_BF_01\MG_whole\ann-663__x-11161_y-7459_w-159_h-156__ds-1.png,c:\Users\chris\Desktop\University\Thesis\AutomaticMicrogliaMorphologyAnalysis\AnnotationsData\Segmentations\masks\2017-063_Iba1_Temporal pole_Batch 6.vsi - 20x_BF_01\MG_whole\ann-663__x-11161_y-7459_w-159_h-156__ds-1.png,MG_whole,2017-063_Iba1_Temporal pole_Batch 6.vsi - 20x_BF_01,bad
1001,c:\Users\chris\Desktop\University\Thesis\AutomaticMicrogliaMorphologyAnalysis\AnnotationsData\Segmentations\images\2017-063_Iba1_Temporal pole_Batch 6.vsi - 20x_BF_01\MG_whole\ann-666__x-10797_y-6614_w-140_h-100__ds-1.png,c:\Users\chris\Desktop\University\Thesis\AutomaticMicrogliaMorphologyAnalysis\AnnotationsData\Segmentations\masks\2017-063_Iba1_Temporal pole_Batch 6.vsi - 20x_BF_01\MG_whole\ann-666__x-10797_y-6614_w-140_h-100__ds-1.png,MG_whole,2017-063_Iba1_Temporal pole_Batch 6.vsi - 20x_BF_01,medium
1002,c:\Users\chris\Desktop\University\Thesis\AutomaticMicrogliaMorphologyAnalysis\AnnotationsData\Segmentations\images\2017-063_Iba1_Temporal pole_Batch 6.vsi - 20x_BF_01\MG_whole\ann-667__x-10566_y-6589_w-207_h-116__ds-1.png,c:\Users\chris\Desktop\University\Thesis\AutomaticMicrogliaMorphologyAnalysis\AnnotationsData\Segmentations\masks\2017-063_Iba1_Temporal pole_Batch 6.vsi - 20x_BF_01\MG_whole\ann-667__x-10566_y-6589_w-207_h-116__ds-1.png,MG_whole,2017-063_Iba1_Temporal pole_Batch 6.vsi - 20x_BF_01,good
1003,c:\Users\chris\Desktop\University\Thesis\AutomaticMicrogliaMorphologyAnalysis\AnnotationsData\Segmentations\images\2017-063_Iba1_Temporal pole_Batch 6.vsi - 20x_BF_01\MG_whole\ann-669__x-11854_y-6301_w-115_h-109__ds-1.png,c:\Users\chris\Desktop\University\Thesis\AutomaticMicrogliaMorphologyAnalysis\AnnotationsData\Segmentations\masks\2017-063_Iba1_Temporal pole_Batch 6.vsi - 20x_BF_01\MG_whole\ann-669__x-11854_y-6301_w-115_h-109__ds-1.png,MG_whole,2017-063_Iba1_Temporal pole_Batch 6.vsi - 20x_BF_01,medium
1004,c:\Users\chris\Desktop\University\Thesis\AutomaticMicrogliaMorphologyAnalysis\AnnotationsData\Segmentations\images\2017-063_Iba1_Temporal pole_Batch 6.vsi - 20x_BF_01\MG_whole\ann-671__x-13426_y-5925_w-185_h-210__ds-1.png,c:\Users\chris\Desktop\University\Thesis\AutomaticMicrogliaMorphologyAnalysis\AnnotationsData\Segmentations\masks\2017-063_Iba1_Temporal pole_Batch 6.vsi - 20x_BF_01\MG_whole\ann-671__x-13426_y-5925_w-185_h-210__ds-1.png,MG_whole,2017-063_Iba1_Temporal pole_Batch 6.vsi - 20x_BF_01,bad
1005,c:\Users\chris\Desktop\University\Thesis\AutomaticMicrogliaMorphologyAnalysis\AnnotationsData\Segmentations\images\2017-063_Iba1_Temporal pole_Batch 6.vsi - 20x_BF_01\MG_whole\ann-674__x-13970_y-5203_w-137_h-109__ds-1.png,c:\Users\chris\Desktop\University\Thesis\AutomaticMicrogliaMorphologyAnalysis\AnnotationsData\Segmentations\masks\2017-063_Iba1_Temporal pole_Batch 6.vsi - 20x_BF_01\MG_whole\ann-674__x-13970_y-5203_w-137_h-109__ds-1.png,MG_whole,2017-063_Iba1_Temporal pole_Batch 6.vsi - 20x_BF_01,good
1006,c:\Users\chris\Desktop\University\Thesis\AutomaticMicrogliaMorphologyAnalysis\AnnotationsData\Segmentations\images\2017-063_Iba1_Temporal pole_Batch 6.vsi - 20x_BF_01\MG_whole\ann-675__x-14035_y-4779_w-120_h-144__ds-1.png,c:\Users\chris\Desktop\University\Thesis\AutomaticMicrogliaMorphologyAnalysis\AnnotationsData\Segmentations\masks\2017-063_Iba1_Temporal pole_Batch 6.vsi - 20x_BF_01\MG_whole\ann-675__x-14035_y-4779_w-120_h-144__ds-1.png,MG_whole,2017-063_Iba1_Temporal pole_Batch 6.vsi - 20x_BF_01,good
1007,c:\Users\chris\Desktop\University\Thesis\AutomaticMicrogliaMorphologyAnalysis\AnnotationsData\Segmentations\images\2017-063_Iba1_Temporal pole_Batch 6.vsi - 20x_BF_01\MG_whole\ann-677__x-13567_y-4900_w-161_h-93__ds-1.png,c:\Users\chris\Desktop\University\Thesis\AutomaticMicrogliaMorphologyAnalysis\AnnotationsData\Segmentations\masks\2017-063_Iba1_Temporal pole_Batch 6.vsi - 20x_BF_01\MG_whole\ann-677__x-13567_y-4900_w-161_h-93__ds-1.png,MG_whole,2017-063_Iba1_Temporal pole_Batch 6.vsi - 20x_BF_01,medium
1008,c:\Users\chris\Desktop\University\Thesis\AutomaticMicrogliaMorphologyAnalysis\AnnotationsData\Segmentations\images\2017-063_Iba1_Temporal pole_Batch 6.vsi - 20x_BF_01\MG_whole\ann-679__x-12700_y-4406_w-185_h-231__ds-1.png,c:\Users\chris\Desktop\University\Thesis\AutomaticMicrogliaMorphologyAnalysis\AnnotationsData\Segmentations\masks\2017-063_Iba1_Temporal pole_Batch 6.vsi - 20x_BF_01\MG_whole\ann-679__x-12700_y-4406_w-185_h-231__ds-1.png,MG_whole,2017-063_Iba1_Temporal pole_Batch 6.vsi - 20x_BF_01,good
1009,c:\Users\chris\Desktop\University\Thesis\AutomaticMicrogliaMorphologyAnalysis\AnnotationsData\Segmentations\images\2017-063_Iba1_Temporal pole_Batch 6.vsi - 20x_BF_01\MG_whole\ann-681__x-13331_y-4361_w-105_h-154__ds-1.png,c:\Users\chris\Desktop\University\Thesis\AutomaticMicrogliaMorphologyAnalysis\AnnotationsData\Segmentations\masks\2017-063_Iba1_Temporal pole_Batch 6.vsi - 20x_BF_01\MG_whole\ann-681__x-13331_y-4361_w-105_h-154__ds-1.png,MG_whole,2017-063_Iba1_Temporal pole_Batch 6.vsi - 20x_BF_01,medium
1010,c:\Users\chris\Desktop\University\Thesis\AutomaticMicrogliaMorphologyAnalysis\AnnotationsData\Segmentations\images\2017-063_Iba1_Temporal pole_Batch 6.vsi - 20x_BF_01\MG_whole\ann-685__x-13139_y-3608_w-223_h-174__ds-1.png,c:\Users\chris\Desktop\University\Thesis\AutomaticMicrogliaMorphologyAnalysis\AnnotationsData\Segmentations\masks\2017-063_Iba1_Temporal pole_Batch 6.vsi - 20x_BF_01\MG_whole\ann-685__x-13139_y-3608_w-223_h-174__ds-1.png,MG_whole,2017-063_Iba1_Temporal pole_Batch 6.vsi - 20x_BF_01,medium
1011,c:\Users\chris\Desktop\University\Thesis\AutomaticMicrogliaMorphologyAnalysis\AnnotationsData\Segmentations\images\2017-063_Iba1_Temporal pole_Batch 6.vsi - 20x_BF_01\MG_whole\ann-686__x-13441_y-3845_w-124_h-144__ds-1.png,c:\Users\chris\Desktop\University\Thesis\AutomaticMicrogliaMorphologyAnalysis\AnnotationsData\Segmentations\masks\2017-063_Iba1_Temporal pole_Batch 6.vsi - 20x_BF_01\MG_whole\ann-686__x-13441_y-3845_w-124_h-144__ds-1.png,MG_whole,2017-063_Iba1_Temporal pole_Batch 6.vsi - 20x_BF_01,bad
1012,c:\Users\chris\Desktop\University\Thesis\AutomaticMicrogliaMorphologyAnalysis\AnnotationsData\Segmentations\images\2017-063_Iba1_Temporal pole_Batch 6.vsi - 20x_BF_01\MG_whole\ann-687__x-13383_y-4015_w-126_h-149__ds-1.png,c:\Users\chris\Desktop\University\Thesis\AutomaticMicrogliaMorphologyAnalysis\AnnotationsData\Segmentations\masks\2017-063_Iba1_Temporal pole_Batch 6.vsi - 20x_BF_01\MG_whole\ann-687__x-13383_y-4015_w-126_h-149__ds-1.png,MG_whole,2017-063_Iba1_Temporal pole_Batch 6.vsi - 20x_BF_01,good
1013,c:\Users\chris\Desktop\University\Thesis\AutomaticMicrogliaMorphologyAnalysis\AnnotationsData\Segmentations\images\2017-063_Iba1_Temporal pole_Batch 6.vsi - 20x_BF_01\MG_whole\ann-689__x-13948_y-4192_w-92_h-125__ds-1.png,c:\Users\chris\Desktop\University\Thesis\AutomaticMicrogliaMorphologyAnalysis\AnnotationsData\Segmentations\masks\2017-063_Iba1_Temporal pole_Batch 6.vsi - 20x_BF_01\MG_whole\ann-689__x-13948_y-4192_w-92_h-125__ds-1.png,MG_whole,2017-063_Iba1_Temporal pole_Batch 6.vsi - 20x_BF_01,medium
1014,c:\Users\chris\Desktop\University\Thesis\AutomaticMicrogliaMorphologyAnalysis\AnnotationsData\Segmentations\images\2017-063_Iba1_Temporal pole_Batch 6.vsi - 20x_BF_01\MG_whole\ann-68__x-22276_y-24678_w-131_h-192__ds-1.png,c:\Users\chris\Desktop\University\Thesis\AutomaticMicrogliaMorphologyAnalysis\AnnotationsData\Segmentations\masks\2017-063_Iba1_Temporal pole_Batch 6.vsi - 20x_BF_01\MG_whole\ann-68__x-22276_y-24678_w-131_h-192__ds-1.png,MG_whole,2017-063_Iba1_Temporal pole_Batch 6.vsi - 20x_BF_01,good
1015,c:\Users\chris\Desktop\University\Thesis\AutomaticMicrogliaMorphologyAnalysis\AnnotationsData\Segmentations\images\2017-063_Iba1_Temporal pole_Batch 6.vsi - 20x_BF_01\MG_whole\ann-69__x-22415_y-24662_w-92_h-211__ds-1.png,c:\Users\chris\Desktop\University\Thesis\AutomaticMicrogliaMorphologyAnalysis\AnnotationsData\Segmentations\masks\2017-063_Iba1_Temporal pole_Batch 6.vsi - 20x_BF_01\MG_whole\ann-69__x-22415_y-24662_w-92_h-211__ds-1.png,MG_whole,2017-063_Iba1_Temporal pole_Batch 6.vsi - 20x_BF_01,good
1016,c:\Users\chris\Desktop\University\Thesis\AutomaticMicrogliaMorphologyAnalysis\AnnotationsData\Segmentations\images\2017-063_Iba1_Temporal pole_Batch 6.vsi - 20x_BF_01\MG_whole\ann-73__x-22094_y-23910_w-166_h-250__ds-1.png,c:\Users\chris\Desktop\University\Thesis\AutomaticMicrogliaMorphologyAnalysis\AnnotationsData\Segmentations\masks\2017-063_Iba1_Temporal pole_Batch 6.vsi - 20x_BF_01\MG_whole\ann-73__x-22094_y-23910_w-166_h-250__ds-1.png,MG_whole,2017-063_Iba1_Temporal pole_Batch 6.vsi - 20x_BF_01,medium
1017,c:\Users\chris\Desktop\University\Thesis\AutomaticMicrogliaMorphologyAnalysis\AnnotationsData\Segmentations\images\2017-063_Iba1_Temporal pole_Batch 6.vsi - 20x_BF_01\MG_whole\ann-74__x-21925_y-24071_w-75_h-180__ds-1.png,c:\Users\chris\Desktop\University\Thesis\AutomaticMicrogliaMorphologyAnalysis\AnnotationsData\Segmentations\masks\2017-063_Iba1_Temporal pole_Batch 6.vsi - 20x_BF_01\MG_whole\ann-74__x-21925_y-24071_w-75_h-180__ds-1.png,MG_whole,2017-063_Iba1_Temporal pole_Batch 6.vsi - 20x_BF_01,medium
1018,c:\Users\chris\Desktop\University\Thesis\AutomaticMicrogliaMorphologyAnalysis\AnnotationsData\Segmentations\images\2017-063_Iba1_Temporal pole_Batch 6.vsi - 20x_BF_01\MG_whole\ann-75__x-22358_y-24271_w-172_h-174__ds-1.png,c:\Users\chris\Desktop\University\Thesis\AutomaticMicrogliaMorphologyAnalysis\AnnotationsData\Segmentations\masks\2017-063_Iba1_Temporal pole_Batch 6.vsi - 20x_BF_01\MG_whole\ann-75__x-22358_y-24271_w-172_h-174__ds-1.png,MG_whole,2017-063_Iba1_Temporal pole_Batch 6.vsi - 20x_BF_01,disagree
1019,c:\Users\chris\Desktop\University\Thesis\AutomaticMicrogliaMorphologyAnalysis\AnnotationsData\Segmentations\images\2017-063_Iba1_Temporal pole_Batch 6.vsi - 20x_BF_01\MG_whole\ann-78__x-21538_y-23478_w-108_h-132__ds-1.png,c:\Users\chris\Desktop\University\Thesis\AutomaticMicrogliaMorphologyAnalysis\AnnotationsData\Segmentations\masks\2017-063_Iba1_Temporal pole_Batch 6.vsi - 20x_BF_01\MG_whole\ann-78__x-21538_y-23478_w-108_h-132__ds-1.png,MG_whole,2017-063_Iba1_Temporal pole_Batch 6.vsi - 20x_BF_01,medium
1020,c:\Users\chris\Desktop\University\Thesis\AutomaticMicrogliaMorphologyAnalysis\AnnotationsData\Segmentations\images\2017-063_Iba1_Temporal pole_Batch 6.vsi - 20x_BF_01\MG_whole\ann-79__x-21568_y-23871_w-137_h-185__ds-1.png,c:\Users\chris\Desktop\University\Thesis\AutomaticMicrogliaMorphologyAnalysis\AnnotationsData\Segmentations\masks\2017-063_Iba1_Temporal pole_Batch 6.vsi - 20x_BF_01\MG_whole\ann-79__x-21568_y-23871_w-137_h-185__ds-1.png,MG_whole,2017-063_Iba1_Temporal pole_Batch 6.vsi - 20x_BF_01,good
1021,c:\Users\chris\Desktop\University\Thesis\AutomaticMicrogliaMorphologyAnalysis\AnnotationsData\Segmentations\images\2017-063_Iba1_Temporal pole_Batch 6.vsi - 20x_BF_01\MG_whole\ann-7__x-27793_y-26950_w-156_h-187__ds-1.png,c:\Users\chris\Desktop\University\Thesis\AutomaticMicrogliaMorphologyAnalysis\AnnotationsData\Segmentations\masks\2017-063_Iba1_Temporal pole_Batch 6.vsi - 20x_BF_01\MG_whole\ann-7__x-27793_y-26950_w-156_h-187__ds-1.png,MG_whole,2017-063_Iba1_Temporal pole_Batch 6.vsi - 20x_BF_01,good
1022,c:\Users\chris\Desktop\University\Thesis\AutomaticMicrogliaMorphologyAnalysis\AnnotationsData\Segmentations\images\2017-063_Iba1_Temporal pole_Batch 6.vsi - 20x_BF_01\MG_whole\ann-83__x-21456_y-24411_w-110_h-168__ds-1.png,c:\Users\chris\Desktop\University\Thesis\AutomaticMicrogliaMorphologyAnalysis\AnnotationsData\Segmentations\masks\2017-063_Iba1_Temporal pole_Batch 6.vsi - 20x_BF_01\MG_whole\ann-83__x-21456_y-24411_w-110_h-168__ds-1.png,MG_whole,2017-063_Iba1_Temporal pole_Batch 6.vsi - 20x_BF_01,medium
1023,c:\Users\chris\Desktop\University\Thesis\AutomaticMicrogliaMorphologyAnalysis\AnnotationsData\Segmentations\images\2017-063_Iba1_Temporal pole_Batch 6.vsi - 20x_BF_01\MG_whole\ann-84__x-21642_y-24429_w-102_h-133__ds-1.png,c:\Users\chris\Desktop\University\Thesis\AutomaticMicrogliaMorphologyAnalysis\AnnotationsData\Segmentations\masks\2017-063_Iba1_Temporal pole_Batch 6.vsi - 20x_BF_01\MG_whole\ann-84__x-21642_y-24429_w-102_h-133__ds-1.png,MG_whole,2017-063_Iba1_Temporal pole_Batch 6.vsi - 20x_BF_01,good
1024,c:\Users\chris\Desktop\University\Thesis\AutomaticMicrogliaMorphologyAnalysis\AnnotationsData\Segmentations\images\2017-063_Iba1_Temporal pole_Batch 6.vsi - 20x_BF_01\MG_whole\ann-85__x-21472_y-24824_w-172_h-170__ds-1.png,c:\Users\chris\Desktop\University\Thesis\AutomaticMicrogliaMorphologyAnalysis\AnnotationsData\Segmentations\masks\2017-063_Iba1_Temporal pole_Batch 6.vsi - 20x_BF_01\MG_whole\ann-85__x-21472_y-24824_w-172_h-170__ds-1.png,MG_whole,2017-063_Iba1_Temporal pole_Batch 6.vsi - 20x_BF_01,good
1025,c:\Users\chris\Desktop\University\Thesis\AutomaticMicrogliaMorphologyAnalysis\AnnotationsData\Segmentations\images\2017-063_Iba1_Temporal pole_Batch 6.vsi - 20x_BF_01\MG_whole\ann-89__x-20943_y-25760_w-183_h-260__ds-1.png,c:\Users\chris\Desktop\University\Thesis\AutomaticMicrogliaMorphologyAnalysis\AnnotationsData\Segmentations\masks\2017-063_Iba1_Temporal pole_Batch 6.vsi - 20x_BF_01\MG_whole\ann-89__x-20943_y-25760_w-183_h-260__ds-1.png,MG_whole,2017-063_Iba1_Temporal pole_Batch 6.vsi - 20x_BF_01,good
1026,c:\Users\chris\Desktop\University\Thesis\AutomaticMicrogliaMorphologyAnalysis\AnnotationsData\Segmentations\images\2017-063_Iba1_Temporal pole_Batch 6.vsi - 20x_BF_01\MG_whole\ann-90__x-21038_y-25507_w-157_h-137__ds-1.png,c:\Users\chris\Desktop\University\Thesis\AutomaticMicrogliaMorphologyAnalysis\AnnotationsData\Segmentations\masks\2017-063_Iba1_Temporal pole_Batch 6.vsi - 20x_BF_01\MG_whole\ann-90__x-21038_y-25507_w-157_h-137__ds-1.png,MG_whole,2017-063_Iba1_Temporal pole_Batch 6.vsi - 20x_BF_01,good
1027,c:\Users\chris\Desktop\University\Thesis\AutomaticMicrogliaMorphologyAnalysis\AnnotationsData\Segmentations\images\2017-063_Iba1_Temporal pole_Batch 6.vsi - 20x_BF_01\MG_whole\ann-91__x-21215_y-25546_w-90_h-125__ds-1.png,c:\Users\chris\Desktop\University\Thesis\AutomaticMicrogliaMorphologyAnalysis\AnnotationsData\Segmentations\masks\2017-063_Iba1_Temporal pole_Batch 6.vsi - 20x_BF_01\MG_whole\ann-91__x-21215_y-25546_w-90_h-125__ds-1.png,MG_whole,2017-063_Iba1_Temporal pole_Batch 6.vsi - 20x_BF_01,good
1028,c:\Users\chris\Desktop\University\Thesis\AutomaticMicrogliaMorphologyAnalysis\AnnotationsData\Segmentations\images\2017-063_Iba1_Temporal pole_Batch 6.vsi - 20x_BF_01\MG_whole\ann-94__x-21103_y-25859_w-119_h-102__ds-1.png,c:\Users\chris\Desktop\University\Thesis\AutomaticMicrogliaMorphologyAnalysis\AnnotationsData\Segmentations\masks\2017-063_Iba1_Temporal pole_Batch 6.vsi - 20x_BF_01\MG_whole\ann-94__x-21103_y-25859_w-119_h-102__ds-1.png,MG_whole,2017-063_Iba1_Temporal pole_Batch 6.vsi - 20x_BF_01,good
1029,c:\Users\chris\Desktop\University\Thesis\AutomaticMicrogliaMorphologyAnalysis\AnnotationsData\Segmentations\images\2017-063_Iba1_Temporal pole_Batch 6.vsi - 20x_BF_01\MG_whole\ann-95__x-20962_y-26127_w-130_h-169__ds-1.png,c:\Users\chris\Desktop\University\Thesis\AutomaticMicrogliaMorphologyAnalysis\AnnotationsData\Segmentations\masks\2017-063_Iba1_Temporal pole_Batch 6.vsi - 20x_BF_01\MG_whole\ann-95__x-20962_y-26127_w-130_h-169__ds-1.png,MG_whole,2017-063_Iba1_Temporal pole_Batch 6.vsi - 20x_BF_01,medium
1030,c:\Users\chris\Desktop\University\Thesis\AutomaticMicrogliaMorphologyAnalysis\AnnotationsData\Segmentations\images\2017-063_Iba1_Temporal pole_Batch 6.vsi - 20x_BF_01\MG_whole\ann-9__x-27304_y-26365_w-148_h-184__ds-1.png,c:\Users\chris\Desktop\University\Thesis\AutomaticMicrogliaMorphologyAnalysis\AnnotationsData\Segmentations\masks\2017-063_Iba1_Temporal pole_Batch 6.vsi - 20x_BF_01\MG_whole\ann-9__x-27304_y-26365_w-148_h-184__ds-1.png,MG_whole,2017-063_Iba1_Temporal pole_Batch 6.vsi - 20x_BF_01,good
1267,c:\Users\chris\Desktop\University\Thesis\AutomaticMicrogliaMorphologyAnalysis\AnnotationsData\Segmentations\images\2018-104_Iba1_Tp_B8_C.vsi - 20x_BF_01\MG_whole\ann-101__x-48148_y-35334_w-205_h-106__ds-1.png,c:\Users\chris\Desktop\University\Thesis\AutomaticMicrogliaMorphologyAnalysis\AnnotationsData\Segmentations\masks\2018-104_Iba1_Tp_B8_C.vsi - 20x_BF_01\MG_whole\ann-101__x-48148_y-35334_w-205_h-106__ds-1.png,MG_whole,2018-104_Iba1_Tp_B8_C.vsi - 20x_BF_01,good
1268,c:\Users\chris\Desktop\University\Thesis\AutomaticMicrogliaMorphologyAnalysis\AnnotationsData\Segmentations\images\2018-104_Iba1_Tp_B8_C.vsi - 20x_BF_01\MG_whole\ann-103__x-48472_y-35757_w-82_h-119__ds-1.png,c:\Users\chris\Desktop\University\Thesis\AutomaticMicrogliaMorphologyAnalysis\AnnotationsData\Segmentations\masks\2018-104_Iba1_Tp_B8_C.vsi - 20x_BF_01\MG_whole\ann-103__x-48472_y-35757_w-82_h-119__ds-1.png,MG_whole,2018-104_Iba1_Tp_B8_C.vsi - 20x_BF_01,medium
1269,c:\Users\chris\Desktop\University\Thesis\AutomaticMicrogliaMorphologyAnalysis\AnnotationsData\Segmentations\images\2018-104_Iba1_Tp_B8_C.vsi - 20x_BF_01\MG_whole\ann-105__x-48311_y-36239_w-170_h-194__ds-1.png,c:\Users\chris\Desktop\University\Thesis\AutomaticMicrogliaMorphologyAnalysis\AnnotationsData\Segmentations\masks\2018-104_Iba1_Tp_B8_C.vsi - 20x_BF_01\MG_whole\ann-105__x-48311_y-36239_w-170_h-194__ds-1.png,MG_whole,2018-104_Iba1_Tp_B8_C.vsi - 20x_BF_01,good
1270,c:\Users\chris\Desktop\University\Thesis\AutomaticMicrogliaMorphologyAnalysis\AnnotationsData\Segmentations\images\2018-104_Iba1_Tp_B8_C.vsi - 20x_BF_01\MG_whole\ann-111__x-48483_y-36469_w-114_h-149__ds-1.png,c:\Users\chris\Desktop\University\Thesis\AutomaticMicrogliaMorphologyAnalysis\AnnotationsData\Segmentations\masks\2018-104_Iba1_Tp_B8_C.vsi - 20x_BF_01\MG_whole\ann-111__x-48483_y-36469_w-114_h-149__ds-1.png,MG_whole,2018-104_Iba1_Tp_B8_C.vsi - 20x_BF_01,good
1271,c:\Users\chris\Desktop\University\Thesis\AutomaticMicrogliaMorphologyAnalysis\AnnotationsData\Segmentations\images\2018-104_Iba1_Tp_B8_C.vsi - 20x_BF_01\MG_whole\ann-112__x-48805_y-36638_w-102_h-111__ds-1.png,c:\Users\chris\Desktop\University\Thesis\AutomaticMicrogliaMorphologyAnalysis\AnnotationsData\Segmentations\masks\2018-104_Iba1_Tp_B8_C.vsi - 20x_BF_01\MG_whole\ann-112__x-48805_y-36638_w-102_h-111__ds-1.png,MG_whole,2018-104_Iba1_Tp_B8_C.vsi - 20x_BF_01,medium
1272,c:\Users\chris\Desktop\University\Thesis\AutomaticMicrogliaMorphologyAnalysis\AnnotationsData\Segmentations\images\2018-104_Iba1_Tp_B8_C.vsi - 20x_BF_01\MG_whole\ann-113__x-48666_y-36376_w-113_h-93__ds-1.png,c:\Users\chris\Desktop\University\Thesis\AutomaticMicrogliaMorphologyAnalysis\AnnotationsData\Segmentations\masks\2018-104_Iba1_Tp_B8_C.vsi - 20x_BF_01\MG_whole\ann-113__x-48666_y-36376_w-113_h-93__ds-1.png,MG_whole,2018-104_Iba1_Tp_B8_C.vsi - 20x_BF_01,medium
1273,c:\Users\chris\Desktop\University\Thesis\AutomaticMicrogliaMorphologyAnalysis\AnnotationsData\Segmentations\images\2018-104_Iba1_Tp_B8_C.vsi - 20x_BF_01\MG_whole\ann-114__x-48723_y-36206_w-121_h-68__ds-1.png,c:\Users\chris\Desktop\University\Thesis\AutomaticMicrogliaMorphologyAnalysis\AnnotationsData\Segmentations\masks\2018-104_Iba1_Tp_B8_C.vsi - 20x_BF_01\MG_whole\ann-114__x-48723_y-36206_w-121_h-68__ds-1.png,MG_whole,2018-104_Iba1_Tp_B8_C.vsi - 20x_BF_01,medium
1274,c:\Users\chris\Desktop\University\Thesis\AutomaticMicrogliaMorphologyAnalysis\AnnotationsData\Segmentations\images\2018-104_Iba1_Tp_B8_C.vsi - 20x_BF_01\MG_whole\ann-115__x-48957_y-36292_w-76_h-118__ds-1.png,c:\Users\chris\Desktop\University\Thesis\AutomaticMicrogliaMorphologyAnalysis\AnnotationsData\Segmentations\masks\2018-104_Iba1_Tp_B8_C.vsi - 20x_BF_01\MG_whole\ann-115__x-48957_y-36292_w-76_h-118__ds-1.png,MG_whole,2018-104_Iba1_Tp_B8_C.vsi - 20x_BF_01,good
1275,c:\Users\chris\Desktop\University\Thesis\AutomaticMicrogliaMorphologyAnalysis\AnnotationsData\Segmentations\images\2018-104_Iba1_Tp_B8_C.vsi - 20x_BF_01\MG_whole\ann-11__x-38848_y-27018_w-104_h-173__ds-1.png,c:\Users\chris\Desktop\University\Thesis\AutomaticMicrogliaMorphologyAnalysis\AnnotationsData\Segmentations\masks\2018-104_Iba1_Tp_B8_C.vsi - 20x_BF_01\MG_whole\ann-11__x-38848_y-27018_w-104_h-173__ds-1.png,MG_whole,2018-104_Iba1_Tp_B8_C.vsi - 20x_BF_01,good
1276,c:\Users\chris\Desktop\University\Thesis\AutomaticMicrogliaMorphologyAnalysis\AnnotationsData\Segmentations\images\2018-104_Iba1_Tp_B8_C.vsi - 20x_BF_01\MG_whole\ann-121__x-50071_y-35677_w-138_h-147__ds-1.png,c:\Users\chris\Desktop\University\Thesis\AutomaticMicrogliaMorphologyAnalysis\AnnotationsData\Segmentations\masks\2018-104_Iba1_Tp_B8_C.vsi - 20x_BF_01\MG_whole\ann-121__x-50071_y-35677_w-138_h-147__ds-1.png,MG_whole,2018-104_Iba1_Tp_B8_C.vsi - 20x_BF_01,good
1277,c:\Users\chris\Desktop\University\Thesis\AutomaticMicrogliaMorphologyAnalysis\AnnotationsData\Segmentations\images\2018-104_Iba1_Tp_B8_C.vsi - 20x_BF_01\MG_whole\ann-122__x-50202_y-35809_w-99_h-127__ds-1.png,c:\Users\chris\Desktop\University\Thesis\AutomaticMicrogliaMorphologyAnalysis\AnnotationsData\Segmentations\masks\2018-104_Iba1_Tp_B8_C.vsi - 20x_BF_01\MG_whole\ann-122__x-50202_y-35809_w-99_h-127__ds-1.png,MG_whole,2018-104_Iba1_Tp_B8_C.vsi - 20x_BF_01,medium
1278,c:\Users\chris\Desktop\University\Thesis\AutomaticMicrogliaMorphologyAnalysis\AnnotationsData\Segmentations\images\2018-104_Iba1_Tp_B8_C.vsi - 20x_BF_01\MG_whole\ann-123__x-50037_y-35910_w-134_h-131__ds-1.png,c:\Users\chris\Desktop\University\Thesis\AutomaticMicrogliaMorphologyAnalysis\AnnotationsData\Segmentations\masks\2018-104_Iba1_Tp_B8_C.vsi - 20x_BF_01\MG_whole\ann-123__x-50037_y-35910_w-134_h-131__ds-1.png,MG_whole,2018-104_Iba1_Tp_B8_C.vsi - 20x_BF_01,good
1279,c:\Users\chris\Desktop\University\Thesis\AutomaticMicrogliaMorphologyAnalysis\AnnotationsData\Segmentations\images\2018-104_Iba1_Tp_B8_C.vsi - 20x_BF_01\MG_whole\ann-124__x-50220_y-35964_w-155_h-138__ds-1.png,c:\Users\chris\Desktop\University\Thesis\AutomaticMicrogliaMorphologyAnalysis\AnnotationsData\Segmentations\masks\2018-104_Iba1_Tp_B8_C.vsi - 20x_BF_01\MG_whole\ann-124__x-50220_y-35964_w-155_h-138__ds-1.png,MG_whole,2018-104_Iba1_Tp_B8_C.vsi - 20x_BF_01,good
1280,c:\Users\chris\Desktop\University\Thesis\AutomaticMicrogliaMorphologyAnalysis\AnnotationsData\Segmentations\images\2018-104_Iba1_Tp_B8_C.vsi - 20x_BF_01\MG_whole\ann-125__x-49945_y-36071_w-138_h-188__ds-1.png,c:\Users\chris\Desktop\University\Thesis\AutomaticMicrogliaMorphologyAnalysis\AnnotationsData\Segmentations\masks\2018-104_Iba1_Tp_B8_C.vsi - 20x_BF_01\MG_whole\ann-125__x-49945_y-36071_w-138_h-188__ds-1.png,MG_whole,2018-104_Iba1_Tp_B8_C.vsi - 20x_BF_01,good
1281,c:\Users\chris\Desktop\University\Thesis\AutomaticMicrogliaMorphologyAnalysis\AnnotationsData\Segmentations\images\2018-104_Iba1_Tp_B8_C.vsi - 20x_BF_01\MG_whole\ann-127__x-49392_y-35584_w-132_h-180__ds-1.png,c:\Users\chris\Desktop\University\Thesis\AutomaticMicrogliaMorphologyAnalysis\AnnotationsData\Segmentations\masks\2018-104_Iba1_Tp_B8_C.vsi - 20x_BF_01\MG_whole\ann-127__x-49392_y-35584_w-132_h-180__ds-1.png,MG_whole,2018-104_Iba1_Tp_B8_C.vsi - 20x_BF_01,good
1282,c:\Users\chris\Desktop\University\Thesis\AutomaticMicrogliaMorphologyAnalysis\AnnotationsData\Segmentations\images\2018-104_Iba1_Tp_B8_C.vsi - 20x_BF_01\MG_whole\ann-133__x-50821_y-33507_w-160_h-98__ds-1.png,c:\Users\chris\Desktop\University\Thesis\AutomaticMicrogliaMorphologyAnalysis\AnnotationsData\Segmentations\masks\2018-104_Iba1_Tp_B8_C.vsi - 20x_BF_01\MG_whole\ann-133__x-50821_y-33507_w-160_h-98__ds-1.png,MG_whole,2018-104_Iba1_Tp_B8_C.vsi - 20x_BF_01,good
1283,c:\Users\chris\Desktop\University\Thesis\AutomaticMicrogliaMorphologyAnalysis\AnnotationsData\Segmentations\images\2018-104_Iba1_Tp_B8_C.vsi - 20x_BF_01\MG_whole\ann-134__x-50327_y-33592_w-166_h-134__ds-1.png,c:\Users\chris\Desktop\University\Thesis\AutomaticMicrogliaMorphologyAnalysis\AnnotationsData\Segmentations\masks\2018-104_Iba1_Tp_B8_C.vsi - 20x_BF_01\MG_whole\ann-134__x-50327_y-33592_w-166_h-134__ds-1.png,MG_whole,2018-104_Iba1_Tp_B8_C.vsi - 20x_BF_01,good
1284,c:\Users\chris\Desktop\University\Thesis\AutomaticMicrogliaMorphologyAnalysis\AnnotationsData\Segmentations\images\2018-104_Iba1_Tp_B8_C.vsi - 20x_BF_01\MG_whole\ann-135__x-50188_y-34128_w-174_h-169__ds-1.png,c:\Users\chris\Desktop\University\Thesis\AutomaticMicrogliaMorphologyAnalysis\AnnotationsData\Segmentations\masks\2018-104_Iba1_Tp_B8_C.vsi - 20x_BF_01\MG_whole\ann-135__x-50188_y-34128_w-174_h-169__ds-1.png,MG_whole,2018-104_Iba1_Tp_B8_C.vsi - 20x_BF_01,good
1285,c:\Users\chris\Desktop\University\Thesis\AutomaticMicrogliaMorphologyAnalysis\AnnotationsData\Segmentations\images\2018-104_Iba1_Tp_B8_C.vsi - 20x_BF_01\MG_whole\ann-136__x-50365_y-33951_w-142_h-171__ds-1.png,c:\Users\chris\Desktop\University\Thesis\AutomaticMicrogliaMorphologyAnalysis\AnnotationsData\Segmentations\masks\2018-104_Iba1_Tp_B8_C.vsi - 20x_BF_01\MG_whole\ann-136__x-50365_y-33951_w-142_h-171__ds-1.png,MG_whole,2018-104_Iba1_Tp_B8_C.vsi - 20x_BF_01,medium
1286,c:\Users\chris\Desktop\University\Thesis\AutomaticMicrogliaMorphologyAnalysis\AnnotationsData\Segmentations\images\2018-104_Iba1_Tp_B8_C.vsi - 20x_BF_01\MG_whole\ann-138__x-50628_y-33870_w-149_h-76__ds-1.png,c:\Users\chris\Desktop\University\Thesis\AutomaticMicrogliaMorphologyAnalysis\AnnotationsData\Segmentations\masks\2018-104_Iba1_Tp_B8_C.vsi - 20x_BF_01\MG_whole\ann-138__x-50628_y-33870_w-149_h-76__ds-1.png,MG_whole,2018-104_Iba1_Tp_B8_C.vsi - 20x_BF_01,medium
1287,c:\Users\chris\Desktop\University\Thesis\AutomaticMicrogliaMorphologyAnalysis\AnnotationsData\Segmentations\images\2018-104_Iba1_Tp_B8_C.vsi - 20x_BF_01\MG_whole\ann-139__x-49883_y-33916_w-196_h-146__ds-1.png,c:\Users\chris\Desktop\University\Thesis\AutomaticMicrogliaMorphologyAnalysis\AnnotationsData\Segmentations\masks\2018-104_Iba1_Tp_B8_C.vsi - 20x_BF_01\MG_whole\ann-139__x-49883_y-33916_w-196_h-146__ds-1.png,MG_whole,2018-104_Iba1_Tp_B8_C.vsi - 20x_BF_01,good
1288,c:\Users\chris\Desktop\University\Thesis\AutomaticMicrogliaMorphologyAnalysis\AnnotationsData\Segmentations\images\2018-104_Iba1_Tp_B8_C.vsi - 20x_BF_01\MG_whole\ann-13__x-39812_y-27793_w-134_h-142__ds-1.png,c:\Users\chris\Desktop\University\Thesis\AutomaticMicrogliaMorphologyAnalysis\AnnotationsData\Segmentations\masks\2018-104_Iba1_Tp_B8_C.vsi - 20x_BF_01\MG_whole\ann-13__x-39812_y-27793_w-134_h-142__ds-1.png,MG_whole,2018-104_Iba1_Tp_B8_C.vsi - 20x_BF_01,medium
1289,c:\Users\chris\Desktop\University\Thesis\AutomaticMicrogliaMorphologyAnalysis\AnnotationsData\Segmentations\images\2018-104_Iba1_Tp_B8_C.vsi - 20x_BF_01\MG_whole\ann-143__x-39558_y-31832_w-113_h-65__ds-1.png,c:\Users\chris\Desktop\University\Thesis\AutomaticMicrogliaMorphologyAnalysis\AnnotationsData\Segmentations\masks\2018-104_Iba1_Tp_B8_C.vsi - 20x_BF_01\MG_whole\ann-143__x-39558_y-31832_w-113_h-65__ds-1.png,MG_whole,2018-104_Iba1_Tp_B8_C.vsi - 20x_BF_01,bad_image_quality
1290,c:\Users\chris\Desktop\University\Thesis\AutomaticMicrogliaMorphologyAnalysis\AnnotationsData\Segmentations\images\2018-104_Iba1_Tp_B8_C.vsi - 20x_BF_01\MG_whole\ann-144__x-39452_y-31842_w-79_h-104__ds-1.png,c:\Users\chris\Desktop\University\Thesis\AutomaticMicrogliaMorphologyAnalysis\AnnotationsData\Segmentations\masks\2018-104_Iba1_Tp_B8_C.vsi - 20x_BF_01\MG_whole\ann-144__x-39452_y-31842_w-79_h-104__ds-1.png,MG_whole,2018-104_Iba1_Tp_B8_C.vsi - 20x_BF_01,good
1291,c:\Users\chris\Desktop\University\Thesis\AutomaticMicrogliaMorphologyAnalysis\AnnotationsData\Segmentations\images\2018-104_Iba1_Tp_B8_C.vsi - 20x_BF_01\MG_whole\ann-145__x-39352_y-32025_w-86_h-155__ds-1.png,c:\Users\chris\Desktop\University\Thesis\AutomaticMicrogliaMorphologyAnalysis\AnnotationsData\Segmentations\masks\2018-104_Iba1_Tp_B8_C.vsi - 20x_BF_01\MG_whole\ann-145__x-39352_y-32025_w-86_h-155__ds-1.png,MG_whole,2018-104_Iba1_Tp_B8_C.vsi - 20x_BF_01,medium
1292,c:\Users\chris\Desktop\University\Thesis\AutomaticMicrogliaMorphologyAnalysis\AnnotationsData\Segmentations\images\2018-104_Iba1_Tp_B8_C.vsi - 20x_BF_01\MG_whole\ann-149__x-42268_y-32936_w-102_h-164__ds-1.png,c:\Users\chris\Desktop\University\Thesis\AutomaticMicrogliaMorphologyAnalysis\AnnotationsData\Segmentations\masks\2018-104_Iba1_Tp_B8_C.vsi - 20x_BF_01\MG_whole\ann-149__x-42268_y-32936_w-102_h-164__ds-1.png,MG_whole,2018-104_Iba1_Tp_B8_C.vsi - 20x_BF_01,good
1293,c:\Users\chris\Desktop\University\Thesis\AutomaticMicrogliaMorphologyAnalysis\AnnotationsData\Segmentations\images\2018-104_Iba1_Tp_B8_C.vsi - 20x_BF_01\MG_whole\ann-150__x-42261_y-32816_w-105_h-115__ds-1.png,c:\Users\chris\Desktop\University\Thesis\AutomaticMicrogliaMorphologyAnalysis\AnnotationsData\Segmentations\masks\2018-104_Iba1_Tp_B8_C.vsi - 20x_BF_01\MG_whole\ann-150__x-42261_y-32816_w-105_h-115__ds-1.png,MG_whole,2018-104_Iba1_Tp_B8_C.vsi - 20x_BF_01,medium
1294,c:\Users\chris\Desktop\University\Thesis\AutomaticMicrogliaMorphologyAnalysis\AnnotationsData\Segmentations\images\2018-104_Iba1_Tp_B8_C.vsi - 20x_BF_01\MG_whole\ann-151__x-42048_y-32662_w-79_h-114__ds-1.png,c:\Users\chris\Desktop\University\Thesis\AutomaticMicrogliaMorphologyAnalysis\AnnotationsData\Segmentations\masks\2018-104_Iba1_Tp_B8_C.vsi - 20x_BF_01\MG_whole\ann-151__x-42048_y-32662_w-79_h-114__ds-1.png,MG_whole,2018-104_Iba1_Tp_B8_C.vsi - 20x_BF_01,good
1295,c:\Users\chris\Desktop\University\Thesis\AutomaticMicrogliaMorphologyAnalysis\AnnotationsData\Segmentations\images\2018-104_Iba1_Tp_B8_C.vsi - 20x_BF_01\MG_whole\ann-154__x-43653_y-33020_w-78_h-110__ds-1.png,c:\Users\chris\Desktop\University\Thesis\AutomaticMicrogliaMorphologyAnalysis\AnnotationsData\Segmentations\masks\2018-104_Iba1_Tp_B8_C.vsi - 20x_BF_01\MG_whole\ann-154__x-43653_y-33020_w-78_h-110__ds-1.png,MG_whole,2018-104_Iba1_Tp_B8_C.vsi - 20x_BF_01,good
1296,c:\Users\chris\Desktop\University\Thesis\AutomaticMicrogliaMorphologyAnalysis\AnnotationsData\Segmentations\images\2018-104_Iba1_Tp_B8_C.vsi - 20x_BF_01\MG_whole\ann-155__x-43558_y-33163_w-74_h-168__ds-1.png,c:\Users\chris\Desktop\University\Thesis\AutomaticMicrogliaMorphologyAnalysis\AnnotationsData\Segmentations\masks\2018-104_Iba1_Tp_B8_C.vsi - 20x_BF_01\MG_whole\ann-155__x-43558_y-33163_w-74_h-168__ds-1.png,MG_whole,2018-104_Iba1_Tp_B8_C.vsi - 20x_BF_01,medium
1297,c:\Users\chris\Desktop\University\Thesis\AutomaticMicrogliaMorphologyAnalysis\AnnotationsData\Segmentations\images\2018-104_Iba1_Tp_B8_C.vsi - 20x_BF_01\MG_whole\ann-15__x-39504_y-27866_w-153_h-119__ds-1.png,c:\Users\chris\Desktop\University\Thesis\AutomaticMicrogliaMorphologyAnalysis\AnnotationsData\Segmentations\masks\2018-104_Iba1_Tp_B8_C.vsi - 20x_BF_01\MG_whole\ann-15__x-39504_y-27866_w-153_h-119__ds-1.png,MG_whole,2018-104_Iba1_Tp_B8_C.vsi - 20x_BF_01,good
1298,c:\Users\chris\Desktop\University\Thesis\AutomaticMicrogliaMorphologyAnalysis\AnnotationsData\Segmentations\images\2018-104_Iba1_Tp_B8_C.vsi - 20x_BF_01\MG_whole\ann-160__x-51857_y-37038_w-137_h-123__ds-1.png,c:\Users\chris\Desktop\University\Thesis\AutomaticMicrogliaMorphologyAnalysis\AnnotationsData\Segmentations\masks\2018-104_Iba1_Tp_B8_C.vsi - 20x_BF_01\MG_whole\ann-160__x-51857_y-37038_w-137_h-123__ds-1.png,MG_whole,2018-104_Iba1_Tp_B8_C.vsi - 20x_BF_01,medium
1299,c:\Users\chris\Desktop\University\Thesis\AutomaticMicrogliaMorphologyAnalysis\AnnotationsData\Segmentations\images\2018-104_Iba1_Tp_B8_C.vsi - 20x_BF_01\MG_whole\ann-161__x-52226_y-37214_w-157_h-158__ds-1.png,c:\Users\chris\Desktop\University\Thesis\AutomaticMicrogliaMorphologyAnalysis\AnnotationsData\Segmentations\masks\2018-104_Iba1_Tp_B8_C.vsi - 20x_BF_01\MG_whole\ann-161__x-52226_y-37214_w-157_h-158__ds-1.png,MG_whole,2018-104_Iba1_Tp_B8_C.vsi - 20x_BF_01,good
1300,c:\Users\chris\Desktop\University\Thesis\AutomaticMicrogliaMorphologyAnalysis\AnnotationsData\Segmentations\images\2018-104_Iba1_Tp_B8_C.vsi - 20x_BF_01\MG_whole\ann-162__x-52389_y-37038_w-83_h-110__ds-1.png,c:\Users\chris\Desktop\University\Thesis\AutomaticMicrogliaMorphologyAnalysis\AnnotationsData\Segmentations\masks\2018-104_Iba1_Tp_B8_C.vsi - 20x_BF_01\MG_whole\ann-162__x-52389_y-37038_w-83_h-110__ds-1.png,MG_whole,2018-104_Iba1_Tp_B8_C.vsi - 20x_BF_01,good
1301,c:\Users\chris\Desktop\University\Thesis\AutomaticMicrogliaMorphologyAnalysis\AnnotationsData\Segmentations\images\2018-104_Iba1_Tp_B8_C.vsi - 20x_BF_01\MG_whole\ann-163__x-52165_y-36940_w-150_h-138__ds-1.png,c:\Users\chris\Desktop\University\Thesis\AutomaticMicrogliaMorphologyAnalysis\AnnotationsData\Segmentations\masks\2018-104_Iba1_Tp_B8_C.vsi - 20x_BF_01\MG_whole\ann-163__x-52165_y-36940_w-150_h-138__ds-1.png,MG_whole,2018-104_Iba1_Tp_B8_C.vsi - 20x_BF_01,good
1302,c:\Users\chris\Desktop\University\Thesis\AutomaticMicrogliaMorphologyAnalysis\AnnotationsData\Segmentations\images\2018-104_Iba1_Tp_B8_C.vsi - 20x_BF_01\MG_whole\ann-165__x-50607_y-37947_w-121_h-174__ds-1.png,c:\Users\chris\Desktop\University\Thesis\AutomaticMicrogliaMorphologyAnalysis\AnnotationsData\Segmentations\masks\2018-104_Iba1_Tp_B8_C.vsi - 20x_BF_01\MG_whole\ann-165__x-50607_y-37947_w-121_h-174__ds-1.png,MG_whole,2018-104_Iba1_Tp_B8_C.vsi - 20x_BF_01,medium
1303,c:\Users\chris\Desktop\University\Thesis\AutomaticMicrogliaMorphologyAnalysis\AnnotationsData\Segmentations\images\2018-104_Iba1_Tp_B8_C.vsi - 20x_BF_01\MG_whole\ann-167__x-51086_y-37700_w-87_h-178__ds-1.png,c:\Users\chris\Desktop\University\Thesis\AutomaticMicrogliaMorphologyAnalysis\AnnotationsData\Segmentations\masks\2018-104_Iba1_Tp_B8_C.vsi - 20x_BF_01\MG_whole\ann-167__x-51086_y-37700_w-87_h-178__ds-1.png,MG_whole,2018-104_Iba1_Tp_B8_C.vsi - 20x_BF_01,good
1304,c:\Users\chris\Desktop\University\Thesis\AutomaticMicrogliaMorphologyAnalysis\AnnotationsData\Segmentations\images\2018-104_Iba1_Tp_B8_C.vsi - 20x_BF_01\MG_whole\ann-169__x-50840_y-36826_w-134_h-249__ds-1.png,c:\Users\chris\Desktop\University\Thesis\AutomaticMicrogliaMorphologyAnalysis\AnnotationsData\Segmentations\masks\2018-104_Iba1_Tp_B8_C.vsi - 20x_BF_01\MG_whole\ann-169__x-50840_y-36826_w-134_h-249__ds-1.png,MG_whole,2018-104_Iba1_Tp_B8_C.vsi - 20x_BF_01,good
1305,c:\Users\chris\Desktop\University\Thesis\AutomaticMicrogliaMorphologyAnalysis\AnnotationsData\Segmentations\images\2018-104_Iba1_Tp_B8_C.vsi - 20x_BF_01\MG_whole\ann-171__x-52289_y-38170_w-98_h-121__ds-1.png,c:\Users\chris\Desktop\University\Thesis\AutomaticMicrogliaMorphologyAnalysis\AnnotationsData\Segmentations\masks\2018-104_Iba1_Tp_B8_C.vsi - 20x_BF_01\MG_whole\ann-171__x-52289_y-38170_w-98_h-121__ds-1.png,MG_whole,2018-104_Iba1_Tp_B8_C.vsi - 20x_BF_01,medium
1306,c:\Users\chris\Desktop\University\Thesis\AutomaticMicrogliaMorphologyAnalysis\AnnotationsData\Segmentations\images\2018-104_Iba1_Tp_B8_C.vsi - 20x_BF_01\MG_whole\ann-174__x-51881_y-38521_w-175_h-131__ds-1.png,c:\Users\chris\Desktop\University\Thesis\AutomaticMicrogliaMorphologyAnalysis\AnnotationsData\Segmentations\masks\2018-104_Iba1_Tp_B8_C.vsi - 20x_BF_01\MG_whole\ann-174__x-51881_y-38521_w-175_h-131__ds-1.png,MG_whole,2018-104_Iba1_Tp_B8_C.vsi - 20x_BF_01,good
1307,c:\Users\chris\Desktop\University\Thesis\AutomaticMicrogliaMorphologyAnalysis\AnnotationsData\Segmentations\images\2018-104_Iba1_Tp_B8_C.vsi - 20x_BF_01\MG_whole\ann-175__x-52101_y-38593_w-160_h-138__ds-1.png,c:\Users\chris\Desktop\University\Thesis\AutomaticMicrogliaMorphologyAnalysis\AnnotationsData\Segmentations\masks\2018-104_Iba1_Tp_B8_C.vsi - 20x_BF_01\MG_whole\ann-175__x-52101_y-38593_w-160_h-138__ds-1.png,MG_whole,2018-104_Iba1_Tp_B8_C.vsi - 20x_BF_01,medium
1308,c:\Users\chris\Desktop\University\Thesis\AutomaticMicrogliaMorphologyAnalysis\AnnotationsData\Segmentations\images\2018-104_Iba1_Tp_B8_C.vsi - 20x_BF_01\MG_whole\ann-179__x-51199_y-39406_w-167_h-119__ds-1.png,c:\Users\chris\Desktop\University\Thesis\AutomaticMicrogliaMorphologyAnalysis\AnnotationsData\Segmentations\masks\2018-104_Iba1_Tp_B8_C.vsi - 20x_BF_01\MG_whole\ann-179__x-51199_y-39406_w-167_h-119__ds-1.png,MG_whole,2018-104_Iba1_Tp_B8_C.vsi - 20x_BF_01,good
1309,c:\Users\chris\Desktop\University\Thesis\AutomaticMicrogliaMorphologyAnalysis\AnnotationsData\Segmentations\images\2018-104_Iba1_Tp_B8_C.vsi - 20x_BF_01\MG_whole\ann-17__x-38403_y-28374_w-113_h-145__ds-1.png,c:\Users\chris\Desktop\University\Thesis\AutomaticMicrogliaMorphologyAnalysis\AnnotationsData\Segmentations\masks\2018-104_Iba1_Tp_B8_C.vsi - 20x_BF_01\MG_whole\ann-17__x-38403_y-28374_w-113_h-145__ds-1.png,MG_whole,2018-104_Iba1_Tp_B8_C.vsi - 20x_BF_01,good
1310,c:\Users\chris\Desktop\University\Thesis\AutomaticMicrogliaMorphologyAnalysis\AnnotationsData\Segmentations\images\2018-104_Iba1_Tp_B8_C.vsi - 20x_BF_01\MG_whole\ann-180__x-51528_y-39323_w-109_h-118__ds-1.png,c:\Users\chris\Desktop\University\Thesis\AutomaticMicrogliaMorphologyAnalysis\AnnotationsData\Segmentations\masks\2018-104_Iba1_Tp_B8_C.vsi - 20x_BF_01\MG_whole\ann-180__x-51528_y-39323_w-109_h-118__ds-1.png,MG_whole,2018-104_Iba1_Tp_B8_C.vsi - 20x_BF_01,good
1311,c:\Users\chris\Desktop\University\Thesis\AutomaticMicrogliaMorphologyAnalysis\AnnotationsData\Segmentations\images\2018-104_Iba1_Tp_B8_C.vsi - 20x_BF_01\MG_whole\ann-181__x-51403_y-39235_w-181_h-111__ds-1.png,c:\Users\chris\Desktop\University\Thesis\AutomaticMicrogliaMorphologyAnalysis\AnnotationsData\Segmentations\masks\2018-104_Iba1_Tp_B8_C.vsi - 20x_BF_01\MG_whole\ann-181__x-51403_y-39235_w-181_h-111__ds-1.png,MG_whole,2018-104_Iba1_Tp_B8_C.vsi - 20x_BF_01,medium
1312,c:\Users\chris\Desktop\University\Thesis\AutomaticMicrogliaMorphologyAnalysis\AnnotationsData\Segmentations\images\2018-104_Iba1_Tp_B8_C.vsi - 20x_BF_01\MG_whole\ann-184__x-51489_y-38791_w-107_h-130__ds-1.png,c:\Users\chris\Desktop\University\Thesis\AutomaticMicrogliaMorphologyAnalysis\AnnotationsData\Segmentations\masks\2018-104_Iba1_Tp_B8_C.vsi - 20x_BF_01\MG_whole\ann-184__x-51489_y-38791_w-107_h-130__ds-1.png,MG_whole,2018-104_Iba1_Tp_B8_C.vsi - 20x_BF_01,good
1313,c:\Users\chris\Desktop\University\Thesis\AutomaticMicrogliaMorphologyAnalysis\AnnotationsData\Segmentations\images\2018-104_Iba1_Tp_B8_C.vsi - 20x_BF_01\MG_whole\ann-185__x-51532_y-39051_w-159_h-86__ds-1.png,c:\Users\chris\Desktop\University\Thesis\AutomaticMicrogliaMorphologyAnalysis\AnnotationsData\Segmentations\masks\2018-104_Iba1_Tp_B8_C.vsi - 20x_BF_01\MG_whole\ann-185__x-51532_y-39051_w-159_h-86__ds-1.png,MG_whole,2018-104_Iba1_Tp_B8_C.vsi - 20x_BF_01,good
1314,c:\Users\chris\Desktop\University\Thesis\AutomaticMicrogliaMorphologyAnalysis\AnnotationsData\Segmentations\images\2018-104_Iba1_Tp_B8_C.vsi - 20x_BF_01\MG_whole\ann-187__x-50637_y-38302_w-182_h-103__ds-1.png,c:\Users\chris\Desktop\University\Thesis\AutomaticMicrogliaMorphologyAnalysis\AnnotationsData\Segmentations\masks\2018-104_Iba1_Tp_B8_C.vsi - 20x_BF_01\MG_whole\ann-187__x-50637_y-38302_w-182_h-103__ds-1.png,MG_whole,2018-104_Iba1_Tp_B8_C.vsi - 20x_BF_01,medium
1315,c:\Users\chris\Desktop\University\Thesis\AutomaticMicrogliaMorphologyAnalysis\AnnotationsData\Segmentations\images\2018-104_Iba1_Tp_B8_C.vsi - 20x_BF_01\MG_whole\ann-189__x-48334_y-37463_w-172_h-180__ds-1.png,c:\Users\chris\Desktop\University\Thesis\AutomaticMicrogliaMorphologyAnalysis\AnnotationsData\Segmentations\masks\2018-104_Iba1_Tp_B8_C.vsi - 20x_BF_01\MG_whole\ann-189__x-48334_y-37463_w-172_h-180__ds-1.png,MG_whole,2018-104_Iba1_Tp_B8_C.vsi - 20x_BF_01,good
1316,c:\Users\chris\Desktop\University\Thesis\AutomaticMicrogliaMorphologyAnalysis\AnnotationsData\Segmentations\images\2018-104_Iba1_Tp_B8_C.vsi - 20x_BF_01\MG_whole\ann-191__x-47881_y-37711_w-149_h-132__ds-1.png,c:\Users\chris\Desktop\University\Thesis\AutomaticMicrogliaMorphologyAnalysis\AnnotationsData\Segmentations\masks\2018-104_Iba1_Tp_B8_C.vsi - 20x_BF_01\MG_whole\ann-191__x-47881_y-37711_w-149_h-132__ds-1.png,MG_whole,2018-104_Iba1_Tp_B8_C.vsi - 20x_BF_01,medium
1317,c:\Users\chris\Desktop\University\Thesis\AutomaticMicrogliaMorphologyAnalysis\AnnotationsData\Segmentations\images\2018-104_Iba1_Tp_B8_C.vsi - 20x_BF_01\MG_whole\ann-193__x-46857_y-36698_w-122_h-114__ds-1.png,c:\Users\chris\Desktop\University\Thesis\AutomaticMicrogliaMorphologyAnalysis\AnnotationsData\Segmentations\masks\2018-104_Iba1_Tp_B8_C.vsi - 20x_BF_01\MG_whole\ann-193__x-46857_y-36698_w-122_h-114__ds-1.png,MG_whole,2018-104_Iba1_Tp_B8_C.vsi - 20x_BF_01,medium
1318,c:\Users\chris\Desktop\University\Thesis\AutomaticMicrogliaMorphologyAnalysis\AnnotationsData\Segmentations\images\2018-104_Iba1_Tp_B8_C.vsi - 20x_BF_01\MG_whole\ann-196__x-47779_y-36568_w-233_h-173__ds-1.png,c:\Users\chris\Desktop\University\Thesis\AutomaticMicrogliaMorphologyAnalysis\AnnotationsData\Segmentations\masks\2018-104_Iba1_Tp_B8_C.vsi - 20x_BF_01\MG_whole\ann-196__x-47779_y-36568_w-233_h-173__ds-1.png,MG_whole,2018-104_Iba1_Tp_B8_C.vsi - 20x_BF_01,good
1319,c:\Users\chris\Desktop\University\Thesis\AutomaticMicrogliaMorphologyAnalysis\AnnotationsData\Segmentations\images\2018-104_Iba1_Tp_B8_C.vsi - 20x_BF_01\MG_whole\ann-197__x-47875_y-36447_w-111_h-110__ds-1.png,c:\Users\chris\Desktop\University\Thesis\AutomaticMicrogliaMorphologyAnalysis\AnnotationsData\Segmentations\masks\2018-104_Iba1_Tp_B8_C.vsi - 20x_BF_01\MG_whole\ann-197__x-47875_y-36447_w-111_h-110__ds-1.png,MG_whole,2018-104_Iba1_Tp_B8_C.vsi - 20x_BF_01,medium
1320,c:\Users\chris\Desktop\University\Thesis\AutomaticMicrogliaMorphologyAnalysis\AnnotationsData\Segmentations\images\2018-104_Iba1_Tp_B8_C.vsi - 20x_BF_01\MG_whole\ann-199__x-46626_y-36277_w-64_h-134__ds-1.png,c:\Users\chris\Desktop\University\Thesis\AutomaticMicrogliaMorphologyAnalysis\AnnotationsData\Segmentations\masks\2018-104_Iba1_Tp_B8_C.vsi - 20x_BF_01\MG_whole\ann-199__x-46626_y-36277_w-64_h-134__ds-1.png,MG_whole,2018-104_Iba1_Tp_B8_C.vsi - 20x_BF_01,good
1321,c:\Users\chris\Desktop\University\Thesis\AutomaticMicrogliaMorphologyAnalysis\AnnotationsData\Segmentations\images\2018-104_Iba1_Tp_B8_C.vsi - 20x_BF_01\MG_whole\ann-19__x-39640_y-29731_w-136_h-159__ds-1.png,c:\Users\chris\Desktop\University\Thesis\AutomaticMicrogliaMorphologyAnalysis\AnnotationsData\Segmentations\masks\2018-104_Iba1_Tp_B8_C.vsi - 20x_BF_01\MG_whole\ann-19__x-39640_y-29731_w-136_h-159__ds-1.png,MG_whole,2018-104_Iba1_Tp_B8_C.vsi - 20x_BF_01,medium
1322,c:\Users\chris\Desktop\University\Thesis\AutomaticMicrogliaMorphologyAnalysis\AnnotationsData\Segmentations\images\2018-104_Iba1_Tp_B8_C.vsi - 20x_BF_01\MG_whole\ann-201__x-43925_y-37384_w-127_h-115__ds-1.png,c:\Users\chris\Desktop\University\Thesis\AutomaticMicrogliaMorphologyAnalysis\AnnotationsData\Segmentations\masks\2018-104_Iba1_Tp_B8_C.vsi - 20x_BF_01\MG_whole\ann-201__x-43925_y-37384_w-127_h-115__ds-1.png,MG_whole,2018-104_Iba1_Tp_B8_C.vsi - 20x_BF_01,medium
1323,c:\Users\chris\Desktop\University\Thesis\AutomaticMicrogliaMorphologyAnalysis\AnnotationsData\Segmentations\images\2018-104_Iba1_Tp_B8_C.vsi - 20x_BF_01\MG_whole\ann-205__x-43367_y-26927_w-168_h-151__ds-1.png,c:\Users\chris\Desktop\University\Thesis\AutomaticMicrogliaMorphologyAnalysis\AnnotationsData\Segmentations\masks\2018-104_Iba1_Tp_B8_C.vsi - 20x_BF_01\MG_whole\ann-205__x-43367_y-26927_w-168_h-151__ds-1.png,MG_whole,2018-104_Iba1_Tp_B8_C.vsi - 20x_BF_01,good
1324,c:\Users\chris\Desktop\University\Thesis\AutomaticMicrogliaMorphologyAnalysis\AnnotationsData\Segmentations\images\2018-104_Iba1_Tp_B8_C.vsi - 20x_BF_01\MG_whole\ann-206__x-43671_y-27340_w-194_h-181__ds-1.png,c:\Users\chris\Desktop\University\Thesis\AutomaticMicrogliaMorphologyAnalysis\AnnotationsData\Segmentations\masks\2018-104_Iba1_Tp_B8_C.vsi - 20x_BF_01\MG_whole\ann-206__x-43671_y-27340_w-194_h-181__ds-1.png,MG_whole,2018-104_Iba1_Tp_B8_C.vsi - 20x_BF_01,good
1325,c:\Users\chris\Desktop\University\Thesis\AutomaticMicrogliaMorphologyAnalysis\AnnotationsData\Segmentations\images\2018-104_Iba1_Tp_B8_C.vsi - 20x_BF_01\MG_whole\ann-207__x-43830_y-27156_w-153_h-132__ds-1.png,c:\Users\chris\Desktop\University\Thesis\AutomaticMicrogliaMorphologyAnalysis\AnnotationsData\Segmentations\masks\2018-104_Iba1_Tp_B8_C.vsi - 20x_BF_01\MG_whole\ann-207__x-43830_y-27156_w-153_h-132__ds-1.png,MG_whole,2018-104_Iba1_Tp_B8_C.vsi - 20x_BF_01,good
1326,c:\Users\chris\Desktop\University\Thesis\AutomaticMicrogliaMorphologyAnalysis\AnnotationsData\Segmentations\images\2018-104_Iba1_Tp_B8_C.vsi - 20x_BF_01\MG_whole\ann-212__x-45309_y-27333_w-120_h-129__ds-1.png,c:\Users\chris\Desktop\University\Thesis\AutomaticMicrogliaMorphologyAnalysis\AnnotationsData\Segmentations\masks\2018-104_Iba1_Tp_B8_C.vsi - 20x_BF_01\MG_whole\ann-212__x-45309_y-27333_w-120_h-129__ds-1.png,MG_whole,2018-104_Iba1_Tp_B8_C.vsi - 20x_BF_01,good
1327,c:\Users\chris\Desktop\University\Thesis\AutomaticMicrogliaMorphologyAnalysis\AnnotationsData\Segmentations\images\2018-104_Iba1_Tp_B8_C.vsi - 20x_BF_01\MG_whole\ann-213__x-45106_y-27429_w-108_h-85__ds-1.png,c:\Users\chris\Desktop\University\Thesis\AutomaticMicrogliaMorphologyAnalysis\AnnotationsData\Segmentations\masks\2018-104_Iba1_Tp_B8_C.vsi - 20x_BF_01\MG_whole\ann-213__x-45106_y-27429_w-108_h-85__ds-1.png,MG_whole,2018-104_Iba1_Tp_B8_C.vsi - 20x_BF_01,good
1328,c:\Users\chris\Desktop\University\Thesis\AutomaticMicrogliaMorphologyAnalysis\AnnotationsData\Segmentations\images\2018-104_Iba1_Tp_B8_C.vsi - 20x_BF_01\MG_whole\ann-214__x-45223_y-27525_w-121_h-187__ds-1.png,c:\Users\chris\Desktop\University\Thesis\AutomaticMicrogliaMorphologyAnalysis\AnnotationsData\Segmentations\masks\2018-104_Iba1_Tp_B8_C.vsi - 20x_BF_01\MG_whole\ann-214__x-45223_y-27525_w-121_h-187__ds-1.png,MG_whole,2018-104_Iba1_Tp_B8_C.vsi - 20x_BF_01,good
1329,c:\Users\chris\Desktop\University\Thesis\AutomaticMicrogliaMorphologyAnalysis\AnnotationsData\Segmentations\images\2018-104_Iba1_Tp_B8_C.vsi - 20x_BF_01\MG_whole\ann-215__x-45246_y-27193_w-108_h-85__ds-1.png,c:\Users\chris\Desktop\University\Thesis\AutomaticMicrogliaMorphologyAnalysis\AnnotationsData\Segmentations\masks\2018-104_Iba1_Tp_B8_C.vsi - 20x_BF_01\MG_whole\ann-215__x-45246_y-27193_w-108_h-85__ds-1.png,MG_whole,2018-104_Iba1_Tp_B8_C.vsi - 20x_BF_01,good
1330,c:\Users\chris\Desktop\University\Thesis\AutomaticMicrogliaMorphologyAnalysis\AnnotationsData\Segmentations\images\2018-104_Iba1_Tp_B8_C.vsi - 20x_BF_01\MG_whole\ann-217__x-44712_y-27097_w-127_h-131__ds-1.png,c:\Users\chris\Desktop\University\Thesis\AutomaticMicrogliaMorphologyAnalysis\AnnotationsData\Segmentations\masks\2018-104_Iba1_Tp_B8_C.vsi - 20x_BF_01\MG_whole\ann-217__x-44712_y-27097_w-127_h-131__ds-1.png,MG_whole,2018-104_Iba1_Tp_B8_C.vsi - 20x_BF_01,medium
1331,c:\Users\chris\Desktop\University\Thesis\AutomaticMicrogliaMorphologyAnalysis\AnnotationsData\Segmentations\images\2018-104_Iba1_Tp_B8_C.vsi - 20x_BF_01\MG_whole\ann-219__x-45151_y-28876_w-158_h-177__ds-1.png,c:\Users\chris\Desktop\University\Thesis\AutomaticMicrogliaMorphologyAnalysis\AnnotationsData\Segmentations\masks\2018-104_Iba1_Tp_B8_C.vsi - 20x_BF_01\MG_whole\ann-219__x-45151_y-28876_w-158_h-177__ds-1.png,MG_whole,2018-104_Iba1_Tp_B8_C.vsi - 20x_BF_01,good
1332,c:\Users\chris\Desktop\University\Thesis\AutomaticMicrogliaMorphologyAnalysis\AnnotationsData\Segmentations\images\2018-104_Iba1_Tp_B8_C.vsi - 20x_BF_01\MG_whole\ann-21__x-40827_y-30180_w-142_h-142__ds-1.png,c:\Users\chris\Desktop\University\Thesis\AutomaticMicrogliaMorphologyAnalysis\AnnotationsData\Segmentations\masks\2018-104_Iba1_Tp_B8_C.vsi - 20x_BF_01\MG_whole\ann-21__x-40827_y-30180_w-142_h-142__ds-1.png,MG_whole,2018-104_Iba1_Tp_B8_C.vsi - 20x_BF_01,good
1333,c:\Users\chris\Desktop\University\Thesis\AutomaticMicrogliaMorphologyAnalysis\AnnotationsData\Segmentations\images\2018-104_Iba1_Tp_B8_C.vsi - 20x_BF_01\MG_whole\ann-221__x-44216_y-28182_w-146_h-122__ds-1.png,c:\Users\chris\Desktop\University\Thesis\AutomaticMicrogliaMorphologyAnalysis\AnnotationsData\Segmentations\masks\2018-104_Iba1_Tp_B8_C.vsi - 20x_BF_01\MG_whole\ann-221__x-44216_y-28182_w-146_h-122__ds-1.png,MG_whole,2018-104_Iba1_Tp_B8_C.vsi - 20x_BF_01,good
1334,c:\Users\chris\Desktop\University\Thesis\AutomaticMicrogliaMorphologyAnalysis\AnnotationsData\Segmentations\images\2018-104_Iba1_Tp_B8_C.vsi - 20x_BF_01\MG_whole\ann-223__x-44459_y-30135_w-100_h-132__ds-1.png,c:\Users\chris\Desktop\University\Thesis\AutomaticMicrogliaMorphologyAnalysis\AnnotationsData\Segmentations\masks\2018-104_Iba1_Tp_B8_C.vsi - 20x_BF_01\MG_whole\ann-223__x-44459_y-30135_w-100_h-132__ds-1.png,MG_whole,2018-104_Iba1_Tp_B8_C.vsi - 20x_BF_01,good
1335,c:\Users\chris\Desktop\University\Thesis\AutomaticMicrogliaMorphologyAnalysis\AnnotationsData\Segmentations\images\2018-104_Iba1_Tp_B8_C.vsi - 20x_BF_01\MG_whole\ann-228__x-46339_y-30999_w-116_h-176__ds-1.png,c:\Users\chris\Desktop\University\Thesis\AutomaticMicrogliaMorphologyAnalysis\AnnotationsData\Segmentations\masks\2018-104_Iba1_Tp_B8_C.vsi - 20x_BF_01\MG_whole\ann-228__x-46339_y-30999_w-116_h-176__ds-1.png,MG_whole,2018-104_Iba1_Tp_B8_C.vsi - 20x_BF_01,medium
1336,c:\Users\chris\Desktop\University\Thesis\AutomaticMicrogliaMorphologyAnalysis\AnnotationsData\Segmentations\images\2018-104_Iba1_Tp_B8_C.vsi - 20x_BF_01\MG_whole\ann-229__x-46421_y-31172_w-108_h-129__ds-1.png,c:\Users\chris\Desktop\University\Thesis\AutomaticMicrogliaMorphologyAnalysis\AnnotationsData\Segmentations\masks\2018-104_Iba1_Tp_B8_C.vsi - 20x_BF_01\MG_whole\ann-229__x-46421_y-31172_w-108_h-129__ds-1.png,MG_whole,2018-104_Iba1_Tp_B8_C.vsi - 20x_BF_01,good
1337,c:\Users\chris\Desktop\University\Thesis\AutomaticMicrogliaMorphologyAnalysis\AnnotationsData\Segmentations\images\2018-104_Iba1_Tp_B8_C.vsi - 20x_BF_01\MG_whole\ann-230__x-46504_y-31070_w-147_h-131__ds-1.png,c:\Users\chris\Desktop\University\Thesis\AutomaticMicrogliaMorphologyAnalysis\AnnotationsData\Segmentations\masks\2018-104_Iba1_Tp_B8_C.vsi - 20x_BF_01\MG_whole\ann-230__x-46504_y-31070_w-147_h-131__ds-1.png,MG_whole,2018-104_Iba1_Tp_B8_C.vsi - 20x_BF_01,good
1338,c:\Users\chris\Desktop\University\Thesis\AutomaticMicrogliaMorphologyAnalysis\AnnotationsData\Segmentations\images\2018-104_Iba1_Tp_B8_C.vsi - 20x_BF_01\MG_whole\ann-231__x-46300_y-31253_w-141_h-148__ds-1.png,c:\Users\chris\Desktop\University\Thesis\AutomaticMicrogliaMorphologyAnalysis\AnnotationsData\Segmentations\masks\2018-104_Iba1_Tp_B8_C.vsi - 20x_BF_01\MG_whole\ann-231__x-46300_y-31253_w-141_h-148__ds-1.png,MG_whole,2018-104_Iba1_Tp_B8_C.vsi - 20x_BF_01,medium
1339,c:\Users\chris\Desktop\University\Thesis\AutomaticMicrogliaMorphologyAnalysis\AnnotationsData\Segmentations\images\2018-104_Iba1_Tp_B8_C.vsi - 20x_BF_01\MG_whole\ann-233__x-45994_y-30825_w-168_h-196__ds-1.png,c:\Users\chris\Desktop\University\Thesis\AutomaticMicrogliaMorphologyAnalysis\AnnotationsData\Segmentations\masks\2018-104_Iba1_Tp_B8_C.vsi - 20x_BF_01\MG_whole\ann-233__x-45994_y-30825_w-168_h-196__ds-1.png,MG_whole,2018-104_Iba1_Tp_B8_C.vsi - 20x_BF_01,good
1340,c:\Users\chris\Desktop\University\Thesis\AutomaticMicrogliaMorphologyAnalysis\AnnotationsData\Segmentations\images\2018-104_Iba1_Tp_B8_C.vsi - 20x_BF_01\MG_whole\ann-236__x-46259_y-30526_w-197_h-214__ds-1.png,c:\Users\chris\Desktop\University\Thesis\AutomaticMicrogliaMorphologyAnalysis\AnnotationsData\Segmentations\masks\2018-104_Iba1_Tp_B8_C.vsi - 20x_BF_01\MG_whole\ann-236__x-46259_y-30526_w-197_h-214__ds-1.png,MG_whole,2018-104_Iba1_Tp_B8_C.vsi - 20x_BF_01,good
1341,c:\Users\chris\Desktop\University\Thesis\AutomaticMicrogliaMorphologyAnalysis\AnnotationsData\Segmentations\images\2018-104_Iba1_Tp_B8_C.vsi - 20x_BF_01\MG_whole\ann-237__x-46165_y-30423_w-129_h-128__ds-1.png,c:\Users\chris\Desktop\University\Thesis\AutomaticMicrogliaMorphologyAnalysis\AnnotationsData\Segmentations\masks\2018-104_Iba1_Tp_B8_C.vsi - 20x_BF_01\MG_whole\ann-237__x-46165_y-30423_w-129_h-128__ds-1.png,MG_whole,2018-104_Iba1_Tp_B8_C.vsi - 20x_BF_01,medium
1342,c:\Users\chris\Desktop\University\Thesis\AutomaticMicrogliaMorphologyAnalysis\AnnotationsData\Segmentations\images\2018-104_Iba1_Tp_B8_C.vsi - 20x_BF_01\MG_whole\ann-239__x-45851_y-30237_w-117_h-102__ds-1.png,c:\Users\chris\Desktop\University\Thesis\AutomaticMicrogliaMorphologyAnalysis\AnnotationsData\Segmentations\masks\2018-104_Iba1_Tp_B8_C.vsi - 20x_BF_01\MG_whole\ann-239__x-45851_y-30237_w-117_h-102__ds-1.png,MG_whole,2018-104_Iba1_Tp_B8_C.vsi - 20x_BF_01,medium
1343,c:\Users\chris\Desktop\University\Thesis\AutomaticMicrogliaMorphologyAnalysis\AnnotationsData\Segmentations\images\2018-104_Iba1_Tp_B8_C.vsi - 20x_BF_01\MG_whole\ann-23__x-40771_y-30061_w-111_h-88__ds-1.png,c:\Users\chris\Desktop\University\Thesis\AutomaticMicrogliaMorphologyAnalysis\AnnotationsData\Segmentations\masks\2018-104_Iba1_Tp_B8_C.vsi - 20x_BF_01\MG_whole\ann-23__x-40771_y-30061_w-111_h-88__ds-1.png,MG_whole,2018-104_Iba1_Tp_B8_C.vsi - 20x_BF_01,good
1344,c:\Users\chris\Desktop\University\Thesis\AutomaticMicrogliaMorphologyAnalysis\AnnotationsData\Segmentations\images\2018-104_Iba1_Tp_B8_C.vsi - 20x_BF_01\MG_whole\ann-242__x-37767_y-25945_w-176_h-139__ds-1.png,c:\Users\chris\Desktop\University\Thesis\AutomaticMicrogliaMorphologyAnalysis\AnnotationsData\Segmentations\masks\2018-104_Iba1_Tp_B8_C.vsi - 20x_BF_01\MG_whole\ann-242__x-37767_y-25945_w-176_h-139__ds-1.png,MG_whole,2018-104_Iba1_Tp_B8_C.vsi - 20x_BF_01,good
1345,c:\Users\chris\Desktop\University\Thesis\AutomaticMicrogliaMorphologyAnalysis\AnnotationsData\Segmentations\images\2018-104_Iba1_Tp_B8_C.vsi - 20x_BF_01\MG_whole\ann-243__x-37731_y-26431_w-103_h-148__ds-1.png,c:\Users\chris\Desktop\University\Thesis\AutomaticMicrogliaMorphologyAnalysis\AnnotationsData\Segmentations\masks\2018-104_Iba1_Tp_B8_C.vsi - 20x_BF_01\MG_whole\ann-243__x-37731_y-26431_w-103_h-148__ds-1.png,MG_whole,2018-104_Iba1_Tp_B8_C.vsi - 20x_BF_01,good
1346,c:\Users\chris\Desktop\University\Thesis\AutomaticMicrogliaMorphologyAnalysis\AnnotationsData\Segmentations\images\2018-104_Iba1_Tp_B8_C.vsi - 20x_BF_01\MG_whole\ann-247__x-38159_y-25073_w-96_h-128__ds-1.png,c:\Users\chris\Desktop\University\Thesis\AutomaticMicrogliaMorphologyAnalysis\AnnotationsData\Segmentations\masks\2018-104_Iba1_Tp_B8_C.vsi - 20x_BF_01\MG_whole\ann-247__x-38159_y-25073_w-96_h-128__ds-1.png,MG_whole,2018-104_Iba1_Tp_B8_C.vsi - 20x_BF_01,good
1347,c:\Users\chris\Desktop\University\Thesis\AutomaticMicrogliaMorphologyAnalysis\AnnotationsData\Segmentations\images\2018-104_Iba1_Tp_B8_C.vsi - 20x_BF_01\MG_whole\ann-248__x-38248_y-25064_w-187_h-186__ds-1.png,c:\Users\chris\Desktop\University\Thesis\AutomaticMicrogliaMorphologyAnalysis\AnnotationsData\Segmentations\masks\2018-104_Iba1_Tp_B8_C.vsi - 20x_BF_01\MG_whole\ann-248__x-38248_y-25064_w-187_h-186__ds-1.png,MG_whole,2018-104_Iba1_Tp_B8_C.vsi - 20x_BF_01,good
1348,c:\Users\chris\Desktop\University\Thesis\AutomaticMicrogliaMorphologyAnalysis\AnnotationsData\Segmentations\images\2018-104_Iba1_Tp_B8_C.vsi - 20x_BF_01\MG_whole\ann-249__x-38708_y-24716_w-157_h-143__ds-1.png,c:\Users\chris\Desktop\University\Thesis\AutomaticMicrogliaMorphologyAnalysis\AnnotationsData\Segmentations\masks\2018-104_Iba1_Tp_B8_C.vsi - 20x_BF_01\MG_whole\ann-249__x-38708_y-24716_w-157_h-143__ds-1.png,MG_whole,2018-104_Iba1_Tp_B8_C.vsi - 20x_BF_01,good
1349,c:\Users\chris\Desktop\University\Thesis\AutomaticMicrogliaMorphologyAnalysis\AnnotationsData\Segmentations\images\2018-104_Iba1_Tp_B8_C.vsi - 20x_BF_01\MG_whole\ann-251__x-38202_y-25377_w-133_h-96__ds-1.png,c:\Users\chris\Desktop\University\Thesis\AutomaticMicrogliaMorphologyAnalysis\AnnotationsData\Segmentations\masks\2018-104_Iba1_Tp_B8_C.vsi - 20x_BF_01\MG_whole\ann-251__x-38202_y-25377_w-133_h-96__ds-1.png,MG_whole,2018-104_Iba1_Tp_B8_C.vsi - 20x_BF_01,good
1350,c:\Users\chris\Desktop\University\Thesis\AutomaticMicrogliaMorphologyAnalysis\AnnotationsData\Segmentations\images\2018-104_Iba1_Tp_B8_C.vsi - 20x_BF_01\MG_whole\ann-254__x-41470_y-26502_w-185_h-113__ds-1.png,c:\Users\chris\Desktop\University\Thesis\AutomaticMicrogliaMorphologyAnalysis\AnnotationsData\Segmentations\masks\2018-104_Iba1_Tp_B8_C.vsi - 20x_BF_01\MG_whole\ann-254__x-41470_y-26502_w-185_h-113__ds-1.png,MG_whole,2018-104_Iba1_Tp_B8_C.vsi - 20x_BF_01,medium
1351,c:\Users\chris\Desktop\University\Thesis\AutomaticMicrogliaMorphologyAnalysis\AnnotationsData\Segmentations\images\2018-104_Iba1_Tp_B8_C.vsi - 20x_BF_01\MG_whole\ann-255__x-41728_y-26412_w-149_h-107__ds-1.png,c:\Users\chris\Desktop\University\Thesis\AutomaticMicrogliaMorphologyAnalysis\AnnotationsData\Segmentations\masks\2018-104_Iba1_Tp_B8_C.vsi - 20x_BF_01\MG_whole\ann-255__x-41728_y-26412_w-149_h-107__ds-1.png,MG_whole,2018-104_Iba1_Tp_B8_C.vsi - 20x_BF_01,good
1352,c:\Users\chris\Desktop\University\Thesis\AutomaticMicrogliaMorphologyAnalysis\AnnotationsData\Segmentations\images\2018-104_Iba1_Tp_B8_C.vsi - 20x_BF_01\MG_whole\ann-259__x-41765_y-26964_w-90_h-60__ds-1.png,c:\Users\chris\Desktop\University\Thesis\AutomaticMicrogliaMorphologyAnalysis\AnnotationsData\Segmentations\masks\2018-104_Iba1_Tp_B8_C.vsi - 20x_BF_01\MG_whole\ann-259__x-41765_y-26964_w-90_h-60__ds-1.png,MG_whole,2018-104_Iba1_Tp_B8_C.vsi - 20x_BF_01,good
1353,c:\Users\chris\Desktop\University\Thesis\AutomaticMicrogliaMorphologyAnalysis\AnnotationsData\Segmentations\images\2018-104_Iba1_Tp_B8_C.vsi - 20x_BF_01\MG_whole\ann-260__x-41529_y-26899_w-108_h-105__ds-1.png,c:\Users\chris\Desktop\University\Thesis\AutomaticMicrogliaMorphologyAnalysis\AnnotationsData\Segmentations\masks\2018-104_Iba1_Tp_B8_C.vsi - 20x_BF_01\MG_whole\ann-260__x-41529_y-26899_w-108_h-105__ds-1.png,MG_whole,2018-104_Iba1_Tp_B8_C.vsi - 20x_BF_01,good
1354,c:\Users\chris\Desktop\University\Thesis\AutomaticMicrogliaMorphologyAnalysis\AnnotationsData\Segmentations\images\2018-104_Iba1_Tp_B8_C.vsi - 20x_BF_01\MG_whole\ann-261__x-41397_y-26900_w-141_h-58__ds-1.png,c:\Users\chris\Desktop\University\Thesis\AutomaticMicrogliaMorphologyAnalysis\AnnotationsData\Segmentations\masks\2018-104_Iba1_Tp_B8_C.vsi - 20x_BF_01\MG_whole\ann-261__x-41397_y-26900_w-141_h-58__ds-1.png,MG_whole,2018-104_Iba1_Tp_B8_C.vsi - 20x_BF_01,good
1355,c:\Users\chris\Desktop\University\Thesis\AutomaticMicrogliaMorphologyAnalysis\AnnotationsData\Segmentations\images\2018-104_Iba1_Tp_B8_C.vsi - 20x_BF_01\MG_whole\ann-263__x-39824_y-26437_w-156_h-118__ds-1.png,c:\Users\chris\Desktop\University\Thesis\AutomaticMicrogliaMorphologyAnalysis\AnnotationsData\Segmentations\masks\2018-104_Iba1_Tp_B8_C.vsi - 20x_BF_01\MG_whole\ann-263__x-39824_y-26437_w-156_h-118__ds-1.png,MG_whole,2018-104_Iba1_Tp_B8_C.vsi - 20x_BF_01,medium
1356,c:\Users\chris\Desktop\University\Thesis\AutomaticMicrogliaMorphologyAnalysis\AnnotationsData\Segmentations\images\2018-104_Iba1_Tp_B8_C.vsi - 20x_BF_01\MG_whole\ann-265__x-41975_y-29353_w-120_h-73__ds-1.png,c:\Users\chris\Desktop\University\Thesis\AutomaticMicrogliaMorphologyAnalysis\AnnotationsData\Segmentations\masks\2018-104_Iba1_Tp_B8_C.vsi - 20x_BF_01\MG_whole\ann-265__x-41975_y-29353_w-120_h-73__ds-1.png,MG_whole,2018-104_Iba1_Tp_B8_C.vsi - 20x_BF_01,good
1357,c:\Users\chris\Desktop\University\Thesis\AutomaticMicrogliaMorphologyAnalysis\AnnotationsData\Segmentations\images\2018-104_Iba1_Tp_B8_C.vsi - 20x_BF_01\MG_whole\ann-267__x-42065_y-28771_w-148_h-120__ds-1.png,c:\Users\chris\Desktop\University\Thesis\AutomaticMicrogliaMorphologyAnalysis\AnnotationsData\Segmentations\masks\2018-104_Iba1_Tp_B8_C.vsi - 20x_BF_01\MG_whole\ann-267__x-42065_y-28771_w-148_h-120__ds-1.png,MG_whole,2018-104_Iba1_Tp_B8_C.vsi - 20x_BF_01,good
1358,c:\Users\chris\Desktop\University\Thesis\AutomaticMicrogliaMorphologyAnalysis\AnnotationsData\Segmentations\images\2018-104_Iba1_Tp_B8_C.vsi - 20x_BF_01\MG_whole\ann-269__x-41767_y-29698_w-118_h-139__ds-1.png,c:\Users\chris\Desktop\University\Thesis\AutomaticMicrogliaMorphologyAnalysis\AnnotationsData\Segmentations\masks\2018-104_Iba1_Tp_B8_C.vsi - 20x_BF_01\MG_whole\ann-269__x-41767_y-29698_w-118_h-139__ds-1.png,MG_whole,2018-104_Iba1_Tp_B8_C.vsi - 20x_BF_01,good
1359,c:\Users\chris\Desktop\University\Thesis\AutomaticMicrogliaMorphologyAnalysis\AnnotationsData\Segmentations\images\2018-104_Iba1_Tp_B8_C.vsi - 20x_BF_01\MG_whole\ann-26__x-41007_y-27942_w-172_h-211__ds-1.png,c:\Users\chris\Desktop\University\Thesis\AutomaticMicrogliaMorphologyAnalysis\AnnotationsData\Segmentations\masks\2018-104_Iba1_Tp_B8_C.vsi - 20x_BF_01\MG_whole\ann-26__x-41007_y-27942_w-172_h-211__ds-1.png,MG_whole,2018-104_Iba1_Tp_B8_C.vsi - 20x_BF_01,good
1360,c:\Users\chris\Desktop\University\Thesis\AutomaticMicrogliaMorphologyAnalysis\AnnotationsData\Segmentations\images\2018-104_Iba1_Tp_B8_C.vsi - 20x_BF_01\MG_whole\ann-271__x-41582_y-29714_w-134_h-87__ds-1.png,c:\Users\chris\Desktop\University\Thesis\AutomaticMicrogliaMorphologyAnalysis\AnnotationsData\Segmentations\masks\2018-104_Iba1_Tp_B8_C.vsi - 20x_BF_01\MG_whole\ann-271__x-41582_y-29714_w-134_h-87__ds-1.png,MG_whole,2018-104_Iba1_Tp_B8_C.vsi - 20x_BF_01,good
1361,c:\Users\chris\Desktop\University\Thesis\AutomaticMicrogliaMorphologyAnalysis\AnnotationsData\Segmentations\images\2018-104_Iba1_Tp_B8_C.vsi - 20x_BF_01\MG_whole\ann-273__x-39585_y-28428_w-127_h-139__ds-1.png,c:\Users\chris\Desktop\University\Thesis\AutomaticMicrogliaMorphologyAnalysis\AnnotationsData\Segmentations\masks\2018-104_Iba1_Tp_B8_C.vsi - 20x_BF_01\MG_whole\ann-273__x-39585_y-28428_w-127_h-139__ds-1.png,MG_whole,2018-104_Iba1_Tp_B8_C.vsi - 20x_BF_01,good
1362,c:\Users\chris\Desktop\University\Thesis\AutomaticMicrogliaMorphologyAnalysis\AnnotationsData\Segmentations\images\2018-104_Iba1_Tp_B8_C.vsi - 20x_BF_01\MG_whole\ann-275__x-39111_y-26040_w-152_h-137__ds-1.png,c:\Users\chris\Desktop\University\Thesis\AutomaticMicrogliaMorphologyAnalysis\AnnotationsData\Segmentations\masks\2018-104_Iba1_Tp_B8_C.vsi - 20x_BF_01\MG_whole\ann-275__x-39111_y-26040_w-152_h-137__ds-1.png,MG_whole,2018-104_Iba1_Tp_B8_C.vsi - 20x_BF_01,medium
1363,c:\Users\chris\Desktop\University\Thesis\AutomaticMicrogliaMorphologyAnalysis\AnnotationsData\Segmentations\images\2018-104_Iba1_Tp_B8_C.vsi - 20x_BF_01\MG_whole\ann-27__x-41154_y-28171_w-137_h-149__ds-1.png,c:\Users\chris\Desktop\University\Thesis\AutomaticMicrogliaMorphologyAnalysis\AnnotationsData\Segmentations\masks\2018-104_Iba1_Tp_B8_C.vsi - 20x_BF_01\MG_whole\ann-27__x-41154_y-28171_w-137_h-149__ds-1.png,MG_whole,2018-104_Iba1_Tp_B8_C.vsi - 20x_BF_01,good
1364,c:\Users\chris\Desktop\University\Thesis\AutomaticMicrogliaMorphologyAnalysis\AnnotationsData\Segmentations\images\2018-104_Iba1_Tp_B8_C.vsi - 20x_BF_01\MG_whole\ann-285__x-54997_y-50947_w-152_h-154__ds-1.png,c:\Users\chris\Desktop\University\Thesis\AutomaticMicrogliaMorphologyAnalysis\AnnotationsData\Segmentations\masks\2018-104_Iba1_Tp_B8_C.vsi - 20x_BF_01\MG_whole\ann-285__x-54997_y-50947_w-152_h-154__ds-1.png,MG_whole,2018-104_Iba1_Tp_B8_C.vsi - 20x_BF_01,good
1365,c:\Users\chris\Desktop\University\Thesis\AutomaticMicrogliaMorphologyAnalysis\AnnotationsData\Segmentations\images\2018-104_Iba1_Tp_B8_C.vsi - 20x_BF_01\MG_whole\ann-286__x-54857_y-51004_w-141_h-145__ds-1.png,c:\Users\chris\Desktop\University\Thesis\AutomaticMicrogliaMorphologyAnalysis\AnnotationsData\Segmentations\masks\2018-104_Iba1_Tp_B8_C.vsi - 20x_BF_01\MG_whole\ann-286__x-54857_y-51004_w-141_h-145__ds-1.png,MG_whole,2018-104_Iba1_Tp_B8_C.vsi - 20x_BF_01,good
1366,c:\Users\chris\Desktop\University\Thesis\AutomaticMicrogliaMorphologyAnalysis\AnnotationsData\Segmentations\images\2018-104_Iba1_Tp_B8_C.vsi - 20x_BF_01\MG_whole\ann-287__x-55221_y-50813_w-103_h-109__ds-1.png,c:\Users\chris\Desktop\University\Thesis\AutomaticMicrogliaMorphologyAnalysis\AnnotationsData\Segmentations\masks\2018-104_Iba1_Tp_B8_C.vsi - 20x_BF_01\MG_whole\ann-287__x-55221_y-50813_w-103_h-109__ds-1.png,MG_whole,2018-104_Iba1_Tp_B8_C.vsi - 20x_BF_01,medium
1367,c:\Users\chris\Desktop\University\Thesis\AutomaticMicrogliaMorphologyAnalysis\AnnotationsData\Segmentations\images\2018-104_Iba1_Tp_B8_C.vsi - 20x_BF_01\MG_whole\ann-288__x-55289_y-51380_w-152_h-76__ds-1.png,c:\Users\chris\Desktop\University\Thesis\AutomaticMicrogliaMorphologyAnalysis\AnnotationsData\Segmentations\masks\2018-104_Iba1_Tp_B8_C.vsi - 20x_BF_01\MG_whole\ann-288__x-55289_y-51380_w-152_h-76__ds-1.png,MG_whole,2018-104_Iba1_Tp_B8_C.vsi - 20x_BF_01,good
1368,c:\Users\chris\Desktop\University\Thesis\AutomaticMicrogliaMorphologyAnalysis\AnnotationsData\Segmentations\images\2018-104_Iba1_Tp_B8_C.vsi - 20x_BF_01\MG_whole\ann-289__x-55575_y-51645_w-137_h-146__ds-1.png,c:\Users\chris\Desktop\University\Thesis\AutomaticMicrogliaMorphologyAnalysis\AnnotationsData\Segmentations\masks\2018-104_Iba1_Tp_B8_C.vsi - 20x_BF_01\MG_whole\ann-289__x-55575_y-51645_w-137_h-146__ds-1.png,MG_whole,2018-104_Iba1_Tp_B8_C.vsi - 20x_BF_01,medium
1369,c:\Users\chris\Desktop\University\Thesis\AutomaticMicrogliaMorphologyAnalysis\AnnotationsData\Segmentations\images\2018-104_Iba1_Tp_B8_C.vsi - 20x_BF_01\MG_whole\ann-290__x-54713_y-51427_w-126_h-159__ds-1.png,c:\Users\chris\Desktop\University\Thesis\AutomaticMicrogliaMorphologyAnalysis\AnnotationsData\Segmentations\masks\2018-104_Iba1_Tp_B8_C.vsi - 20x_BF_01\MG_whole\ann-290__x-54713_y-51427_w-126_h-159__ds-1.png,MG_whole,2018-104_Iba1_Tp_B8_C.vsi - 20x_BF_01,good
1370,c:\Users\chris\Desktop\University\Thesis\AutomaticMicrogliaMorphologyAnalysis\AnnotationsData\Segmentations\images\2018-104_Iba1_Tp_B8_C.vsi - 20x_BF_01\MG_whole\ann-291__x-54508_y-51301_w-192_h-194__ds-1.png,c:\Users\chris\Desktop\University\Thesis\AutomaticMicrogliaMorphologyAnalysis\AnnotationsData\Segmentations\masks\2018-104_Iba1_Tp_B8_C.vsi - 20x_BF_01\MG_whole\ann-291__x-54508_y-51301_w-192_h-194__ds-1.png,MG_whole,2018-104_Iba1_Tp_B8_C.vsi - 20x_BF_01,good
1371,c:\Users\chris\Desktop\University\Thesis\AutomaticMicrogliaMorphologyAnalysis\AnnotationsData\Segmentations\images\2018-104_Iba1_Tp_B8_C.vsi - 20x_BF_01\MG_whole\ann-292__x-54384_y-51262_w-106_h-111__ds-1.png,c:\Users\chris\Desktop\University\Thesis\AutomaticMicrogliaMorphologyAnalysis\AnnotationsData\Segmentations\masks\2018-104_Iba1_Tp_B8_C.vsi - 20x_BF_01\MG_whole\ann-292__x-54384_y-51262_w-106_h-111__ds-1.png,MG_whole,2018-104_Iba1_Tp_B8_C.vsi - 20x_BF_01,medium
1372,c:\Users\chris\Desktop\University\Thesis\AutomaticMicrogliaMorphologyAnalysis\AnnotationsData\Segmentations\images\2018-104_Iba1_Tp_B8_C.vsi - 20x_BF_01\MG_whole\ann-293__x-54314_y-51395_w-163_h-190__ds-1.png,c:\Users\chris\Desktop\University\Thesis\AutomaticMicrogliaMorphologyAnalysis\AnnotationsData\Segmentations\masks\2018-104_Iba1_Tp_B8_C.vsi - 20x_BF_01\MG_whole\ann-293__x-54314_y-51395_w-163_h-190__ds-1.png,MG_whole,2018-104_Iba1_Tp_B8_C.vsi - 20x_BF_01,good
1373,c:\Users\chris\Desktop\University\Thesis\AutomaticMicrogliaMorphologyAnalysis\AnnotationsData\Segmentations\images\2018-104_Iba1_Tp_B8_C.vsi - 20x_BF_01\MG_whole\ann-295__x-54532_y-51188_w-126_h-94__ds-1.png,c:\Users\chris\Desktop\University\Thesis\AutomaticMicrogliaMorphologyAnalysis\AnnotationsData\Segmentations\masks\2018-104_Iba1_Tp_B8_C.vsi - 20x_BF_01\MG_whole\ann-295__x-54532_y-51188_w-126_h-94__ds-1.png,MG_whole,2018-104_Iba1_Tp_B8_C.vsi - 20x_BF_01,good
1374,c:\Users\chris\Desktop\University\Thesis\AutomaticMicrogliaMorphologyAnalysis\AnnotationsData\Segmentations\images\2018-104_Iba1_Tp_B8_C.vsi - 20x_BF_01\MG_whole\ann-297__x-54216_y-51947_w-145_h-113__ds-1.png,c:\Users\chris\Desktop\University\Thesis\AutomaticMicrogliaMorphologyAnalysis\AnnotationsData\Segmentations\masks\2018-104_Iba1_Tp_B8_C.vsi - 20x_BF_01\MG_whole\ann-297__x-54216_y-51947_w-145_h-113__ds-1.png,MG_whole,2018-104_Iba1_Tp_B8_C.vsi - 20x_BF_01,good
1375,c:\Users\chris\Desktop\University\Thesis\AutomaticMicrogliaMorphologyAnalysis\AnnotationsData\Segmentations\images\2018-104_Iba1_Tp_B8_C.vsi - 20x_BF_01\MG_whole\ann-299__x-54042_y-51730_w-144_h-142__ds-1.png,c:\Users\chris\Desktop\University\Thesis\AutomaticMicrogliaMorphologyAnalysis\AnnotationsData\Segmentations\masks\2018-104_Iba1_Tp_B8_C.vsi - 20x_BF_01\MG_whole\ann-299__x-54042_y-51730_w-144_h-142__ds-1.png,MG_whole,2018-104_Iba1_Tp_B8_C.vsi - 20x_BF_01,good
1376,c:\Users\chris\Desktop\University\Thesis\AutomaticMicrogliaMorphologyAnalysis\AnnotationsData\Segmentations\images\2018-104_Iba1_Tp_B8_C.vsi - 20x_BF_01\MG_whole\ann-301__x-54898_y-51387_w-69_h-86__ds-1.png,c:\Users\chris\Desktop\University\Thesis\AutomaticMicrogliaMorphologyAnalysis\AnnotationsData\Segmentations\masks\2018-104_Iba1_Tp_B8_C.vsi - 20x_BF_01\MG_whole\ann-301__x-54898_y-51387_w-69_h-86__ds-1.png,MG_whole,2018-104_Iba1_Tp_B8_C.vsi - 20x_BF_01,medium
1377,c:\Users\chris\Desktop\University\Thesis\AutomaticMicrogliaMorphologyAnalysis\AnnotationsData\Segmentations\images\2018-104_Iba1_Tp_B8_C.vsi - 20x_BF_01\MG_whole\ann-303__x-54176_y-53239_w-182_h-134__ds-1.png,c:\Users\chris\Desktop\University\Thesis\AutomaticMicrogliaMorphologyAnalysis\AnnotationsData\Segmentations\masks\2018-104_Iba1_Tp_B8_C.vsi - 20x_BF_01\MG_whole\ann-303__x-54176_y-53239_w-182_h-134__ds-1.png,MG_whole,2018-104_Iba1_Tp_B8_C.vsi - 20x_BF_01,good
1378,c:\Users\chris\Desktop\University\Thesis\AutomaticMicrogliaMorphologyAnalysis\AnnotationsData\Segmentations\images\2018-104_Iba1_Tp_B8_C.vsi - 20x_BF_01\MG_whole\ann-305__x-53696_y-50956_w-181_h-131__ds-1.png,c:\Users\chris\Desktop\University\Thesis\AutomaticMicrogliaMorphologyAnalysis\AnnotationsData\Segmentations\masks\2018-104_Iba1_Tp_B8_C.vsi - 20x_BF_01\MG_whole\ann-305__x-53696_y-50956_w-181_h-131__ds-1.png,MG_whole,2018-104_Iba1_Tp_B8_C.vsi - 20x_BF_01,good
1379,c:\Users\chris\Desktop\University\Thesis\AutomaticMicrogliaMorphologyAnalysis\AnnotationsData\Segmentations\images\2018-104_Iba1_Tp_B8_C.vsi - 20x_BF_01\MG_whole\ann-308__x-53588_y-50078_w-157_h-135__ds-1.png,c:\Users\chris\Desktop\University\Thesis\AutomaticMicrogliaMorphologyAnalysis\AnnotationsData\Segmentations\masks\2018-104_Iba1_Tp_B8_C.vsi - 20x_BF_01\MG_whole\ann-308__x-53588_y-50078_w-157_h-135__ds-1.png,MG_whole,2018-104_Iba1_Tp_B8_C.vsi - 20x_BF_01,medium
1380,c:\Users\chris\Desktop\University\Thesis\AutomaticMicrogliaMorphologyAnalysis\AnnotationsData\Segmentations\images\2018-104_Iba1_Tp_B8_C.vsi - 20x_BF_01\MG_whole\ann-309__x-53504_y-50166_w-138_h-238__ds-1.png,c:\Users\chris\Desktop\University\Thesis\AutomaticMicrogliaMorphologyAnalysis\AnnotationsData\Segmentations\masks\2018-104_Iba1_Tp_B8_C.vsi - 20x_BF_01\MG_whole\ann-309__x-53504_y-50166_w-138_h-238__ds-1.png,MG_whole,2018-104_Iba1_Tp_B8_C.vsi - 20x_BF_01,good
1381,c:\Users\chris\Desktop\University\Thesis\AutomaticMicrogliaMorphologyAnalysis\AnnotationsData\Segmentations\images\2018-104_Iba1_Tp_B8_C.vsi - 20x_BF_01\MG_whole\ann-30__x-42019_y-30561_w-134_h-83__ds-1.png,c:\Users\chris\Desktop\University\Thesis\AutomaticMicrogliaMorphologyAnalysis\AnnotationsData\Segmentations\masks\2018-104_Iba1_Tp_B8_C.vsi - 20x_BF_01\MG_whole\ann-30__x-42019_y-30561_w-134_h-83__ds-1.png,MG_whole,2018-104_Iba1_Tp_B8_C.vsi - 20x_BF_01,good
1382,c:\Users\chris\Desktop\University\Thesis\AutomaticMicrogliaMorphologyAnalysis\AnnotationsData\Segmentations\images\2018-104_Iba1_Tp_B8_C.vsi - 20x_BF_01\MG_whole\ann-311__x-53199_y-50372_w-74_h-108__ds-1.png,c:\Users\chris\Desktop\University\Thesis\AutomaticMicrogliaMorphologyAnalysis\AnnotationsData\Segmentations\masks\2018-104_Iba1_Tp_B8_C.vsi - 20x_BF_01\MG_whole\ann-311__x-53199_y-50372_w-74_h-108__ds-1.png,MG_whole,2018-104_Iba1_Tp_B8_C.vsi - 20x_BF_01,medium
1383,c:\Users\chris\Desktop\University\Thesis\AutomaticMicrogliaMorphologyAnalysis\AnnotationsData\Segmentations\images\2018-104_Iba1_Tp_B8_C.vsi - 20x_BF_01\MG_whole\ann-315__x-51852_y-50434_w-166_h-125__ds-1.png,c:\Users\chris\Desktop\University\Thesis\AutomaticMicrogliaMorphologyAnalysis\AnnotationsData\Segmentations\masks\2018-104_Iba1_Tp_B8_C.vsi - 20x_BF_01\MG_whole\ann-315__x-51852_y-50434_w-166_h-125__ds-1.png,MG_whole,2018-104_Iba1_Tp_B8_C.vsi - 20x_BF_01,good
1384,c:\Users\chris\Desktop\University\Thesis\AutomaticMicrogliaMorphologyAnalysis\AnnotationsData\Segmentations\images\2018-104_Iba1_Tp_B8_C.vsi - 20x_BF_01\MG_whole\ann-316__x-51877_y-50657_w-108_h-155__ds-1.png,c:\Users\chris\Desktop\University\Thesis\AutomaticMicrogliaMorphologyAnalysis\AnnotationsData\Segmentations\masks\2018-104_Iba1_Tp_B8_C.vsi - 20x_BF_01\MG_whole\ann-316__x-51877_y-50657_w-108_h-155__ds-1.png,MG_whole,2018-104_Iba1_Tp_B8_C.vsi - 20x_BF_01,good
1385,c:\Users\chris\Desktop\University\Thesis\AutomaticMicrogliaMorphologyAnalysis\AnnotationsData\Segmentations\images\2018-104_Iba1_Tp_B8_C.vsi - 20x_BF_01\MG_whole\ann-317__x-52003_y-50824_w-112_h-94__ds-1.png,c:\Users\chris\Desktop\University\Thesis\AutomaticMicrogliaMorphologyAnalysis\AnnotationsData\Segmentations\masks\2018-104_Iba1_Tp_B8_C.vsi - 20x_BF_01\MG_whole\ann-317__x-52003_y-50824_w-112_h-94__ds-1.png,MG_whole,2018-104_Iba1_Tp_B8_C.vsi - 20x_BF_01,medium
1386,c:\Users\chris\Desktop\University\Thesis\AutomaticMicrogliaMorphologyAnalysis\AnnotationsData\Segmentations\images\2018-104_Iba1_Tp_B8_C.vsi - 20x_BF_01\MG_whole\ann-31__x-42206_y-30636_w-109_h-119__ds-1.png,c:\Users\chris\Desktop\University\Thesis\AutomaticMicrogliaMorphologyAnalysis\AnnotationsData\Segmentations\masks\2018-104_Iba1_Tp_B8_C.vsi - 20x_BF_01\MG_whole\ann-31__x-42206_y-30636_w-109_h-119__ds-1.png,MG_whole,2018-104_Iba1_Tp_B8_C.vsi - 20x_BF_01,medium
1387,c:\Users\chris\Desktop\University\Thesis\AutomaticMicrogliaMorphologyAnalysis\AnnotationsData\Segmentations\images\2018-104_Iba1_Tp_B8_C.vsi - 20x_BF_01\MG_whole\ann-320__x-51616_y-49994_w-133_h-188__ds-1.png,c:\Users\chris\Desktop\University\Thesis\AutomaticMicrogliaMorphologyAnalysis\AnnotationsData\Segmentations\masks\2018-104_Iba1_Tp_B8_C.vsi - 20x_BF_01\MG_whole\ann-320__x-51616_y-49994_w-133_h-188__ds-1.png,MG_whole,2018-104_Iba1_Tp_B8_C.vsi - 20x_BF_01,good
1388,c:\Users\chris\Desktop\University\Thesis\AutomaticMicrogliaMorphologyAnalysis\AnnotationsData\Segmentations\images\2018-104_Iba1_Tp_B8_C.vsi - 20x_BF_01\MG_whole\ann-321__x-51897_y-49854_w-115_h-126__ds-1.png,c:\Users\chris\Desktop\University\Thesis\AutomaticMicrogliaMorphologyAnalysis\AnnotationsData\Segmentations\masks\2018-104_Iba1_Tp_B8_C.vsi - 20x_BF_01\MG_whole\ann-321__x-51897_y-49854_w-115_h-126__ds-1.png,MG_whole,2018-104_Iba1_Tp_B8_C.vsi - 20x_BF_01,good
1389,c:\Users\chris\Desktop\University\Thesis\AutomaticMicrogliaMorphologyAnalysis\AnnotationsData\Segmentations\images\2018-104_Iba1_Tp_B8_C.vsi - 20x_BF_01\MG_whole\ann-323__x-53136_y-51537_w-162_h-173__ds-1.png,c:\Users\chris\Desktop\University\Thesis\AutomaticMicrogliaMorphologyAnalysis\AnnotationsData\Segmentations\masks\2018-104_Iba1_Tp_B8_C.vsi - 20x_BF_01\MG_whole\ann-323__x-53136_y-51537_w-162_h-173__ds-1.png,MG_whole,2018-104_Iba1_Tp_B8_C.vsi - 20x_BF_01,good
1390,c:\Users\chris\Desktop\University\Thesis\AutomaticMicrogliaMorphologyAnalysis\AnnotationsData\Segmentations\images\2018-104_Iba1_Tp_B8_C.vsi - 20x_BF_01\MG_whole\ann-325__x-53634_y-51913_w-95_h-144__ds-1.png,c:\Users\chris\Desktop\University\Thesis\AutomaticMicrogliaMorphologyAnalysis\AnnotationsData\Segmentations\masks\2018-104_Iba1_Tp_B8_C.vsi - 20x_BF_01\MG_whole\ann-325__x-53634_y-51913_w-95_h-144__ds-1.png,MG_whole,2018-104_Iba1_Tp_B8_C.vsi - 20x_BF_01,good
1391,c:\Users\chris\Desktop\University\Thesis\AutomaticMicrogliaMorphologyAnalysis\AnnotationsData\Segmentations\images\2018-104_Iba1_Tp_B8_C.vsi - 20x_BF_01\MG_whole\ann-327__x-53164_y-55266_w-151_h-130__ds-1.png,c:\Users\chris\Desktop\University\Thesis\AutomaticMicrogliaMorphologyAnalysis\AnnotationsData\Segmentations\masks\2018-104_Iba1_Tp_B8_C.vsi - 20x_BF_01\MG_whole\ann-327__x-53164_y-55266_w-151_h-130__ds-1.png,MG_whole,2018-104_Iba1_Tp_B8_C.vsi - 20x_BF_01,good
1392,c:\Users\chris\Desktop\University\Thesis\AutomaticMicrogliaMorphologyAnalysis\AnnotationsData\Segmentations\images\2018-104_Iba1_Tp_B8_C.vsi - 20x_BF_01\MG_whole\ann-333__x-32932_y-44589_w-219_h-161__ds-1.png,c:\Users\chris\Desktop\University\Thesis\AutomaticMicrogliaMorphologyAnalysis\AnnotationsData\Segmentations\masks\2018-104_Iba1_Tp_B8_C.vsi - 20x_BF_01\MG_whole\ann-333__x-32932_y-44589_w-219_h-161__ds-1.png,MG_whole,2018-104_Iba1_Tp_B8_C.vsi - 20x_BF_01,medium
1393,c:\Users\chris\Desktop\University\Thesis\AutomaticMicrogliaMorphologyAnalysis\AnnotationsData\Segmentations\images\2018-104_Iba1_Tp_B8_C.vsi - 20x_BF_01\MG_whole\ann-334__x-33167_y-44269_w-207_h-205__ds-1.png,c:\Users\chris\Desktop\University\Thesis\AutomaticMicrogliaMorphologyAnalysis\AnnotationsData\Segmentations\masks\2018-104_Iba1_Tp_B8_C.vsi - 20x_BF_01\MG_whole\ann-334__x-33167_y-44269_w-207_h-205__ds-1.png,MG_whole,2018-104_Iba1_Tp_B8_C.vsi - 20x_BF_01,medium
1394,c:\Users\chris\Desktop\University\Thesis\AutomaticMicrogliaMorphologyAnalysis\AnnotationsData\Segmentations\images\2018-104_Iba1_Tp_B8_C.vsi - 20x_BF_01\MG_whole\ann-335__x-33541_y-44281_w-140_h-152__ds-1.png,c:\Users\chris\Desktop\University\Thesis\AutomaticMicrogliaMorphologyAnalysis\AnnotationsData\Segmentations\masks\2018-104_Iba1_Tp_B8_C.vsi - 20x_BF_01\MG_whole\ann-335__x-33541_y-44281_w-140_h-152__ds-1.png,MG_whole,2018-104_Iba1_Tp_B8_C.vsi - 20x_BF_01,good
1395,c:\Users\chris\Desktop\University\Thesis\AutomaticMicrogliaMorphologyAnalysis\AnnotationsData\Segmentations\images\2018-104_Iba1_Tp_B8_C.vsi - 20x_BF_01\MG_whole\ann-336__x-33500_y-44928_w-257_h-112__ds-1.png,c:\Users\chris\Desktop\University\Thesis\AutomaticMicrogliaMorphologyAnalysis\AnnotationsData\Segmentations\masks\2018-104_Iba1_Tp_B8_C.vsi - 20x_BF_01\MG_whole\ann-336__x-33500_y-44928_w-257_h-112__ds-1.png,MG_whole,2018-104_Iba1_Tp_B8_C.vsi - 20x_BF_01,good
1396,c:\Users\chris\Desktop\University\Thesis\AutomaticMicrogliaMorphologyAnalysis\AnnotationsData\Segmentations\images\2018-104_Iba1_Tp_B8_C.vsi - 20x_BF_01\MG_whole\ann-337__x-34197_y-44584_w-77_h-174__ds-1.png,c:\Users\chris\Desktop\University\Thesis\AutomaticMicrogliaMorphologyAnalysis\AnnotationsData\Segmentations\masks\2018-104_Iba1_Tp_B8_C.vsi - 20x_BF_01\MG_whole\ann-337__x-34197_y-44584_w-77_h-174__ds-1.png,MG_whole,2018-104_Iba1_Tp_B8_C.vsi - 20x_BF_01,good
1397,c:\Users\chris\Desktop\University\Thesis\AutomaticMicrogliaMorphologyAnalysis\AnnotationsData\Segmentations\images\2018-104_Iba1_Tp_B8_C.vsi - 20x_BF_01\MG_whole\ann-340__x-33220_y-44930_w-92_h-168__ds-1.png,c:\Users\chris\Desktop\University\Thesis\AutomaticMicrogliaMorphologyAnalysis\AnnotationsData\Segmentations\masks\2018-104_Iba1_Tp_B8_C.vsi - 20x_BF_01\MG_whole\ann-340__x-33220_y-44930_w-92_h-168__ds-1.png,MG_whole,2018-104_Iba1_Tp_B8_C.vsi - 20x_BF_01,good
1398,c:\Users\chris\Desktop\University\Thesis\AutomaticMicrogliaMorphologyAnalysis\AnnotationsData\Segmentations\images\2018-104_Iba1_Tp_B8_C.vsi - 20x_BF_01\MG_whole\ann-341__x-33351_y-45065_w-188_h-91__ds-1.png,c:\Users\chris\Desktop\University\Thesis\AutomaticMicrogliaMorphologyAnalysis\AnnotationsData\Segmentations\masks\2018-104_Iba1_Tp_B8_C.vsi - 20x_BF_01\MG_whole\ann-341__x-33351_y-45065_w-188_h-91__ds-1.png,MG_whole,2018-104_Iba1_Tp_B8_C.vsi - 20x_BF_01,good
1399,c:\Users\chris\Desktop\University\Thesis\AutomaticMicrogliaMorphologyAnalysis\AnnotationsData\Segmentations\images\2018-104_Iba1_Tp_B8_C.vsi - 20x_BF_01\MG_whole\ann-343__x-33068_y-46383_w-134_h-155__ds-1.png,c:\Users\chris\Desktop\University\Thesis\AutomaticMicrogliaMorphologyAnalysis\AnnotationsData\Segmentations\masks\2018-104_Iba1_Tp_B8_C.vsi - 20x_BF_01\MG_whole\ann-343__x-33068_y-46383_w-134_h-155__ds-1.png,MG_whole,2018-104_Iba1_Tp_B8_C.vsi - 20x_BF_01,good
1400,c:\Users\chris\Desktop\University\Thesis\AutomaticMicrogliaMorphologyAnalysis\AnnotationsData\Segmentations\images\2018-104_Iba1_Tp_B8_C.vsi - 20x_BF_01\MG_whole\ann-345__x-33319_y-44811_w-82_h-93__ds-1.png,c:\Users\chris\Desktop\University\Thesis\AutomaticMicrogliaMorphologyAnalysis\AnnotationsData\Segmentations\masks\2018-104_Iba1_Tp_B8_C.vsi - 20x_BF_01\MG_whole\ann-345__x-33319_y-44811_w-82_h-93__ds-1.png,MG_whole,2018-104_Iba1_Tp_B8_C.vsi - 20x_BF_01,good
1401,c:\Users\chris\Desktop\University\Thesis\AutomaticMicrogliaMorphologyAnalysis\AnnotationsData\Segmentations\images\2018-104_Iba1_Tp_B8_C.vsi - 20x_BF_01\MG_whole\ann-347__x-33426_y-44552_w-186_h-160__ds-1.png,c:\Users\chris\Desktop\University\Thesis\AutomaticMicrogliaMorphologyAnalysis\AnnotationsData\Segmentations\masks\2018-104_Iba1_Tp_B8_C.vsi - 20x_BF_01\MG_whole\ann-347__x-33426_y-44552_w-186_h-160__ds-1.png,MG_whole,2018-104_Iba1_Tp_B8_C.vsi - 20x_BF_01,good
1402,c:\Users\chris\Desktop\University\Thesis\AutomaticMicrogliaMorphologyAnalysis\AnnotationsData\Segmentations\images\2018-104_Iba1_Tp_B8_C.vsi - 20x_BF_01\MG_whole\ann-349__x-34468_y-43204_w-153_h-97__ds-1.png,c:\Users\chris\Desktop\University\Thesis\AutomaticMicrogliaMorphologyAnalysis\AnnotationsData\Segmentations\masks\2018-104_Iba1_Tp_B8_C.vsi - 20x_BF_01\MG_whole\ann-349__x-34468_y-43204_w-153_h-97__ds-1.png,MG_whole,2018-104_Iba1_Tp_B8_C.vsi - 20x_BF_01,medium
1403,c:\Users\chris\Desktop\University\Thesis\AutomaticMicrogliaMorphologyAnalysis\AnnotationsData\Segmentations\images\2018-104_Iba1_Tp_B8_C.vsi - 20x_BF_01\MG_whole\ann-351__x-34588_y-44670_w-123_h-180__ds-1.png,c:\Users\chris\Desktop\University\Thesis\AutomaticMicrogliaMorphologyAnalysis\AnnotationsData\Segmentations\masks\2018-104_Iba1_Tp_B8_C.vsi - 20x_BF_01\MG_whole\ann-351__x-34588_y-44670_w-123_h-180__ds-1.png,MG_whole,2018-104_Iba1_Tp_B8_C.vsi - 20x_BF_01,good
1404,c:\Users\chris\Desktop\University\Thesis\AutomaticMicrogliaMorphologyAnalysis\AnnotationsData\Segmentations\images\2018-104_Iba1_Tp_B8_C.vsi - 20x_BF_01\MG_whole\ann-354__x-34845_y-44143_w-60_h-86__ds-1.png,c:\Users\chris\Desktop\University\Thesis\AutomaticMicrogliaMorphologyAnalysis\AnnotationsData\Segmentations\masks\2018-104_Iba1_Tp_B8_C.vsi - 20x_BF_01\MG_whole\ann-354__x-34845_y-44143_w-60_h-86__ds-1.png,MG_whole,2018-104_Iba1_Tp_B8_C.vsi - 20x_BF_01,medium
1405,c:\Users\chris\Desktop\University\Thesis\AutomaticMicrogliaMorphologyAnalysis\AnnotationsData\Segmentations\images\2018-104_Iba1_Tp_B8_C.vsi - 20x_BF_01\MG_whole\ann-355__x-34808_y-44352_w-99_h-107__ds-1.png,c:\Users\chris\Desktop\University\Thesis\AutomaticMicrogliaMorphologyAnalysis\AnnotationsData\Segmentations\masks\2018-104_Iba1_Tp_B8_C.vsi - 20x_BF_01\MG_whole\ann-355__x-34808_y-44352_w-99_h-107__ds-1.png,MG_whole,2018-104_Iba1_Tp_B8_C.vsi - 20x_BF_01,good
1406,c:\Users\chris\Desktop\University\Thesis\AutomaticMicrogliaMorphologyAnalysis\AnnotationsData\Segmentations\images\2018-104_Iba1_Tp_B8_C.vsi - 20x_BF_01\MG_whole\ann-359__x-34958_y-43363_w-146_h-138__ds-1.png,c:\Users\chris\Desktop\University\Thesis\AutomaticMicrogliaMorphologyAnalysis\AnnotationsData\Segmentations\masks\2018-104_Iba1_Tp_B8_C.vsi - 20x_BF_01\MG_whole\ann-359__x-34958_y-43363_w-146_h-138__ds-1.png,MG_whole,2018-104_Iba1_Tp_B8_C.vsi - 20x_BF_01,good
1407,c:\Users\chris\Desktop\University\Thesis\AutomaticMicrogliaMorphologyAnalysis\AnnotationsData\Segmentations\images\2018-104_Iba1_Tp_B8_C.vsi - 20x_BF_01\MG_whole\ann-360__x-34788_y-43708_w-136_h-266__ds-1.png,c:\Users\chris\Desktop\University\Thesis\AutomaticMicrogliaMorphologyAnalysis\AnnotationsData\Segmentations\masks\2018-104_Iba1_Tp_B8_C.vsi - 20x_BF_01\MG_whole\ann-360__x-34788_y-43708_w-136_h-266__ds-1.png,MG_whole,2018-104_Iba1_Tp_B8_C.vsi - 20x_BF_01,good
1408,c:\Users\chris\Desktop\University\Thesis\AutomaticMicrogliaMorphologyAnalysis\AnnotationsData\Segmentations\images\2018-104_Iba1_Tp_B8_C.vsi - 20x_BF_01\MG_whole\ann-361__x-34585_y-43691_w-97_h-110__ds-1.png,c:\Users\chris\Desktop\University\Thesis\AutomaticMicrogliaMorphologyAnalysis\AnnotationsData\Segmentations\masks\2018-104_Iba1_Tp_B8_C.vsi - 20x_BF_01\MG_whole\ann-361__x-34585_y-43691_w-97_h-110__ds-1.png,MG_whole,2018-104_Iba1_Tp_B8_C.vsi - 20x_BF_01,good
1409,c:\Users\chris\Desktop\University\Thesis\AutomaticMicrogliaMorphologyAnalysis\AnnotationsData\Segmentations\images\2018-104_Iba1_Tp_B8_C.vsi - 20x_BF_01\MG_whole\ann-363__x-35400_y-43907_w-135_h-175__ds-1.png,c:\Users\chris\Desktop\University\Thesis\AutomaticMicrogliaMorphologyAnalysis\AnnotationsData\Segmentations\masks\2018-104_Iba1_Tp_B8_C.vsi - 20x_BF_01\MG_whole\ann-363__x-35400_y-43907_w-135_h-175__ds-1.png,MG_whole,2018-104_Iba1_Tp_B8_C.vsi - 20x_BF_01,good
1410,c:\Users\chris\Desktop\University\Thesis\AutomaticMicrogliaMorphologyAnalysis\AnnotationsData\Segmentations\images\2018-104_Iba1_Tp_B8_C.vsi - 20x_BF_01\MG_whole\ann-365__x-34606_y-45026_w-138_h-115__ds-1.png,c:\Users\chris\Desktop\University\Thesis\AutomaticMicrogliaMorphologyAnalysis\AnnotationsData\Segmentations\masks\2018-104_Iba1_Tp_B8_C.vsi - 20x_BF_01\MG_whole\ann-365__x-34606_y-45026_w-138_h-115__ds-1.png,MG_whole,2018-104_Iba1_Tp_B8_C.vsi - 20x_BF_01,medium
1411,c:\Users\chris\Desktop\University\Thesis\AutomaticMicrogliaMorphologyAnalysis\AnnotationsData\Segmentations\images\2018-104_Iba1_Tp_B8_C.vsi - 20x_BF_01\MG_whole\ann-367__x-35068_y-44881_w-137_h-152__ds-1.png,c:\Users\chris\Desktop\University\Thesis\AutomaticMicrogliaMorphologyAnalysis\AnnotationsData\Segmentations\masks\2018-104_Iba1_Tp_B8_C.vsi - 20x_BF_01\MG_whole\ann-367__x-35068_y-44881_w-137_h-152__ds-1.png,MG_whole,2018-104_Iba1_Tp_B8_C.vsi - 20x_BF_01,good
1412,c:\Users\chris\Desktop\University\Thesis\AutomaticMicrogliaMorphologyAnalysis\AnnotationsData\Segmentations\images\2018-104_Iba1_Tp_B8_C.vsi - 20x_BF_01\MG_whole\ann-36__x-40728_y-32161_w-151_h-120__ds-1.png,c:\Users\chris\Desktop\University\Thesis\AutomaticMicrogliaMorphologyAnalysis\AnnotationsData\Segmentations\masks\2018-104_Iba1_Tp_B8_C.vsi - 20x_BF_01\MG_whole\ann-36__x-40728_y-32161_w-151_h-120__ds-1.png,MG_whole,2018-104_Iba1_Tp_B8_C.vsi - 20x_BF_01,medium
1413,c:\Users\chris\Desktop\University\Thesis\AutomaticMicrogliaMorphologyAnalysis\AnnotationsData\Segmentations\images\2018-104_Iba1_Tp_B8_C.vsi - 20x_BF_01\MG_whole\ann-370__x-35509_y-45257_w-109_h-74__ds-1.png,c:\Users\chris\Desktop\University\Thesis\AutomaticMicrogliaMorphologyAnalysis\AnnotationsData\Segmentations\masks\2018-104_Iba1_Tp_B8_C.vsi - 20x_BF_01\MG_whole\ann-370__x-35509_y-45257_w-109_h-74__ds-1.png,MG_whole,2018-104_Iba1_Tp_B8_C.vsi - 20x_BF_01,medium
1414,c:\Users\chris\Desktop\University\Thesis\AutomaticMicrogliaMorphologyAnalysis\AnnotationsData\Segmentations\images\2018-104_Iba1_Tp_B8_C.vsi - 20x_BF_01\MG_whole\ann-371__x-35392_y-45307_w-80_h-179__ds-1.png,c:\Users\chris\Desktop\University\Thesis\AutomaticMicrogliaMorphologyAnalysis\AnnotationsData\Segmentations\masks\2018-104_Iba1_Tp_B8_C.vsi - 20x_BF_01\MG_whole\ann-371__x-35392_y-45307_w-80_h-179__ds-1.png,MG_whole,2018-104_Iba1_Tp_B8_C.vsi - 20x_BF_01,good
1415,c:\Users\chris\Desktop\University\Thesis\AutomaticMicrogliaMorphologyAnalysis\AnnotationsData\Segmentations\images\2018-104_Iba1_Tp_B8_C.vsi - 20x_BF_01\MG_whole\ann-373__x-35449_y-45637_w-98_h-118__ds-1.png,c:\Users\chris\Desktop\University\Thesis\AutomaticMicrogliaMorphologyAnalysis\AnnotationsData\Segmentations\masks\2018-104_Iba1_Tp_B8_C.vsi - 20x_BF_01\MG_whole\ann-373__x-35449_y-45637_w-98_h-118__ds-1.png,MG_whole,2018-104_Iba1_Tp_B8_C.vsi - 20x_BF_01,medium
1416,c:\Users\chris\Desktop\University\Thesis\AutomaticMicrogliaMorphologyAnalysis\AnnotationsData\Segmentations\images\2018-104_Iba1_Tp_B8_C.vsi - 20x_BF_01\MG_whole\ann-375__x-34046_y-43807_w-195_h-101__ds-1.png,c:\Users\chris\Desktop\University\Thesis\AutomaticMicrogliaMorphologyAnalysis\AnnotationsData\Segmentations\masks\2018-104_Iba1_Tp_B8_C.vsi - 20x_BF_01\MG_whole\ann-375__x-34046_y-43807_w-195_h-101__ds-1.png,MG_whole,2018-104_Iba1_Tp_B8_C.vsi - 20x_BF_01,medium
1417,c:\Users\chris\Desktop\University\Thesis\AutomaticMicrogliaMorphologyAnalysis\AnnotationsData\Segmentations\images\2018-104_Iba1_Tp_B8_C.vsi - 20x_BF_01\MG_whole\ann-377__x-35857_y-46589_w-208_h-255__ds-1.png,c:\Users\chris\Desktop\University\Thesis\AutomaticMicrogliaMorphologyAnalysis\AnnotationsData\Segmentations\masks\2018-104_Iba1_Tp_B8_C.vsi - 20x_BF_01\MG_whole\ann-377__x-35857_y-46589_w-208_h-255__ds-1.png,MG_whole,2018-104_Iba1_Tp_B8_C.vsi - 20x_BF_01,good
1418,c:\Users\chris\Desktop\University\Thesis\AutomaticMicrogliaMorphologyAnalysis\AnnotationsData\Segmentations\images\2018-104_Iba1_Tp_B8_C.vsi - 20x_BF_01\MG_whole\ann-379__x-34571_y-47670_w-132_h-151__ds-1.png,c:\Users\chris\Desktop\University\Thesis\AutomaticMicrogliaMorphologyAnalysis\AnnotationsData\Segmentations\masks\2018-104_Iba1_Tp_B8_C.vsi - 20x_BF_01\MG_whole\ann-379__x-34571_y-47670_w-132_h-151__ds-1.png,MG_whole,2018-104_Iba1_Tp_B8_C.vsi - 20x_BF_01,good
1419,c:\Users\chris\Desktop\University\Thesis\AutomaticMicrogliaMorphologyAnalysis\AnnotationsData\Segmentations\images\2018-104_Iba1_Tp_B8_C.vsi - 20x_BF_01\MG_whole\ann-37__x-40869_y-32007_w-157_h-209__ds-1.png,c:\Users\chris\Desktop\University\Thesis\AutomaticMicrogliaMorphologyAnalysis\AnnotationsData\Segmentations\masks\2018-104_Iba1_Tp_B8_C.vsi - 20x_BF_01\MG_whole\ann-37__x-40869_y-32007_w-157_h-209__ds-1.png,MG_whole,2018-104_Iba1_Tp_B8_C.vsi - 20x_BF_01,medium
1420,c:\Users\chris\Desktop\University\Thesis\AutomaticMicrogliaMorphologyAnalysis\AnnotationsData\Segmentations\images\2018-104_Iba1_Tp_B8_C.vsi - 20x_BF_01\MG_whole\ann-381__x-33906_y-46684_w-152_h-166__ds-1.png,c:\Users\chris\Desktop\University\Thesis\AutomaticMicrogliaMorphologyAnalysis\AnnotationsData\Segmentations\masks\2018-104_Iba1_Tp_B8_C.vsi - 20x_BF_01\MG_whole\ann-381__x-33906_y-46684_w-152_h-166__ds-1.png,MG_whole,2018-104_Iba1_Tp_B8_C.vsi - 20x_BF_01,good
1421,c:\Users\chris\Desktop\University\Thesis\AutomaticMicrogliaMorphologyAnalysis\AnnotationsData\Segmentations\images\2018-104_Iba1_Tp_B8_C.vsi - 20x_BF_01\MG_whole\ann-383__x-34012_y-46812_w-84_h-108__ds-1.png,c:\Users\chris\Desktop\University\Thesis\AutomaticMicrogliaMorphologyAnalysis\AnnotationsData\Segmentations\masks\2018-104_Iba1_Tp_B8_C.vsi - 20x_BF_01\MG_whole\ann-383__x-34012_y-46812_w-84_h-108__ds-1.png,MG_whole,2018-104_Iba1_Tp_B8_C.vsi - 20x_BF_01,good
1422,c:\Users\chris\Desktop\University\Thesis\AutomaticMicrogliaMorphologyAnalysis\AnnotationsData\Segmentations\images\2018-104_Iba1_Tp_B8_C.vsi - 20x_BF_01\MG_whole\ann-385__x-34248_y-46746_w-128_h-172__ds-1.png,c:\Users\chris\Desktop\University\Thesis\AutomaticMicrogliaMorphologyAnalysis\AnnotationsData\Segmentations\masks\2018-104_Iba1_Tp_B8_C.vsi - 20x_BF_01\MG_whole\ann-385__x-34248_y-46746_w-128_h-172__ds-1.png,MG_whole,2018-104_Iba1_Tp_B8_C.vsi - 20x_BF_01,good
1423,c:\Users\chris\Desktop\University\Thesis\AutomaticMicrogliaMorphologyAnalysis\AnnotationsData\Segmentations\images\2018-104_Iba1_Tp_B8_C.vsi - 20x_BF_01\MG_whole\ann-387__x-33539_y-47229_w-173_h-116__ds-1.png,c:\Users\chris\Desktop\University\Thesis\AutomaticMicrogliaMorphologyAnalysis\AnnotationsData\Segmentations\masks\2018-104_Iba1_Tp_B8_C.vsi - 20x_BF_01\MG_whole\ann-387__x-33539_y-47229_w-173_h-116__ds-1.png,MG_whole,2018-104_Iba1_Tp_B8_C.vsi - 20x_BF_01,medium
1424,c:\Users\chris\Desktop\University\Thesis\AutomaticMicrogliaMorphologyAnalysis\AnnotationsData\Segmentations\images\2018-104_Iba1_Tp_B8_C.vsi - 20x_BF_01\MG_whole\ann-389__x-32902_y-47925_w-105_h-139__ds-1.png,c:\Users\chris\Desktop\University\Thesis\AutomaticMicrogliaMorphologyAnalysis\AnnotationsData\Segmentations\masks\2018-104_Iba1_Tp_B8_C.vsi - 20x_BF_01\MG_whole\ann-389__x-32902_y-47925_w-105_h-139__ds-1.png,MG_whole,2018-104_Iba1_Tp_B8_C.vsi - 20x_BF_01,medium
1425,c:\Users\chris\Desktop\University\Thesis\AutomaticMicrogliaMorphologyAnalysis\AnnotationsData\Segmentations\images\2018-104_Iba1_Tp_B8_C.vsi - 20x_BF_01\MG_whole\ann-38__x-40733_y-32545_w-192_h-173__ds-1.png,c:\Users\chris\Desktop\University\Thesis\AutomaticMicrogliaMorphologyAnalysis\AnnotationsData\Segmentations\masks\2018-104_Iba1_Tp_B8_C.vsi - 20x_BF_01\MG_whole\ann-38__x-40733_y-32545_w-192_h-173__ds-1.png,MG_whole,2018-104_Iba1_Tp_B8_C.vsi - 20x_BF_01,good
1426,c:\Users\chris\Desktop\University\Thesis\AutomaticMicrogliaMorphologyAnalysis\AnnotationsData\Segmentations\images\2018-104_Iba1_Tp_B8_C.vsi - 20x_BF_01\MG_whole\ann-391__x-32468_y-47366_w-104_h-129__ds-1.png,c:\Users\chris\Desktop\University\Thesis\AutomaticMicrogliaMorphologyAnalysis\AnnotationsData\Segmentations\masks\2018-104_Iba1_Tp_B8_C.vsi - 20x_BF_01\MG_whole\ann-391__x-32468_y-47366_w-104_h-129__ds-1.png,MG_whole,2018-104_Iba1_Tp_B8_C.vsi - 20x_BF_01,good
1427,c:\Users\chris\Desktop\University\Thesis\AutomaticMicrogliaMorphologyAnalysis\AnnotationsData\Segmentations\images\2018-104_Iba1_Tp_B8_C.vsi - 20x_BF_01\MG_whole\ann-394__x-33136_y-47430_w-131_h-108__ds-1.png,c:\Users\chris\Desktop\University\Thesis\AutomaticMicrogliaMorphologyAnalysis\AnnotationsData\Segmentations\masks\2018-104_Iba1_Tp_B8_C.vsi - 20x_BF_01\MG_whole\ann-394__x-33136_y-47430_w-131_h-108__ds-1.png,MG_whole,2018-104_Iba1_Tp_B8_C.vsi - 20x_BF_01,good
1428,c:\Users\chris\Desktop\University\Thesis\AutomaticMicrogliaMorphologyAnalysis\AnnotationsData\Segmentations\images\2018-104_Iba1_Tp_B8_C.vsi - 20x_BF_01\MG_whole\ann-395__x-32972_y-47282_w-93_h-93__ds-1.png,c:\Users\chris\Desktop\University\Thesis\AutomaticMicrogliaMorphologyAnalysis\AnnotationsData\Segmentations\masks\2018-104_Iba1_Tp_B8_C.vsi - 20x_BF_01\MG_whole\ann-395__x-32972_y-47282_w-93_h-93__ds-1.png,MG_whole,2018-104_Iba1_Tp_B8_C.vsi - 20x_BF_01,medium
1429,c:\Users\chris\Desktop\University\Thesis\AutomaticMicrogliaMorphologyAnalysis\AnnotationsData\Segmentations\images\2018-104_Iba1_Tp_B8_C.vsi - 20x_BF_01\MG_whole\ann-397__x-33870_y-48456_w-176_h-125__ds-1.png,c:\Users\chris\Desktop\University\Thesis\AutomaticMicrogliaMorphologyAnalysis\AnnotationsData\Segmentations\masks\2018-104_Iba1_Tp_B8_C.vsi - 20x_BF_01\MG_whole\ann-397__x-33870_y-48456_w-176_h-125__ds-1.png,MG_whole,2018-104_Iba1_Tp_B8_C.vsi - 20x_BF_01,good
1430,c:\Users\chris\Desktop\University\Thesis\AutomaticMicrogliaMorphologyAnalysis\AnnotationsData\Segmentations\images\2018-104_Iba1_Tp_B8_C.vsi - 20x_BF_01\MG_whole\ann-399__x-32732_y-47328_w-146_h-145__ds-1.png,c:\Users\chris\Desktop\University\Thesis\AutomaticMicrogliaMorphologyAnalysis\AnnotationsData\Segmentations\masks\2018-104_Iba1_Tp_B8_C.vsi - 20x_BF_01\MG_whole\ann-399__x-32732_y-47328_w-146_h-145__ds-1.png,MG_whole,2018-104_Iba1_Tp_B8_C.vsi - 20x_BF_01,good
1431,c:\Users\chris\Desktop\University\Thesis\AutomaticMicrogliaMorphologyAnalysis\AnnotationsData\Segmentations\images\2018-104_Iba1_Tp_B8_C.vsi - 20x_BF_01\MG_whole\ann-39__x-40850_y-32365_w-236_h-171__ds-1.png,c:\Users\chris\Desktop\University\Thesis\AutomaticMicrogliaMorphologyAnalysis\AnnotationsData\Segmentations\masks\2018-104_Iba1_Tp_B8_C.vsi - 20x_BF_01\MG_whole\ann-39__x-40850_y-32365_w-236_h-171__ds-1.png,MG_whole,2018-104_Iba1_Tp_B8_C.vsi - 20x_BF_01,medium
1432,c:\Users\chris\Desktop\University\Thesis\AutomaticMicrogliaMorphologyAnalysis\AnnotationsData\Segmentations\images\2018-104_Iba1_Tp_B8_C.vsi - 20x_BF_01\MG_whole\ann-401__x-33089_y-47602_w-129_h-153__ds-1.png,c:\Users\chris\Desktop\University\Thesis\AutomaticMicrogliaMorphologyAnalysis\AnnotationsData\Segmentations\masks\2018-104_Iba1_Tp_B8_C.vsi - 20x_BF_01\MG_whole\ann-401__x-33089_y-47602_w-129_h-153__ds-1.png,MG_whole,2018-104_Iba1_Tp_B8_C.vsi - 20x_BF_01,medium
1433,c:\Users\chris\Desktop\University\Thesis\AutomaticMicrogliaMorphologyAnalysis\AnnotationsData\Segmentations\images\2018-104_Iba1_Tp_B8_C.vsi - 20x_BF_01\MG_whole\ann-403__x-34524_y-48364_w-175_h-232__ds-1.png,c:\Users\chris\Desktop\University\Thesis\AutomaticMicrogliaMorphologyAnalysis\AnnotationsData\Segmentations\masks\2018-104_Iba1_Tp_B8_C.vsi - 20x_BF_01\MG_whole\ann-403__x-34524_y-48364_w-175_h-232__ds-1.png,MG_whole,2018-104_Iba1_Tp_B8_C.vsi - 20x_BF_01,good
1434,c:\Users\chris\Desktop\University\Thesis\AutomaticMicrogliaMorphologyAnalysis\AnnotationsData\Segmentations\images\2018-104_Iba1_Tp_B8_C.vsi - 20x_BF_01\MG_whole\ann-405__x-34975_y-49955_w-162_h-148__ds-1.png,c:\Users\chris\Desktop\University\Thesis\AutomaticMicrogliaMorphologyAnalysis\AnnotationsData\Segmentations\masks\2018-104_Iba1_Tp_B8_C.vsi - 20x_BF_01\MG_whole\ann-405__x-34975_y-49955_w-162_h-148__ds-1.png,MG_whole,2018-104_Iba1_Tp_B8_C.vsi - 20x_BF_01,good
1435,c:\Users\chris\Desktop\University\Thesis\AutomaticMicrogliaMorphologyAnalysis\AnnotationsData\Segmentations\images\2018-104_Iba1_Tp_B8_C.vsi - 20x_BF_01\MG_whole\ann-407__x-35125_y-50071_w-146_h-129__ds-1.png,c:\Users\chris\Desktop\University\Thesis\AutomaticMicrogliaMorphologyAnalysis\AnnotationsData\Segmentations\masks\2018-104_Iba1_Tp_B8_C.vsi - 20x_BF_01\MG_whole\ann-407__x-35125_y-50071_w-146_h-129__ds-1.png,MG_whole,2018-104_Iba1_Tp_B8_C.vsi - 20x_BF_01,good
1436,c:\Users\chris\Desktop\University\Thesis\AutomaticMicrogliaMorphologyAnalysis\AnnotationsData\Segmentations\images\2018-104_Iba1_Tp_B8_C.vsi - 20x_BF_01\MG_whole\ann-409__x-32982_y-51049_w-192_h-104__ds-1.png,c:\Users\chris\Desktop\University\Thesis\AutomaticMicrogliaMorphologyAnalysis\AnnotationsData\Segmentations\masks\2018-104_Iba1_Tp_B8_C.vsi - 20x_BF_01\MG_whole\ann-409__x-32982_y-51049_w-192_h-104__ds-1.png,MG_whole,2018-104_Iba1_Tp_B8_C.vsi - 20x_BF_01,medium
1437,c:\Users\chris\Desktop\University\Thesis\AutomaticMicrogliaMorphologyAnalysis\AnnotationsData\Segmentations\images\2018-104_Iba1_Tp_B8_C.vsi - 20x_BF_01\MG_whole\ann-412__x-33605_y-50284_w-176_h-177__ds-1.png,c:\Users\chris\Desktop\University\Thesis\AutomaticMicrogliaMorphologyAnalysis\AnnotationsData\Segmentations\masks\2018-104_Iba1_Tp_B8_C.vsi - 20x_BF_01\MG_whole\ann-412__x-33605_y-50284_w-176_h-177__ds-1.png,MG_whole,2018-104_Iba1_Tp_B8_C.vsi - 20x_BF_01,medium
1438,c:\Users\chris\Desktop\University\Thesis\AutomaticMicrogliaMorphologyAnalysis\AnnotationsData\Segmentations\images\2018-104_Iba1_Tp_B8_C.vsi - 20x_BF_01\MG_whole\ann-413__x-33822_y-50442_w-146_h-94__ds-1.png,c:\Users\chris\Desktop\University\Thesis\AutomaticMicrogliaMorphologyAnalysis\AnnotationsData\Segmentations\masks\2018-104_Iba1_Tp_B8_C.vsi - 20x_BF_01\MG_whole\ann-413__x-33822_y-50442_w-146_h-94__ds-1.png,MG_whole,2018-104_Iba1_Tp_B8_C.vsi - 20x_BF_01,good
1439,c:\Users\chris\Desktop\University\Thesis\AutomaticMicrogliaMorphologyAnalysis\AnnotationsData\Segmentations\images\2018-104_Iba1_Tp_B8_C.vsi - 20x_BF_01\MG_whole\ann-416__x-32617_y-51963_w-120_h-144__ds-1.png,c:\Users\chris\Desktop\University\Thesis\AutomaticMicrogliaMorphologyAnalysis\AnnotationsData\Segmentations\masks\2018-104_Iba1_Tp_B8_C.vsi - 20x_BF_01\MG_whole\ann-416__x-32617_y-51963_w-120_h-144__ds-1.png,MG_whole,2018-104_Iba1_Tp_B8_C.vsi - 20x_BF_01,good
1440,c:\Users\chris\Desktop\University\Thesis\AutomaticMicrogliaMorphologyAnalysis\AnnotationsData\Segmentations\images\2018-104_Iba1_Tp_B8_C.vsi - 20x_BF_01\MG_whole\ann-417__x-32782_y-51934_w-149_h-166__ds-1.png,c:\Users\chris\Desktop\University\Thesis\AutomaticMicrogliaMorphologyAnalysis\AnnotationsData\Segmentations\masks\2018-104_Iba1_Tp_B8_C.vsi - 20x_BF_01\MG_whole\ann-417__x-32782_y-51934_w-149_h-166__ds-1.png,MG_whole,2018-104_Iba1_Tp_B8_C.vsi - 20x_BF_01,good
1441,c:\Users\chris\Desktop\University\Thesis\AutomaticMicrogliaMorphologyAnalysis\AnnotationsData\Segmentations\images\2018-104_Iba1_Tp_B8_C.vsi - 20x_BF_01\MG_whole\ann-419__x-29757_y-52160_w-205_h-237__ds-1.png,c:\Users\chris\Desktop\University\Thesis\AutomaticMicrogliaMorphologyAnalysis\AnnotationsData\Segmentations\masks\2018-104_Iba1_Tp_B8_C.vsi - 20x_BF_01\MG_whole\ann-419__x-29757_y-52160_w-205_h-237__ds-1.png,MG_whole,2018-104_Iba1_Tp_B8_C.vsi - 20x_BF_01,good
1442,c:\Users\chris\Desktop\University\Thesis\AutomaticMicrogliaMorphologyAnalysis\AnnotationsData\Segmentations\images\2018-104_Iba1_Tp_B8_C.vsi - 20x_BF_01\MG_whole\ann-41__x-41481_y-32855_w-157_h-185__ds-1.png,c:\Users\chris\Desktop\University\Thesis\AutomaticMicrogliaMorphologyAnalysis\AnnotationsData\Segmentations\masks\2018-104_Iba1_Tp_B8_C.vsi - 20x_BF_01\MG_whole\ann-41__x-41481_y-32855_w-157_h-185__ds-1.png,MG_whole,2018-104_Iba1_Tp_B8_C.vsi - 20x_BF_01,medium
1443,c:\Users\chris\Desktop\University\Thesis\AutomaticMicrogliaMorphologyAnalysis\AnnotationsData\Segmentations\images\2018-104_Iba1_Tp_B8_C.vsi - 20x_BF_01\MG_whole\ann-422__x-29419_y-52048_w-148_h-143__ds-1.png,c:\Users\chris\Desktop\University\Thesis\AutomaticMicrogliaMorphologyAnalysis\AnnotationsData\Segmentations\masks\2018-104_Iba1_Tp_B8_C.vsi - 20x_BF_01\MG_whole\ann-422__x-29419_y-52048_w-148_h-143__ds-1.png,MG_whole,2018-104_Iba1_Tp_B8_C.vsi - 20x_BF_01,good
1444,c:\Users\chris\Desktop\University\Thesis\AutomaticMicrogliaMorphologyAnalysis\AnnotationsData\Segmentations\images\2018-104_Iba1_Tp_B8_C.vsi - 20x_BF_01\MG_whole\ann-423__x-29590_y-51997_w-111_h-161__ds-1.png,c:\Users\chris\Desktop\University\Thesis\AutomaticMicrogliaMorphologyAnalysis\AnnotationsData\Segmentations\masks\2018-104_Iba1_Tp_B8_C.vsi - 20x_BF_01\MG_whole\ann-423__x-29590_y-51997_w-111_h-161__ds-1.png,MG_whole,2018-104_Iba1_Tp_B8_C.vsi - 20x_BF_01,good
1445,c:\Users\chris\Desktop\University\Thesis\AutomaticMicrogliaMorphologyAnalysis\AnnotationsData\Segmentations\images\2018-104_Iba1_Tp_B8_C.vsi - 20x_BF_01\MG_whole\ann-425__x-30056_y-51214_w-101_h-120__ds-1.png,c:\Users\chris\Desktop\University\Thesis\AutomaticMicrogliaMorphologyAnalysis\AnnotationsData\Segmentations\masks\2018-104_Iba1_Tp_B8_C.vsi - 20x_BF_01\MG_whole\ann-425__x-30056_y-51214_w-101_h-120__ds-1.png,MG_whole,2018-104_Iba1_Tp_B8_C.vsi - 20x_BF_01,medium
1446,c:\Users\chris\Desktop\University\Thesis\AutomaticMicrogliaMorphologyAnalysis\AnnotationsData\Segmentations\images\2018-104_Iba1_Tp_B8_C.vsi - 20x_BF_01\MG_whole\ann-427__x-29602_y-50887_w-99_h-137__ds-1.png,c:\Users\chris\Desktop\University\Thesis\AutomaticMicrogliaMorphologyAnalysis\AnnotationsData\Segmentations\masks\2018-104_Iba1_Tp_B8_C.vsi - 20x_BF_01\MG_whole\ann-427__x-29602_y-50887_w-99_h-137__ds-1.png,MG_whole,2018-104_Iba1_Tp_B8_C.vsi - 20x_BF_01,good
1447,c:\Users\chris\Desktop\University\Thesis\AutomaticMicrogliaMorphologyAnalysis\AnnotationsData\Segmentations\images\2018-104_Iba1_Tp_B8_C.vsi - 20x_BF_01\MG_whole\ann-429__x-29686_y-50671_w-91_h-123__ds-1.png,c:\Users\chris\Desktop\University\Thesis\AutomaticMicrogliaMorphologyAnalysis\AnnotationsData\Segmentations\masks\2018-104_Iba1_Tp_B8_C.vsi - 20x_BF_01\MG_whole\ann-429__x-29686_y-50671_w-91_h-123__ds-1.png,MG_whole,2018-104_Iba1_Tp_B8_C.vsi - 20x_BF_01,medium
1448,c:\Users\chris\Desktop\University\Thesis\AutomaticMicrogliaMorphologyAnalysis\AnnotationsData\Segmentations\images\2018-104_Iba1_Tp_B8_C.vsi - 20x_BF_01\MG_whole\ann-431__x-31587_y-49980_w-179_h-120__ds-1.png,c:\Users\chris\Desktop\University\Thesis\AutomaticMicrogliaMorphologyAnalysis\AnnotationsData\Segmentations\masks\2018-104_Iba1_Tp_B8_C.vsi - 20x_BF_01\MG_whole\ann-431__x-31587_y-49980_w-179_h-120__ds-1.png,MG_whole,2018-104_Iba1_Tp_B8_C.vsi - 20x_BF_01,good
1449,c:\Users\chris\Desktop\University\Thesis\AutomaticMicrogliaMorphologyAnalysis\AnnotationsData\Segmentations\images\2018-104_Iba1_Tp_B8_C.vsi - 20x_BF_01\MG_whole\ann-433__x-31484_y-53604_w-228_h-183__ds-1.png,c:\Users\chris\Desktop\University\Thesis\AutomaticMicrogliaMorphologyAnalysis\AnnotationsData\Segmentations\masks\2018-104_Iba1_Tp_B8_C.vsi - 20x_BF_01\MG_whole\ann-433__x-31484_y-53604_w-228_h-183__ds-1.png,MG_whole,2018-104_Iba1_Tp_B8_C.vsi - 20x_BF_01,good
1450,c:\Users\chris\Desktop\University\Thesis\AutomaticMicrogliaMorphologyAnalysis\AnnotationsData\Segmentations\images\2018-104_Iba1_Tp_B8_C.vsi - 20x_BF_01\MG_whole\ann-436__x-31363_y-55091_w-136_h-121__ds-1.png,c:\Users\chris\Desktop\University\Thesis\AutomaticMicrogliaMorphologyAnalysis\AnnotationsData\Segmentations\masks\2018-104_Iba1_Tp_B8_C.vsi - 20x_BF_01\MG_whole\ann-436__x-31363_y-55091_w-136_h-121__ds-1.png,MG_whole,2018-104_Iba1_Tp_B8_C.vsi - 20x_BF_01,good
1451,c:\Users\chris\Desktop\University\Thesis\AutomaticMicrogliaMorphologyAnalysis\AnnotationsData\Segmentations\images\2018-104_Iba1_Tp_B8_C.vsi - 20x_BF_01\MG_whole\ann-437__x-31247_y-55096_w-121_h-145__ds-1.png,c:\Users\chris\Desktop\University\Thesis\AutomaticMicrogliaMorphologyAnalysis\AnnotationsData\Segmentations\masks\2018-104_Iba1_Tp_B8_C.vsi - 20x_BF_01\MG_whole\ann-437__x-31247_y-55096_w-121_h-145__ds-1.png,MG_whole,2018-104_Iba1_Tp_B8_C.vsi - 20x_BF_01,good
1452,c:\Users\chris\Desktop\University\Thesis\AutomaticMicrogliaMorphologyAnalysis\AnnotationsData\Segmentations\images\2018-104_Iba1_Tp_B8_C.vsi - 20x_BF_01\MG_whole\ann-439__x-32449_y-55571_w-199_h-188__ds-1.png,c:\Users\chris\Desktop\University\Thesis\AutomaticMicrogliaMorphologyAnalysis\AnnotationsData\Segmentations\masks\2018-104_Iba1_Tp_B8_C.vsi - 20x_BF_01\MG_whole\ann-439__x-32449_y-55571_w-199_h-188__ds-1.png,MG_whole,2018-104_Iba1_Tp_B8_C.vsi - 20x_BF_01,good
1453,c:\Users\chris\Desktop\University\Thesis\AutomaticMicrogliaMorphologyAnalysis\AnnotationsData\Segmentations\images\2018-104_Iba1_Tp_B8_C.vsi - 20x_BF_01\MG_whole\ann-43__x-42214_y-32287_w-160_h-191__ds-1.png,c:\Users\chris\Desktop\University\Thesis\AutomaticMicrogliaMorphologyAnalysis\AnnotationsData\Segmentations\masks\2018-104_Iba1_Tp_B8_C.vsi - 20x_BF_01\MG_whole\ann-43__x-42214_y-32287_w-160_h-191__ds-1.png,MG_whole,2018-104_Iba1_Tp_B8_C.vsi - 20x_BF_01,good
1454,c:\Users\chris\Desktop\University\Thesis\AutomaticMicrogliaMorphologyAnalysis\AnnotationsData\Segmentations\images\2018-104_Iba1_Tp_B8_C.vsi - 20x_BF_01\MG_whole\ann-441__x-32773_y-55051_w-132_h-149__ds-1.png,c:\Users\chris\Desktop\University\Thesis\AutomaticMicrogliaMorphologyAnalysis\AnnotationsData\Segmentations\masks\2018-104_Iba1_Tp_B8_C.vsi - 20x_BF_01\MG_whole\ann-441__x-32773_y-55051_w-132_h-149__ds-1.png,MG_whole,2018-104_Iba1_Tp_B8_C.vsi - 20x_BF_01,good
1455,c:\Users\chris\Desktop\University\Thesis\AutomaticMicrogliaMorphologyAnalysis\AnnotationsData\Segmentations\images\2018-104_Iba1_Tp_B8_C.vsi - 20x_BF_01\MG_whole\ann-443__x-32923_y-55204_w-141_h-114__ds-1.png,c:\Users\chris\Desktop\University\Thesis\AutomaticMicrogliaMorphologyAnalysis\AnnotationsData\Segmentations\masks\2018-104_Iba1_Tp_B8_C.vsi - 20x_BF_01\MG_whole\ann-443__x-32923_y-55204_w-141_h-114__ds-1.png,MG_whole,2018-104_Iba1_Tp_B8_C.vsi - 20x_BF_01,good
1456,c:\Users\chris\Desktop\University\Thesis\AutomaticMicrogliaMorphologyAnalysis\AnnotationsData\Segmentations\images\2018-104_Iba1_Tp_B8_C.vsi - 20x_BF_01\MG_whole\ann-445__x-34170_y-54741_w-163_h-238__ds-1.png,c:\Users\chris\Desktop\University\Thesis\AutomaticMicrogliaMorphologyAnalysis\AnnotationsData\Segmentations\masks\2018-104_Iba1_Tp_B8_C.vsi - 20x_BF_01\MG_whole\ann-445__x-34170_y-54741_w-163_h-238__ds-1.png,MG_whole,2018-104_Iba1_Tp_B8_C.vsi - 20x_BF_01,good
1457,c:\Users\chris\Desktop\University\Thesis\AutomaticMicrogliaMorphologyAnalysis\AnnotationsData\Segmentations\images\2018-104_Iba1_Tp_B8_C.vsi - 20x_BF_01\MG_whole\ann-447__x-34168_y-53908_w-101_h-138__ds-1.png,c:\Users\chris\Desktop\University\Thesis\AutomaticMicrogliaMorphologyAnalysis\AnnotationsData\Segmentations\masks\2018-104_Iba1_Tp_B8_C.vsi - 20x_BF_01\MG_whole\ann-447__x-34168_y-53908_w-101_h-138__ds-1.png,MG_whole,2018-104_Iba1_Tp_B8_C.vsi - 20x_BF_01,medium
1458,c:\Users\chris\Desktop\University\Thesis\AutomaticMicrogliaMorphologyAnalysis\AnnotationsData\Segmentations\images\2018-104_Iba1_Tp_B8_C.vsi - 20x_BF_01\MG_whole\ann-450__x-34562_y-53189_w-91_h-69__ds-1.png,c:\Users\chris\Desktop\University\Thesis\AutomaticMicrogliaMorphologyAnalysis\AnnotationsData\Segmentations\masks\2018-104_Iba1_Tp_B8_C.vsi - 20x_BF_01\MG_whole\ann-450__x-34562_y-53189_w-91_h-69__ds-1.png,MG_whole,2018-104_Iba1_Tp_B8_C.vsi - 20x_BF_01,medium
1459,c:\Users\chris\Desktop\University\Thesis\AutomaticMicrogliaMorphologyAnalysis\AnnotationsData\Segmentations\images\2018-104_Iba1_Tp_B8_C.vsi - 20x_BF_01\MG_whole\ann-451__x-34391_y-53231_w-191_h-148__ds-1.png,c:\Users\chris\Desktop\University\Thesis\AutomaticMicrogliaMorphologyAnalysis\AnnotationsData\Segmentations\masks\2018-104_Iba1_Tp_B8_C.vsi - 20x_BF_01\MG_whole\ann-451__x-34391_y-53231_w-191_h-148__ds-1.png,MG_whole,2018-104_Iba1_Tp_B8_C.vsi - 20x_BF_01,medium
1460,c:\Users\chris\Desktop\University\Thesis\AutomaticMicrogliaMorphologyAnalysis\AnnotationsData\Segmentations\images\2018-104_Iba1_Tp_B8_C.vsi - 20x_BF_01\MG_whole\ann-453__x-35109_y-52947_w-174_h-168__ds-1.png,c:\Users\chris\Desktop\University\Thesis\AutomaticMicrogliaMorphologyAnalysis\AnnotationsData\Segmentations\masks\2018-104_Iba1_Tp_B8_C.vsi - 20x_BF_01\MG_whole\ann-453__x-35109_y-52947_w-174_h-168__ds-1.png,MG_whole,2018-104_Iba1_Tp_B8_C.vsi - 20x_BF_01,good
1461,c:\Users\chris\Desktop\University\Thesis\AutomaticMicrogliaMorphologyAnalysis\AnnotationsData\Segmentations\images\2018-104_Iba1_Tp_B8_C.vsi - 20x_BF_01\MG_whole\ann-455__x-34972_y-52207_w-137_h-109__ds-1.png,c:\Users\chris\Desktop\University\Thesis\AutomaticMicrogliaMorphologyAnalysis\AnnotationsData\Segmentations\masks\2018-104_Iba1_Tp_B8_C.vsi - 20x_BF_01\MG_whole\ann-455__x-34972_y-52207_w-137_h-109__ds-1.png,MG_whole,2018-104_Iba1_Tp_B8_C.vsi - 20x_BF_01,medium
1462,c:\Users\chris\Desktop\University\Thesis\AutomaticMicrogliaMorphologyAnalysis\AnnotationsData\Segmentations\images\2018-104_Iba1_Tp_B8_C.vsi - 20x_BF_01\MG_whole\ann-457__x-34139_y-53355_w-59_h-131__ds-1.png,c:\Users\chris\Desktop\University\Thesis\AutomaticMicrogliaMorphologyAnalysis\AnnotationsData\Segmentations\masks\2018-104_Iba1_Tp_B8_C.vsi - 20x_BF_01\MG_whole\ann-457__x-34139_y-53355_w-59_h-131__ds-1.png,MG_whole,2018-104_Iba1_Tp_B8_C.vsi - 20x_BF_01,good
1463,c:\Users\chris\Desktop\University\Thesis\AutomaticMicrogliaMorphologyAnalysis\AnnotationsData\Segmentations\images\2018-104_Iba1_Tp_B8_C.vsi - 20x_BF_01\MG_whole\ann-459__x-34973_y-54433_w-129_h-93__ds-1.png,c:\Users\chris\Desktop\University\Thesis\AutomaticMicrogliaMorphologyAnalysis\AnnotationsData\Segmentations\masks\2018-104_Iba1_Tp_B8_C.vsi - 20x_BF_01\MG_whole\ann-459__x-34973_y-54433_w-129_h-93__ds-1.png,MG_whole,2018-104_Iba1_Tp_B8_C.vsi - 20x_BF_01,good
1464,c:\Users\chris\Desktop\University\Thesis\AutomaticMicrogliaMorphologyAnalysis\AnnotationsData\Segmentations\images\2018-104_Iba1_Tp_B8_C.vsi - 20x_BF_01\MG_whole\ann-45__x-41571_y-31896_w-146_h-121__ds-1.png,c:\Users\chris\Desktop\University\Thesis\AutomaticMicrogliaMorphologyAnalysis\AnnotationsData\Segmentations\masks\2018-104_Iba1_Tp_B8_C.vsi - 20x_BF_01\MG_whole\ann-45__x-41571_y-31896_w-146_h-121__ds-1.png,MG_whole,2018-104_Iba1_Tp_B8_C.vsi - 20x_BF_01,good
1465,c:\Users\chris\Desktop\University\Thesis\AutomaticMicrogliaMorphologyAnalysis\AnnotationsData\Segmentations\images\2018-104_Iba1_Tp_B8_C.vsi - 20x_BF_01\MG_whole\ann-461__x-35323_y-55097_w-168_h-139__ds-1.png,c:\Users\chris\Desktop\University\Thesis\AutomaticMicrogliaMorphologyAnalysis\AnnotationsData\Segmentations\masks\2018-104_Iba1_Tp_B8_C.vsi - 20x_BF_01\MG_whole\ann-461__x-35323_y-55097_w-168_h-139__ds-1.png,MG_whole,2018-104_Iba1_Tp_B8_C.vsi - 20x_BF_01,medium
1466,c:\Users\chris\Desktop\University\Thesis\AutomaticMicrogliaMorphologyAnalysis\AnnotationsData\Segmentations\images\2018-104_Iba1_Tp_B8_C.vsi - 20x_BF_01\MG_whole\ann-463__x-35380_y-56122_w-274_h-166__ds-1.png,c:\Users\chris\Desktop\University\Thesis\AutomaticMicrogliaMorphologyAnalysis\AnnotationsData\Segmentations\masks\2018-104_Iba1_Tp_B8_C.vsi - 20x_BF_01\MG_whole\ann-463__x-35380_y-56122_w-274_h-166__ds-1.png,MG_whole,2018-104_Iba1_Tp_B8_C.vsi - 20x_BF_01,good
1467,c:\Users\chris\Desktop\University\Thesis\AutomaticMicrogliaMorphologyAnalysis\AnnotationsData\Segmentations\images\2018-104_Iba1_Tp_B8_C.vsi - 20x_BF_01\MG_whole\ann-466__x-35724_y-56497_w-180_h-121__ds-1.png,c:\Users\chris\Desktop\University\Thesis\AutomaticMicrogliaMorphologyAnalysis\AnnotationsData\Segmentations\masks\2018-104_Iba1_Tp_B8_C.vsi - 20x_BF_01\MG_whole\ann-466__x-35724_y-56497_w-180_h-121__ds-1.png,MG_whole,2018-104_Iba1_Tp_B8_C.vsi - 20x_BF_01,good
1468,c:\Users\chris\Desktop\University\Thesis\AutomaticMicrogliaMorphologyAnalysis\AnnotationsData\Segmentations\images\2018-104_Iba1_Tp_B8_C.vsi - 20x_BF_01\MG_whole\ann-467__x-35500_y-56441_w-132_h-160__ds-1.png,c:\Users\chris\Desktop\University\Thesis\AutomaticMicrogliaMorphologyAnalysis\AnnotationsData\Segmentations\masks\2018-104_Iba1_Tp_B8_C.vsi - 20x_BF_01\MG_whole\ann-467__x-35500_y-56441_w-132_h-160__ds-1.png,MG_whole,2018-104_Iba1_Tp_B8_C.vsi - 20x_BF_01,good
1469,c:\Users\chris\Desktop\University\Thesis\AutomaticMicrogliaMorphologyAnalysis\AnnotationsData\Segmentations\images\2018-104_Iba1_Tp_B8_C.vsi - 20x_BF_01\MG_whole\ann-469__x-35376_y-56769_w-189_h-160__ds-1.png,c:\Users\chris\Desktop\University\Thesis\AutomaticMicrogliaMorphologyAnalysis\AnnotationsData\Segmentations\masks\2018-104_Iba1_Tp_B8_C.vsi - 20x_BF_01\MG_whole\ann-469__x-35376_y-56769_w-189_h-160__ds-1.png,MG_whole,2018-104_Iba1_Tp_B8_C.vsi - 20x_BF_01,medium
1470,c:\Users\chris\Desktop\University\Thesis\AutomaticMicrogliaMorphologyAnalysis\AnnotationsData\Segmentations\images\2018-104_Iba1_Tp_B8_C.vsi - 20x_BF_01\MG_whole\ann-471__x-36348_y-56314_w-155_h-222__ds-1.png,c:\Users\chris\Desktop\University\Thesis\AutomaticMicrogliaMorphologyAnalysis\AnnotationsData\Segmentations\masks\2018-104_Iba1_Tp_B8_C.vsi - 20x_BF_01\MG_whole\ann-471__x-36348_y-56314_w-155_h-222__ds-1.png,MG_whole,2018-104_Iba1_Tp_B8_C.vsi - 20x_BF_01,good
1471,c:\Users\chris\Desktop\University\Thesis\AutomaticMicrogliaMorphologyAnalysis\AnnotationsData\Segmentations\images\2018-104_Iba1_Tp_B8_C.vsi - 20x_BF_01\MG_whole\ann-47__x-41752_y-33076_w-132_h-187__ds-1.png,c:\Users\chris\Desktop\University\Thesis\AutomaticMicrogliaMorphologyAnalysis\AnnotationsData\Segmentations\masks\2018-104_Iba1_Tp_B8_C.vsi - 20x_BF_01\MG_whole\ann-47__x-41752_y-33076_w-132_h-187__ds-1.png,MG_whole,2018-104_Iba1_Tp_B8_C.vsi - 20x_BF_01,good
1472,c:\Users\chris\Desktop\University\Thesis\AutomaticMicrogliaMorphologyAnalysis\AnnotationsData\Segmentations\images\2018-104_Iba1_Tp_B8_C.vsi - 20x_BF_01\MG_whole\ann-50__x-44085_y-33355_w-209_h-247__ds-1.png,c:\Users\chris\Desktop\University\Thesis\AutomaticMicrogliaMorphologyAnalysis\AnnotationsData\Segmentations\masks\2018-104_Iba1_Tp_B8_C.vsi - 20x_BF_01\MG_whole\ann-50__x-44085_y-33355_w-209_h-247__ds-1.png,MG_whole,2018-104_Iba1_Tp_B8_C.vsi - 20x_BF_01,medium
1473,c:\Users\chris\Desktop\University\Thesis\AutomaticMicrogliaMorphologyAnalysis\AnnotationsData\Segmentations\images\2018-104_Iba1_Tp_B8_C.vsi - 20x_BF_01\MG_whole\ann-51__x-43940_y-33622_w-167_h-157__ds-1.png,c:\Users\chris\Desktop\University\Thesis\AutomaticMicrogliaMorphologyAnalysis\AnnotationsData\Segmentations\masks\2018-104_Iba1_Tp_B8_C.vsi - 20x_BF_01\MG_whole\ann-51__x-43940_y-33622_w-167_h-157__ds-1.png,MG_whole,2018-104_Iba1_Tp_B8_C.vsi - 20x_BF_01,good
1474,c:\Users\chris\Desktop\University\Thesis\AutomaticMicrogliaMorphologyAnalysis\AnnotationsData\Segmentations\images\2018-104_Iba1_Tp_B8_C.vsi - 20x_BF_01\MG_whole\ann-53__x-43489_y-33756_w-185_h-215__ds-1.png,c:\Users\chris\Desktop\University\Thesis\AutomaticMicrogliaMorphologyAnalysis\AnnotationsData\Segmentations\masks\2018-104_Iba1_Tp_B8_C.vsi - 20x_BF_01\MG_whole\ann-53__x-43489_y-33756_w-185_h-215__ds-1.png,MG_whole,2018-104_Iba1_Tp_B8_C.vsi - 20x_BF_01,good
1475,c:\Users\chris\Desktop\University\Thesis\AutomaticMicrogliaMorphologyAnalysis\AnnotationsData\Segmentations\images\2018-104_Iba1_Tp_B8_C.vsi - 20x_BF_01\MG_whole\ann-55__x-43686_y-34190_w-149_h-195__ds-1.png,c:\Users\chris\Desktop\University\Thesis\AutomaticMicrogliaMorphologyAnalysis\AnnotationsData\Segmentations\masks\2018-104_Iba1_Tp_B8_C.vsi - 20x_BF_01\MG_whole\ann-55__x-43686_y-34190_w-149_h-195__ds-1.png,MG_whole,2018-104_Iba1_Tp_B8_C.vsi - 20x_BF_01,medium
1476,c:\Users\chris\Desktop\University\Thesis\AutomaticMicrogliaMorphologyAnalysis\AnnotationsData\Segmentations\images\2018-104_Iba1_Tp_B8_C.vsi - 20x_BF_01\MG_whole\ann-57__x-43116_y-33820_w-165_h-205__ds-1.png,c:\Users\chris\Desktop\University\Thesis\AutomaticMicrogliaMorphologyAnalysis\AnnotationsData\Segmentations\masks\2018-104_Iba1_Tp_B8_C.vsi - 20x_BF_01\MG_whole\ann-57__x-43116_y-33820_w-165_h-205__ds-1.png,MG_whole,2018-104_Iba1_Tp_B8_C.vsi - 20x_BF_01,good
1477,c:\Users\chris\Desktop\University\Thesis\AutomaticMicrogliaMorphologyAnalysis\AnnotationsData\Segmentations\images\2018-104_Iba1_Tp_B8_C.vsi - 20x_BF_01\MG_whole\ann-5__x-39471_y-27574_w-56_h-66__ds-1.png,c:\Users\chris\Desktop\University\Thesis\AutomaticMicrogliaMorphologyAnalysis\AnnotationsData\Segmentations\masks\2018-104_Iba1_Tp_B8_C.vsi - 20x_BF_01\MG_whole\ann-5__x-39471_y-27574_w-56_h-66__ds-1.png,MG_whole,2018-104_Iba1_Tp_B8_C.vsi - 20x_BF_01,good
1478,c:\Users\chris\Desktop\University\Thesis\AutomaticMicrogliaMorphologyAnalysis\AnnotationsData\Segmentations\images\2018-104_Iba1_Tp_B8_C.vsi - 20x_BF_01\MG_whole\ann-60__x-43847_y-35454_w-149_h-147__ds-1.png,c:\Users\chris\Desktop\University\Thesis\AutomaticMicrogliaMorphologyAnalysis\AnnotationsData\Segmentations\masks\2018-104_Iba1_Tp_B8_C.vsi - 20x_BF_01\MG_whole\ann-60__x-43847_y-35454_w-149_h-147__ds-1.png,MG_whole,2018-104_Iba1_Tp_B8_C.vsi - 20x_BF_01,medium
1479,c:\Users\chris\Desktop\University\Thesis\AutomaticMicrogliaMorphologyAnalysis\AnnotationsData\Segmentations\images\2018-104_Iba1_Tp_B8_C.vsi - 20x_BF_01\MG_whole\ann-61__x-43966_y-35491_w-121_h-134__ds-1.png,c:\Users\chris\Desktop\University\Thesis\AutomaticMicrogliaMorphologyAnalysis\AnnotationsData\Segmentations\masks\2018-104_Iba1_Tp_B8_C.vsi - 20x_BF_01\MG_whole\ann-61__x-43966_y-35491_w-121_h-134__ds-1.png,MG_whole,2018-104_Iba1_Tp_B8_C.vsi - 20x_BF_01,good
1480,c:\Users\chris\Desktop\University\Thesis\AutomaticMicrogliaMorphologyAnalysis\AnnotationsData\Segmentations\images\2018-104_Iba1_Tp_B8_C.vsi - 20x_BF_01\MG_whole\ann-63__x-44599_y-34538_w-121_h-96__ds-1.png,c:\Users\chris\Desktop\University\Thesis\AutomaticMicrogliaMorphologyAnalysis\AnnotationsData\Segmentations\masks\2018-104_Iba1_Tp_B8_C.vsi - 20x_BF_01\MG_whole\ann-63__x-44599_y-34538_w-121_h-96__ds-1.png,MG_whole,2018-104_Iba1_Tp_B8_C.vsi - 20x_BF_01,good
1481,c:\Users\chris\Desktop\University\Thesis\AutomaticMicrogliaMorphologyAnalysis\AnnotationsData\Segmentations\images\2018-104_Iba1_Tp_B8_C.vsi - 20x_BF_01\MG_whole\ann-65__x-44412_y-35568_w-127_h-157__ds-1.png,c:\Users\chris\Desktop\University\Thesis\AutomaticMicrogliaMorphologyAnalysis\AnnotationsData\Segmentations\masks\2018-104_Iba1_Tp_B8_C.vsi - 20x_BF_01\MG_whole\ann-65__x-44412_y-35568_w-127_h-157__ds-1.png,MG_whole,2018-104_Iba1_Tp_B8_C.vsi - 20x_BF_01,good
1482,c:\Users\chris\Desktop\University\Thesis\AutomaticMicrogliaMorphologyAnalysis\AnnotationsData\Segmentations\images\2018-104_Iba1_Tp_B8_C.vsi - 20x_BF_01\MG_whole\ann-6__x-39346_y-27570_w-133_h-135__ds-1.png,c:\Users\chris\Desktop\University\Thesis\AutomaticMicrogliaMorphologyAnalysis\AnnotationsData\Segmentations\masks\2018-104_Iba1_Tp_B8_C.vsi - 20x_BF_01\MG_whole\ann-6__x-39346_y-27570_w-133_h-135__ds-1.png,MG_whole,2018-104_Iba1_Tp_B8_C.vsi - 20x_BF_01,good
1483,c:\Users\chris\Desktop\University\Thesis\AutomaticMicrogliaMorphologyAnalysis\AnnotationsData\Segmentations\images\2018-104_Iba1_Tp_B8_C.vsi - 20x_BF_01\MG_whole\ann-70__x-45267_y-35281_w-123_h-176__ds-1.png,c:\Users\chris\Desktop\University\Thesis\AutomaticMicrogliaMorphologyAnalysis\AnnotationsData\Segmentations\masks\2018-104_Iba1_Tp_B8_C.vsi - 20x_BF_01\MG_whole\ann-70__x-45267_y-35281_w-123_h-176__ds-1.png,MG_whole,2018-104_Iba1_Tp_B8_C.vsi - 20x_BF_01,good
1484,c:\Users\chris\Desktop\University\Thesis\AutomaticMicrogliaMorphologyAnalysis\AnnotationsData\Segmentations\images\2018-104_Iba1_Tp_B8_C.vsi - 20x_BF_01\MG_whole\ann-71__x-45133_y-35598_w-142_h-187__ds-1.png,c:\Users\chris\Desktop\University\Thesis\AutomaticMicrogliaMorphologyAnalysis\AnnotationsData\Segmentations\masks\2018-104_Iba1_Tp_B8_C.vsi - 20x_BF_01\MG_whole\ann-71__x-45133_y-35598_w-142_h-187__ds-1.png,MG_whole,2018-104_Iba1_Tp_B8_C.vsi - 20x_BF_01,good
1485,c:\Users\chris\Desktop\University\Thesis\AutomaticMicrogliaMorphologyAnalysis\AnnotationsData\Segmentations\images\2018-104_Iba1_Tp_B8_C.vsi - 20x_BF_01\MG_whole\ann-72__x-45577_y-35588_w-81_h-72__ds-1.png,c:\Users\chris\Desktop\University\Thesis\AutomaticMicrogliaMorphologyAnalysis\AnnotationsData\Segmentations\masks\2018-104_Iba1_Tp_B8_C.vsi - 20x_BF_01\MG_whole\ann-72__x-45577_y-35588_w-81_h-72__ds-1.png,MG_whole,2018-104_Iba1_Tp_B8_C.vsi - 20x_BF_01,good
1486,c:\Users\chris\Desktop\University\Thesis\AutomaticMicrogliaMorphologyAnalysis\AnnotationsData\Segmentations\images\2018-104_Iba1_Tp_B8_C.vsi - 20x_BF_01\MG_whole\ann-73__x-45296_y-35682_w-97_h-194__ds-1.png,c:\Users\chris\Desktop\University\Thesis\AutomaticMicrogliaMorphologyAnalysis\AnnotationsData\Segmentations\masks\2018-104_Iba1_Tp_B8_C.vsi - 20x_BF_01\MG_whole\ann-73__x-45296_y-35682_w-97_h-194__ds-1.png,MG_whole,2018-104_Iba1_Tp_B8_C.vsi - 20x_BF_01,medium
1487,c:\Users\chris\Desktop\University\Thesis\AutomaticMicrogliaMorphologyAnalysis\AnnotationsData\Segmentations\images\2018-104_Iba1_Tp_B8_C.vsi - 20x_BF_01\MG_whole\ann-77__x-45820_y-34885_w-86_h-160__ds-1.png,c:\Users\chris\Desktop\University\Thesis\AutomaticMicrogliaMorphologyAnalysis\AnnotationsData\Segmentations\masks\2018-104_Iba1_Tp_B8_C.vsi - 20x_BF_01\MG_whole\ann-77__x-45820_y-34885_w-86_h-160__ds-1.png,MG_whole,2018-104_Iba1_Tp_B8_C.vsi - 20x_BF_01,medium
1488,c:\Users\chris\Desktop\University\Thesis\AutomaticMicrogliaMorphologyAnalysis\AnnotationsData\Segmentations\images\2018-104_Iba1_Tp_B8_C.vsi - 20x_BF_01\MG_whole\ann-78__x-45686_y-35064_w-101_h-207__ds-1.png,c:\Users\chris\Desktop\University\Thesis\AutomaticMicrogliaMorphologyAnalysis\AnnotationsData\Segmentations\masks\2018-104_Iba1_Tp_B8_C.vsi - 20x_BF_01\MG_whole\ann-78__x-45686_y-35064_w-101_h-207__ds-1.png,MG_whole,2018-104_Iba1_Tp_B8_C.vsi - 20x_BF_01,good
1489,c:\Users\chris\Desktop\University\Thesis\AutomaticMicrogliaMorphologyAnalysis\AnnotationsData\Segmentations\images\2018-104_Iba1_Tp_B8_C.vsi - 20x_BF_01\MG_whole\ann-79__x-45968_y-35223_w-160_h-125__ds-1.png,c:\Users\chris\Desktop\University\Thesis\AutomaticMicrogliaMorphologyAnalysis\AnnotationsData\Segmentations\masks\2018-104_Iba1_Tp_B8_C.vsi - 20x_BF_01\MG_whole\ann-79__x-45968_y-35223_w-160_h-125__ds-1.png,MG_whole,2018-104_Iba1_Tp_B8_C.vsi - 20x_BF_01,medium
1490,c:\Users\chris\Desktop\University\Thesis\AutomaticMicrogliaMorphologyAnalysis\AnnotationsData\Segmentations\images\2018-104_Iba1_Tp_B8_C.vsi - 20x_BF_01\MG_whole\ann-7__x-39303_y-27504_w-137_h-132__ds-1.png,c:\Users\chris\Desktop\University\Thesis\AutomaticMicrogliaMorphologyAnalysis\AnnotationsData\Segmentations\masks\2018-104_Iba1_Tp_B8_C.vsi - 20x_BF_01\MG_whole\ann-7__x-39303_y-27504_w-137_h-132__ds-1.png,MG_whole,2018-104_Iba1_Tp_B8_C.vsi - 20x_BF_01,good
1491,c:\Users\chris\Desktop\University\Thesis\AutomaticMicrogliaMorphologyAnalysis\AnnotationsData\Segmentations\images\2018-104_Iba1_Tp_B8_C.vsi - 20x_BF_01\MG_whole\ann-83__x-45387_y-34995_w-79_h-163__ds-1.png,c:\Users\chris\Desktop\University\Thesis\AutomaticMicrogliaMorphologyAnalysis\AnnotationsData\Segmentations\masks\2018-104_Iba1_Tp_B8_C.vsi - 20x_BF_01\MG_whole\ann-83__x-45387_y-34995_w-79_h-163__ds-1.png,MG_whole,2018-104_Iba1_Tp_B8_C.vsi - 20x_BF_01,good
1492,c:\Users\chris\Desktop\University\Thesis\AutomaticMicrogliaMorphologyAnalysis\AnnotationsData\Segmentations\images\2018-104_Iba1_Tp_B8_C.vsi - 20x_BF_01\MG_whole\ann-84__x-45545_y-35151_w-100_h-96__ds-1.png,c:\Users\chris\Desktop\University\Thesis\AutomaticMicrogliaMorphologyAnalysis\AnnotationsData\Segmentations\masks\2018-104_Iba1_Tp_B8_C.vsi - 20x_BF_01\MG_whole\ann-84__x-45545_y-35151_w-100_h-96__ds-1.png,MG_whole,2018-104_Iba1_Tp_B8_C.vsi - 20x_BF_01,good
1493,c:\Users\chris\Desktop\University\Thesis\AutomaticMicrogliaMorphologyAnalysis\AnnotationsData\Segmentations\images\2018-104_Iba1_Tp_B8_C.vsi - 20x_BF_01\MG_whole\ann-85__x-45545_y-35240_w-84_h-127__ds-1.png,c:\Users\chris\Desktop\University\Thesis\AutomaticMicrogliaMorphologyAnalysis\AnnotationsData\Segmentations\masks\2018-104_Iba1_Tp_B8_C.vsi - 20x_BF_01\MG_whole\ann-85__x-45545_y-35240_w-84_h-127__ds-1.png,MG_whole,2018-104_Iba1_Tp_B8_C.vsi - 20x_BF_01,good
1494,c:\Users\chris\Desktop\University\Thesis\AutomaticMicrogliaMorphologyAnalysis\AnnotationsData\Segmentations\images\2018-104_Iba1_Tp_B8_C.vsi - 20x_BF_01\MG_whole\ann-87__x-46170_y-34389_w-157_h-121__ds-1.png,c:\Users\chris\Desktop\University\Thesis\AutomaticMicrogliaMorphologyAnalysis\AnnotationsData\Segmentations\masks\2018-104_Iba1_Tp_B8_C.vsi - 20x_BF_01\MG_whole\ann-87__x-46170_y-34389_w-157_h-121__ds-1.png,MG_whole,2018-104_Iba1_Tp_B8_C.vsi - 20x_BF_01,medium
1495,c:\Users\chris\Desktop\University\Thesis\AutomaticMicrogliaMorphologyAnalysis\AnnotationsData\Segmentations\images\2018-104_Iba1_Tp_B8_C.vsi - 20x_BF_01\MG_whole\ann-89__x-46414_y-34041_w-161_h-199__ds-1.png,c:\Users\chris\Desktop\University\Thesis\AutomaticMicrogliaMorphologyAnalysis\AnnotationsData\Segmentations\masks\2018-104_Iba1_Tp_B8_C.vsi - 20x_BF_01\MG_whole\ann-89__x-46414_y-34041_w-161_h-199__ds-1.png,MG_whole,2018-104_Iba1_Tp_B8_C.vsi - 20x_BF_01,good
1496,c:\Users\chris\Desktop\University\Thesis\AutomaticMicrogliaMorphologyAnalysis\AnnotationsData\Segmentations\images\2018-104_Iba1_Tp_B8_C.vsi - 20x_BF_01\MG_whole\ann-8__x-39181_y-27648_w-105_h-114__ds-1.png,c:\Users\chris\Desktop\University\Thesis\AutomaticMicrogliaMorphologyAnalysis\AnnotationsData\Segmentations\masks\2018-104_Iba1_Tp_B8_C.vsi - 20x_BF_01\MG_whole\ann-8__x-39181_y-27648_w-105_h-114__ds-1.png,MG_whole,2018-104_Iba1_Tp_B8_C.vsi - 20x_BF_01,medium
1497,c:\Users\chris\Desktop\University\Thesis\AutomaticMicrogliaMorphologyAnalysis\AnnotationsData\Segmentations\images\2018-104_Iba1_Tp_B8_C.vsi - 20x_BF_01\MG_whole\ann-92__x-48156_y-34993_w-111_h-242__ds-1.png,c:\Users\chris\Desktop\University\Thesis\AutomaticMicrogliaMorphologyAnalysis\AnnotationsData\Segmentations\masks\2018-104_Iba1_Tp_B8_C.vsi - 20x_BF_01\MG_whole\ann-92__x-48156_y-34993_w-111_h-242__ds-1.png,MG_whole,2018-104_Iba1_Tp_B8_C.vsi - 20x_BF_01,medium
1498,c:\Users\chris\Desktop\University\Thesis\AutomaticMicrogliaMorphologyAnalysis\AnnotationsData\Segmentations\images\2018-104_Iba1_Tp_B8_C.vsi - 20x_BF_01\MG_whole\ann-93__x-48394_y-34959_w-122_h-90__ds-1.png,c:\Users\chris\Desktop\University\Thesis\AutomaticMicrogliaMorphologyAnalysis\AnnotationsData\Segmentations\masks\2018-104_Iba1_Tp_B8_C.vsi - 20x_BF_01\MG_whole\ann-93__x-48394_y-34959_w-122_h-90__ds-1.png,MG_whole,2018-104_Iba1_Tp_B8_C.vsi - 20x_BF_01,good
1499,c:\Users\chris\Desktop\University\Thesis\AutomaticMicrogliaMorphologyAnalysis\AnnotationsData\Segmentations\images\2018-104_Iba1_Tp_B8_C.vsi - 20x_BF_01\MG_whole\ann-95__x-47268_y-35236_w-196_h-224__ds-1.png,c:\Users\chris\Desktop\University\Thesis\AutomaticMicrogliaMorphologyAnalysis\AnnotationsData\Segmentations\masks\2018-104_Iba1_Tp_B8_C.vsi - 20x_BF_01\MG_whole\ann-95__x-47268_y-35236_w-196_h-224__ds-1.png,MG_whole,2018-104_Iba1_Tp_B8_C.vsi - 20x_BF_01,good
1500,c:\Users\chris\Desktop\University\Thesis\AutomaticMicrogliaMorphologyAnalysis\AnnotationsData\Segmentations\images\2018-104_Iba1_Tp_B8_C.vsi - 20x_BF_01\MG_whole\ann-97__x-47767_y-35527_w-112_h-106__ds-1.png,c:\Users\chris\Desktop\University\Thesis\AutomaticMicrogliaMorphologyAnalysis\AnnotationsData\Segmentations\masks\2018-104_Iba1_Tp_B8_C.vsi - 20x_BF_01\MG_whole\ann-97__x-47767_y-35527_w-112_h-106__ds-1.png,MG_whole,2018-104_Iba1_Tp_B8_C.vsi - 20x_BF_01,good
1501,c:\Users\chris\Desktop\University\Thesis\AutomaticMicrogliaMorphologyAnalysis\AnnotationsData\Segmentations\images\2018-104_Iba1_Tp_B8_C.vsi - 20x_BF_01\MG_whole\ann-99__x-47922_y-35286_w-87_h-228__ds-1.png,c:\Users\chris\Desktop\University\Thesis\AutomaticMicrogliaMorphologyAnalysis\AnnotationsData\Segmentations\masks\2018-104_Iba1_Tp_B8_C.vsi - 20x_BF_01\MG_whole\ann-99__x-47922_y-35286_w-87_h-228__ds-1.png,MG_whole,2018-104_Iba1_Tp_B8_C.vsi - 20x_BF_01,good
1502,c:\Users\chris\Desktop\University\Thesis\AutomaticMicrogliaMorphologyAnalysis\AnnotationsData\Segmentations\images\2018-104_Iba1_Tp_B8_C.vsi - 20x_BF_01\MG_whole\ann-9__x-39304_y-27361_w-147_h-146__ds-1.png,c:\Users\chris\Desktop\University\Thesis\AutomaticMicrogliaMorphologyAnalysis\AnnotationsData\Segmentations\masks\2018-104_Iba1_Tp_B8_C.vsi - 20x_BF_01\MG_whole\ann-9__x-39304_y-27361_w-147_h-146__ds-1.png,MG_whole,2018-104_Iba1_Tp_B8_C.vsi - 20x_BF_01,good
1559,c:\Users\chris\Desktop\University\Thesis\AutomaticMicrogliaMorphologyAnalysis\AnnotationsData\Segmentations\images\Image_2014-037_Temporal pole_Iba1_Batch 4.vsi - 20x_BF_01\MG_whole\ann-101__x-31667_y-13236_w-141_h-140__ds-1.png,c:\Users\chris\Desktop\University\Thesis\AutomaticMicrogliaMorphologyAnalysis\AnnotationsData\Segmentations\masks\Image_2014-037_Temporal pole_Iba1_Batch 4.vsi - 20x_BF_01\MG_whole\ann-101__x-31667_y-13236_w-141_h-140__ds-1.png,MG_whole,Image_2014-037_Temporal pole_Iba1_Batch 4.vsi - 20x_BF_01,good
1560,c:\Users\chris\Desktop\University\Thesis\AutomaticMicrogliaMorphologyAnalysis\AnnotationsData\Segmentations\images\Image_2014-037_Temporal pole_Iba1_Batch 4.vsi - 20x_BF_01\MG_whole\ann-102__x-31684_y-12936_w-169_h-116__ds-1.png,c:\Users\chris\Desktop\University\Thesis\AutomaticMicrogliaMorphologyAnalysis\AnnotationsData\Segmentations\masks\Image_2014-037_Temporal pole_Iba1_Batch 4.vsi - 20x_BF_01\MG_whole\ann-102__x-31684_y-12936_w-169_h-116__ds-1.png,MG_whole,Image_2014-037_Temporal pole_Iba1_Batch 4.vsi - 20x_BF_01,medium
1561,c:\Users\chris\Desktop\University\Thesis\AutomaticMicrogliaMorphologyAnalysis\AnnotationsData\Segmentations\images\Image_2014-037_Temporal pole_Iba1_Batch 4.vsi - 20x_BF_01\MG_whole\ann-104__x-24220_y-16794_w-248_h-206__ds-1.png,c:\Users\chris\Desktop\University\Thesis\AutomaticMicrogliaMorphologyAnalysis\AnnotationsData\Segmentations\masks\Image_2014-037_Temporal pole_Iba1_Batch 4.vsi - 20x_BF_01\MG_whole\ann-104__x-24220_y-16794_w-248_h-206__ds-1.png,MG_whole,Image_2014-037_Temporal pole_Iba1_Batch 4.vsi - 20x_BF_01,good
1562,c:\Users\chris\Desktop\University\Thesis\AutomaticMicrogliaMorphologyAnalysis\AnnotationsData\Segmentations\images\Image_2014-037_Temporal pole_Iba1_Batch 4.vsi - 20x_BF_01\MG_whole\ann-10__x-46535_y-14403_w-129_h-184__ds-1.png,c:\Users\chris\Desktop\University\Thesis\AutomaticMicrogliaMorphologyAnalysis\AnnotationsData\Segmentations\masks\Image_2014-037_Temporal pole_Iba1_Batch 4.vsi - 20x_BF_01\MG_whole\ann-10__x-46535_y-14403_w-129_h-184__ds-1.png,MG_whole,Image_2014-037_Temporal pole_Iba1_Batch 4.vsi - 20x_BF_01,good
1563,c:\Users\chris\Desktop\University\Thesis\AutomaticMicrogliaMorphologyAnalysis\AnnotationsData\Segmentations\images\Image_2014-037_Temporal pole_Iba1_Batch 4.vsi - 20x_BF_01\MG_whole\ann-15__x-45967_y-13371_w-119_h-253__ds-1.png,c:\Users\chris\Desktop\University\Thesis\AutomaticMicrogliaMorphologyAnalysis\AnnotationsData\Segmentations\masks\Image_2014-037_Temporal pole_Iba1_Batch 4.vsi - 20x_BF_01\MG_whole\ann-15__x-45967_y-13371_w-119_h-253__ds-1.png,MG_whole,Image_2014-037_Temporal pole_Iba1_Batch 4.vsi - 20x_BF_01,good
1564,c:\Users\chris\Desktop\University\Thesis\AutomaticMicrogliaMorphologyAnalysis\AnnotationsData\Segmentations\images\Image_2014-037_Temporal pole_Iba1_Batch 4.vsi - 20x_BF_01\MG_whole\ann-16__x-45973_y-13654_w-146_h-147__ds-1.png,c:\Users\chris\Desktop\University\Thesis\AutomaticMicrogliaMorphologyAnalysis\AnnotationsData\Segmentations\masks\Image_2014-037_Temporal pole_Iba1_Batch 4.vsi - 20x_BF_01\MG_whole\ann-16__x-45973_y-13654_w-146_h-147__ds-1.png,MG_whole,Image_2014-037_Temporal pole_Iba1_Batch 4.vsi - 20x_BF_01,good
1565,c:\Users\chris\Desktop\University\Thesis\AutomaticMicrogliaMorphologyAnalysis\AnnotationsData\Segmentations\images\Image_2014-037_Temporal pole_Iba1_Batch 4.vsi - 20x_BF_01\MG_whole\ann-17__x-46418_y-13721_w-47_h-120__ds-1.png,c:\Users\chris\Desktop\University\Thesis\AutomaticMicrogliaMorphologyAnalysis\AnnotationsData\Segmentations\masks\Image_2014-037_Temporal pole_Iba1_Batch 4.vsi - 20x_BF_01\MG_whole\ann-17__x-46418_y-13721_w-47_h-120__ds-1.png,MG_whole,Image_2014-037_Temporal pole_Iba1_Batch 4.vsi - 20x_BF_01,good
1566,c:\Users\chris\Desktop\University\Thesis\AutomaticMicrogliaMorphologyAnalysis\AnnotationsData\Segmentations\images\Image_2014-037_Temporal pole_Iba1_Batch 4.vsi - 20x_BF_01\MG_whole\ann-18__x-46460_y-13332_w-155_h-175__ds-1.png,c:\Users\chris\Desktop\University\Thesis\AutomaticMicrogliaMorphologyAnalysis\AnnotationsData\Segmentations\masks\Image_2014-037_Temporal pole_Iba1_Batch 4.vsi - 20x_BF_01\MG_whole\ann-18__x-46460_y-13332_w-155_h-175__ds-1.png,MG_whole,Image_2014-037_Temporal pole_Iba1_Batch 4.vsi - 20x_BF_01,good
1567,c:\Users\chris\Desktop\University\Thesis\AutomaticMicrogliaMorphologyAnalysis\AnnotationsData\Segmentations\images\Image_2014-037_Temporal pole_Iba1_Batch 4.vsi - 20x_BF_01\MG_whole\ann-1__x-47998_y-12740_w-136_h-195__ds-1.png,c:\Users\chris\Desktop\University\Thesis\AutomaticMicrogliaMorphologyAnalysis\AnnotationsData\Segmentations\masks\Image_2014-037_Temporal pole_Iba1_Batch 4.vsi - 20x_BF_01\MG_whole\ann-1__x-47998_y-12740_w-136_h-195__ds-1.png,MG_whole,Image_2014-037_Temporal pole_Iba1_Batch 4.vsi - 20x_BF_01,good
1568,c:\Users\chris\Desktop\University\Thesis\AutomaticMicrogliaMorphologyAnalysis\AnnotationsData\Segmentations\images\Image_2014-037_Temporal pole_Iba1_Batch 4.vsi - 20x_BF_01\MG_whole\ann-20__x-47081_y-14947_w-137_h-206__ds-1.png,c:\Users\chris\Desktop\University\Thesis\AutomaticMicrogliaMorphologyAnalysis\AnnotationsData\Segmentations\masks\Image_2014-037_Temporal pole_Iba1_Batch 4.vsi - 20x_BF_01\MG_whole\ann-20__x-47081_y-14947_w-137_h-206__ds-1.png,MG_whole,Image_2014-037_Temporal pole_Iba1_Batch 4.vsi - 20x_BF_01,good
1569,c:\Users\chris\Desktop\University\Thesis\AutomaticMicrogliaMorphologyAnalysis\AnnotationsData\Segmentations\images\Image_2014-037_Temporal pole_Iba1_Batch 4.vsi - 20x_BF_01\MG_whole\ann-22__x-45830_y-15681_w-120_h-126__ds-1.png,c:\Users\chris\Desktop\University\Thesis\AutomaticMicrogliaMorphologyAnalysis\AnnotationsData\Segmentations\masks\Image_2014-037_Temporal pole_Iba1_Batch 4.vsi - 20x_BF_01\MG_whole\ann-22__x-45830_y-15681_w-120_h-126__ds-1.png,MG_whole,Image_2014-037_Temporal pole_Iba1_Batch 4.vsi - 20x_BF_01,good
1570,c:\Users\chris\Desktop\University\Thesis\AutomaticMicrogliaMorphologyAnalysis\AnnotationsData\Segmentations\images\Image_2014-037_Temporal pole_Iba1_Batch 4.vsi - 20x_BF_01\MG_whole\ann-24__x-52624_y-13164_w-165_h-206__ds-1.png,c:\Users\chris\Desktop\University\Thesis\AutomaticMicrogliaMorphologyAnalysis\AnnotationsData\Segmentations\masks\Image_2014-037_Temporal pole_Iba1_Batch 4.vsi - 20x_BF_01\MG_whole\ann-24__x-52624_y-13164_w-165_h-206__ds-1.png,MG_whole,Image_2014-037_Temporal pole_Iba1_Batch 4.vsi - 20x_BF_01,medium
1571,c:\Users\chris\Desktop\University\Thesis\AutomaticMicrogliaMorphologyAnalysis\AnnotationsData\Segmentations\images\Image_2014-037_Temporal pole_Iba1_Batch 4.vsi - 20x_BF_01\MG_whole\ann-28__x-54976_y-13586_w-132_h-132__ds-1.png,c:\Users\chris\Desktop\University\Thesis\AutomaticMicrogliaMorphologyAnalysis\AnnotationsData\Segmentations\masks\Image_2014-037_Temporal pole_Iba1_Batch 4.vsi - 20x_BF_01\MG_whole\ann-28__x-54976_y-13586_w-132_h-132__ds-1.png,MG_whole,Image_2014-037_Temporal pole_Iba1_Batch 4.vsi - 20x_BF_01,good
1572,c:\Users\chris\Desktop\University\Thesis\AutomaticMicrogliaMorphologyAnalysis\AnnotationsData\Segmentations\images\Image_2014-037_Temporal pole_Iba1_Batch 4.vsi - 20x_BF_01\MG_whole\ann-29__x-55006_y-13872_w-102_h-140__ds-1.png,c:\Users\chris\Desktop\University\Thesis\AutomaticMicrogliaMorphologyAnalysis\AnnotationsData\Segmentations\masks\Image_2014-037_Temporal pole_Iba1_Batch 4.vsi - 20x_BF_01\MG_whole\ann-29__x-55006_y-13872_w-102_h-140__ds-1.png,MG_whole,Image_2014-037_Temporal pole_Iba1_Batch 4.vsi - 20x_BF_01,good
1573,c:\Users\chris\Desktop\University\Thesis\AutomaticMicrogliaMorphologyAnalysis\AnnotationsData\Segmentations\images\Image_2014-037_Temporal pole_Iba1_Batch 4.vsi - 20x_BF_01\MG_whole\ann-30__x-55386_y-13689_w-102_h-119__ds-1.png,c:\Users\chris\Desktop\University\Thesis\AutomaticMicrogliaMorphologyAnalysis\AnnotationsData\Segmentations\masks\Image_2014-037_Temporal pole_Iba1_Batch 4.vsi - 20x_BF_01\MG_whole\ann-30__x-55386_y-13689_w-102_h-119__ds-1.png,MG_whole,Image_2014-037_Temporal pole_Iba1_Batch 4.vsi - 20x_BF_01,good
1574,c:\Users\chris\Desktop\University\Thesis\AutomaticMicrogliaMorphologyAnalysis\AnnotationsData\Segmentations\images\Image_2014-037_Temporal pole_Iba1_Batch 4.vsi - 20x_BF_01\MG_whole\ann-32__x-63444_y-17828_w-134_h-203__ds-1.png,c:\Users\chris\Desktop\University\Thesis\AutomaticMicrogliaMorphologyAnalysis\AnnotationsData\Segmentations\masks\Image_2014-037_Temporal pole_Iba1_Batch 4.vsi - 20x_BF_01\MG_whole\ann-32__x-63444_y-17828_w-134_h-203__ds-1.png,MG_whole,Image_2014-037_Temporal pole_Iba1_Batch 4.vsi - 20x_BF_01,good
1575,c:\Users\chris\Desktop\University\Thesis\AutomaticMicrogliaMorphologyAnalysis\AnnotationsData\Segmentations\images\Image_2014-037_Temporal pole_Iba1_Batch 4.vsi - 20x_BF_01\MG_whole\ann-34__x-50990_y-13039_w-176_h-136__ds-1.png,c:\Users\chris\Desktop\University\Thesis\AutomaticMicrogliaMorphologyAnalysis\AnnotationsData\Segmentations\masks\Image_2014-037_Temporal pole_Iba1_Batch 4.vsi - 20x_BF_01\MG_whole\ann-34__x-50990_y-13039_w-176_h-136__ds-1.png,MG_whole,Image_2014-037_Temporal pole_Iba1_Batch 4.vsi - 20x_BF_01,good
1576,c:\Users\chris\Desktop\University\Thesis\AutomaticMicrogliaMorphologyAnalysis\AnnotationsData\Segmentations\images\Image_2014-037_Temporal pole_Iba1_Batch 4.vsi - 20x_BF_01\MG_whole\ann-36__x-49698_y-14654_w-100_h-224__ds-1.png,c:\Users\chris\Desktop\University\Thesis\AutomaticMicrogliaMorphologyAnalysis\AnnotationsData\Segmentations\masks\Image_2014-037_Temporal pole_Iba1_Batch 4.vsi - 20x_BF_01\MG_whole\ann-36__x-49698_y-14654_w-100_h-224__ds-1.png,MG_whole,Image_2014-037_Temporal pole_Iba1_Batch 4.vsi - 20x_BF_01,good
1577,c:\Users\chris\Desktop\University\Thesis\AutomaticMicrogliaMorphologyAnalysis\AnnotationsData\Segmentations\images\Image_2014-037_Temporal pole_Iba1_Batch 4.vsi - 20x_BF_01\MG_whole\ann-38__x-48793_y-12938_w-135_h-205__ds-1.png,c:\Users\chris\Desktop\University\Thesis\AutomaticMicrogliaMorphologyAnalysis\AnnotationsData\Segmentations\masks\Image_2014-037_Temporal pole_Iba1_Batch 4.vsi - 20x_BF_01\MG_whole\ann-38__x-48793_y-12938_w-135_h-205__ds-1.png,MG_whole,Image_2014-037_Temporal pole_Iba1_Batch 4.vsi - 20x_BF_01,good
1578,c:\Users\chris\Desktop\University\Thesis\AutomaticMicrogliaMorphologyAnalysis\AnnotationsData\Segmentations\images\Image_2014-037_Temporal pole_Iba1_Batch 4.vsi - 20x_BF_01\MG_whole\ann-3__x-48468_y-14241_w-94_h-169__ds-1.png,c:\Users\chris\Desktop\University\Thesis\AutomaticMicrogliaMorphologyAnalysis\AnnotationsData\Segmentations\masks\Image_2014-037_Temporal pole_Iba1_Batch 4.vsi - 20x_BF_01\MG_whole\ann-3__x-48468_y-14241_w-94_h-169__ds-1.png,MG_whole,Image_2014-037_Temporal pole_Iba1_Batch 4.vsi - 20x_BF_01,medium
1579,c:\Users\chris\Desktop\University\Thesis\AutomaticMicrogliaMorphologyAnalysis\AnnotationsData\Segmentations\images\Image_2014-037_Temporal pole_Iba1_Batch 4.vsi - 20x_BF_01\MG_whole\ann-41__x-48146_y-12763_w-89_h-128__ds-1.png,c:\Users\chris\Desktop\University\Thesis\AutomaticMicrogliaMorphologyAnalysis\AnnotationsData\Segmentations\masks\Image_2014-037_Temporal pole_Iba1_Batch 4.vsi - 20x_BF_01\MG_whole\ann-41__x-48146_y-12763_w-89_h-128__ds-1.png,MG_whole,Image_2014-037_Temporal pole_Iba1_Batch 4.vsi - 20x_BF_01,good
1580,c:\Users\chris\Desktop\University\Thesis\AutomaticMicrogliaMorphologyAnalysis\AnnotationsData\Segmentations\images\Image_2014-037_Temporal pole_Iba1_Batch 4.vsi - 20x_BF_01\MG_whole\ann-42__x-48260_y-12810_w-157_h-211__ds-1.png,c:\Users\chris\Desktop\University\Thesis\AutomaticMicrogliaMorphologyAnalysis\AnnotationsData\Segmentations\masks\Image_2014-037_Temporal pole_Iba1_Batch 4.vsi - 20x_BF_01\MG_whole\ann-42__x-48260_y-12810_w-157_h-211__ds-1.png,MG_whole,Image_2014-037_Temporal pole_Iba1_Batch 4.vsi - 20x_BF_01,good
1581,c:\Users\chris\Desktop\University\Thesis\AutomaticMicrogliaMorphologyAnalysis\AnnotationsData\Segmentations\images\Image_2014-037_Temporal pole_Iba1_Batch 4.vsi - 20x_BF_01\MG_whole\ann-46__x-39922_y-15415_w-123_h-249__ds-1.png,c:\Users\chris\Desktop\University\Thesis\AutomaticMicrogliaMorphologyAnalysis\AnnotationsData\Segmentations\masks\Image_2014-037_Temporal pole_Iba1_Batch 4.vsi - 20x_BF_01\MG_whole\ann-46__x-39922_y-15415_w-123_h-249__ds-1.png,MG_whole,Image_2014-037_Temporal pole_Iba1_Batch 4.vsi - 20x_BF_01,good
1582,c:\Users\chris\Desktop\University\Thesis\AutomaticMicrogliaMorphologyAnalysis\AnnotationsData\Segmentations\images\Image_2014-037_Temporal pole_Iba1_Batch 4.vsi - 20x_BF_01\MG_whole\ann-48__x-40925_y-15601_w-185_h-158__ds-1.png,c:\Users\chris\Desktop\University\Thesis\AutomaticMicrogliaMorphologyAnalysis\AnnotationsData\Segmentations\masks\Image_2014-037_Temporal pole_Iba1_Batch 4.vsi - 20x_BF_01\MG_whole\ann-48__x-40925_y-15601_w-185_h-158__ds-1.png,MG_whole,Image_2014-037_Temporal pole_Iba1_Batch 4.vsi - 20x_BF_01,good
1583,c:\Users\chris\Desktop\University\Thesis\AutomaticMicrogliaMorphologyAnalysis\AnnotationsData\Segmentations\images\Image_2014-037_Temporal pole_Iba1_Batch 4.vsi - 20x_BF_01\MG_whole\ann-50__x-41135_y-15566_w-78_h-102__ds-1.png,c:\Users\chris\Desktop\University\Thesis\AutomaticMicrogliaMorphologyAnalysis\AnnotationsData\Segmentations\masks\Image_2014-037_Temporal pole_Iba1_Batch 4.vsi - 20x_BF_01\MG_whole\ann-50__x-41135_y-15566_w-78_h-102__ds-1.png,MG_whole,Image_2014-037_Temporal pole_Iba1_Batch 4.vsi - 20x_BF_01,medium
1584,c:\Users\chris\Desktop\University\Thesis\AutomaticMicrogliaMorphologyAnalysis\AnnotationsData\Segmentations\images\Image_2014-037_Temporal pole_Iba1_Batch 4.vsi - 20x_BF_01\MG_whole\ann-52__x-41253_y-14810_w-138_h-122__ds-1.png,c:\Users\chris\Desktop\University\Thesis\AutomaticMicrogliaMorphologyAnalysis\AnnotationsData\Segmentations\masks\Image_2014-037_Temporal pole_Iba1_Batch 4.vsi - 20x_BF_01\MG_whole\ann-52__x-41253_y-14810_w-138_h-122__ds-1.png,MG_whole,Image_2014-037_Temporal pole_Iba1_Batch 4.vsi - 20x_BF_01,good
1585,c:\Users\chris\Desktop\University\Thesis\AutomaticMicrogliaMorphologyAnalysis\AnnotationsData\Segmentations\images\Image_2014-037_Temporal pole_Iba1_Batch 4.vsi - 20x_BF_01\MG_whole\ann-54__x-41155_y-14806_w-64_h-74__ds-1.png,c:\Users\chris\Desktop\University\Thesis\AutomaticMicrogliaMorphologyAnalysis\AnnotationsData\Segmentations\masks\Image_2014-037_Temporal pole_Iba1_Batch 4.vsi - 20x_BF_01\MG_whole\ann-54__x-41155_y-14806_w-64_h-74__ds-1.png,MG_whole,Image_2014-037_Temporal pole_Iba1_Batch 4.vsi - 20x_BF_01,good
1586,c:\Users\chris\Desktop\University\Thesis\AutomaticMicrogliaMorphologyAnalysis\AnnotationsData\Segmentations\images\Image_2014-037_Temporal pole_Iba1_Batch 4.vsi - 20x_BF_01\MG_whole\ann-56__x-39634_y-16725_w-194_h-183__ds-1.png,c:\Users\chris\Desktop\University\Thesis\AutomaticMicrogliaMorphologyAnalysis\AnnotationsData\Segmentations\masks\Image_2014-037_Temporal pole_Iba1_Batch 4.vsi - 20x_BF_01\MG_whole\ann-56__x-39634_y-16725_w-194_h-183__ds-1.png,MG_whole,Image_2014-037_Temporal pole_Iba1_Batch 4.vsi - 20x_BF_01,medium
1587,c:\Users\chris\Desktop\University\Thesis\AutomaticMicrogliaMorphologyAnalysis\AnnotationsData\Segmentations\images\Image_2014-037_Temporal pole_Iba1_Batch 4.vsi - 20x_BF_01\MG_whole\ann-58__x-40702_y-16780_w-203_h-138__ds-1.png,c:\Users\chris\Desktop\University\Thesis\AutomaticMicrogliaMorphologyAnalysis\AnnotationsData\Segmentations\masks\Image_2014-037_Temporal pole_Iba1_Batch 4.vsi - 20x_BF_01\MG_whole\ann-58__x-40702_y-16780_w-203_h-138__ds-1.png,MG_whole,Image_2014-037_Temporal pole_Iba1_Batch 4.vsi - 20x_BF_01,good
1588,c:\Users\chris\Desktop\University\Thesis\AutomaticMicrogliaMorphologyAnalysis\AnnotationsData\Segmentations\images\Image_2014-037_Temporal pole_Iba1_Batch 4.vsi - 20x_BF_01\MG_whole\ann-60__x-51553_y-13900_w-134_h-308__ds-1.png,c:\Users\chris\Desktop\University\Thesis\AutomaticMicrogliaMorphologyAnalysis\AnnotationsData\Segmentations\masks\Image_2014-037_Temporal pole_Iba1_Batch 4.vsi - 20x_BF_01\MG_whole\ann-60__x-51553_y-13900_w-134_h-308__ds-1.png,MG_whole,Image_2014-037_Temporal pole_Iba1_Batch 4.vsi - 20x_BF_01,good
1589,c:\Users\chris\Desktop\University\Thesis\AutomaticMicrogliaMorphologyAnalysis\AnnotationsData\Segmentations\images\Image_2014-037_Temporal pole_Iba1_Batch 4.vsi - 20x_BF_01\MG_whole\ann-62__x-52495_y-12713_w-157_h-129__ds-1.png,c:\Users\chris\Desktop\University\Thesis\AutomaticMicrogliaMorphologyAnalysis\AnnotationsData\Segmentations\masks\Image_2014-037_Temporal pole_Iba1_Batch 4.vsi - 20x_BF_01\MG_whole\ann-62__x-52495_y-12713_w-157_h-129__ds-1.png,MG_whole,Image_2014-037_Temporal pole_Iba1_Batch 4.vsi - 20x_BF_01,good
1590,c:\Users\chris\Desktop\University\Thesis\AutomaticMicrogliaMorphologyAnalysis\AnnotationsData\Segmentations\images\Image_2014-037_Temporal pole_Iba1_Batch 4.vsi - 20x_BF_01\MG_whole\ann-64__x-53102_y-13501_w-197_h-280__ds-1.png,c:\Users\chris\Desktop\University\Thesis\AutomaticMicrogliaMorphologyAnalysis\AnnotationsData\Segmentations\masks\Image_2014-037_Temporal pole_Iba1_Batch 4.vsi - 20x_BF_01\MG_whole\ann-64__x-53102_y-13501_w-197_h-280__ds-1.png,MG_whole,Image_2014-037_Temporal pole_Iba1_Batch 4.vsi - 20x_BF_01,good
1591,c:\Users\chris\Desktop\University\Thesis\AutomaticMicrogliaMorphologyAnalysis\AnnotationsData\Segmentations\images\Image_2014-037_Temporal pole_Iba1_Batch 4.vsi - 20x_BF_01\MG_whole\ann-66__x-53548_y-14691_w-116_h-159__ds-1.png,c:\Users\chris\Desktop\University\Thesis\AutomaticMicrogliaMorphologyAnalysis\AnnotationsData\Segmentations\masks\Image_2014-037_Temporal pole_Iba1_Batch 4.vsi - 20x_BF_01\MG_whole\ann-66__x-53548_y-14691_w-116_h-159__ds-1.png,MG_whole,Image_2014-037_Temporal pole_Iba1_Batch 4.vsi - 20x_BF_01,good
1592,c:\Users\chris\Desktop\University\Thesis\AutomaticMicrogliaMorphologyAnalysis\AnnotationsData\Segmentations\images\Image_2014-037_Temporal pole_Iba1_Batch 4.vsi - 20x_BF_01\MG_whole\ann-68__x-54004_y-13833_w-244_h-340__ds-1.png,c:\Users\chris\Desktop\University\Thesis\AutomaticMicrogliaMorphologyAnalysis\AnnotationsData\Segmentations\masks\Image_2014-037_Temporal pole_Iba1_Batch 4.vsi - 20x_BF_01\MG_whole\ann-68__x-54004_y-13833_w-244_h-340__ds-1.png,MG_whole,Image_2014-037_Temporal pole_Iba1_Batch 4.vsi - 20x_BF_01,good
1593,c:\Users\chris\Desktop\University\Thesis\AutomaticMicrogliaMorphologyAnalysis\AnnotationsData\Segmentations\images\Image_2014-037_Temporal pole_Iba1_Batch 4.vsi - 20x_BF_01\MG_whole\ann-6__x-47445_y-13879_w-100_h-126__ds-1.png,c:\Users\chris\Desktop\University\Thesis\AutomaticMicrogliaMorphologyAnalysis\AnnotationsData\Segmentations\masks\Image_2014-037_Temporal pole_Iba1_Batch 4.vsi - 20x_BF_01\MG_whole\ann-6__x-47445_y-13879_w-100_h-126__ds-1.png,MG_whole,Image_2014-037_Temporal pole_Iba1_Batch 4.vsi - 20x_BF_01,good
1594,c:\Users\chris\Desktop\University\Thesis\AutomaticMicrogliaMorphologyAnalysis\AnnotationsData\Segmentations\images\Image_2014-037_Temporal pole_Iba1_Batch 4.vsi - 20x_BF_01\MG_whole\ann-70__x-53462_y-13572_w-108_h-157__ds-1.png,c:\Users\chris\Desktop\University\Thesis\AutomaticMicrogliaMorphologyAnalysis\AnnotationsData\Segmentations\masks\Image_2014-037_Temporal pole_Iba1_Batch 4.vsi - 20x_BF_01\MG_whole\ann-70__x-53462_y-13572_w-108_h-157__ds-1.png,MG_whole,Image_2014-037_Temporal pole_Iba1_Batch 4.vsi - 20x_BF_01,medium
1595,c:\Users\chris\Desktop\University\Thesis\AutomaticMicrogliaMorphologyAnalysis\AnnotationsData\Segmentations\images\Image_2014-037_Temporal pole_Iba1_Batch 4.vsi - 20x_BF_01\MG_whole\ann-72__x-52573_y-14443_w-202_h-182__ds-1.png,c:\Users\chris\Desktop\University\Thesis\AutomaticMicrogliaMorphologyAnalysis\AnnotationsData\Segmentations\masks\Image_2014-037_Temporal pole_Iba1_Batch 4.vsi - 20x_BF_01\MG_whole\ann-72__x-52573_y-14443_w-202_h-182__ds-1.png,MG_whole,Image_2014-037_Temporal pole_Iba1_Batch 4.vsi - 20x_BF_01,good
1596,c:\Users\chris\Desktop\University\Thesis\AutomaticMicrogliaMorphologyAnalysis\AnnotationsData\Segmentations\images\Image_2014-037_Temporal pole_Iba1_Batch 4.vsi - 20x_BF_01\MG_whole\ann-74__x-53112_y-15896_w-180_h-255__ds-1.png,c:\Users\chris\Desktop\University\Thesis\AutomaticMicrogliaMorphologyAnalysis\AnnotationsData\Segmentations\masks\Image_2014-037_Temporal pole_Iba1_Batch 4.vsi - 20x_BF_01\MG_whole\ann-74__x-53112_y-15896_w-180_h-255__ds-1.png,MG_whole,Image_2014-037_Temporal pole_Iba1_Batch 4.vsi - 20x_BF_01,good
1597,c:\Users\chris\Desktop\University\Thesis\AutomaticMicrogliaMorphologyAnalysis\AnnotationsData\Segmentations\images\Image_2014-037_Temporal pole_Iba1_Batch 4.vsi - 20x_BF_01\MG_whole\ann-76__x-53306_y-15533_w-130_h-152__ds-1.png,c:\Users\chris\Desktop\University\Thesis\AutomaticMicrogliaMorphologyAnalysis\AnnotationsData\Segmentations\masks\Image_2014-037_Temporal pole_Iba1_Batch 4.vsi - 20x_BF_01\MG_whole\ann-76__x-53306_y-15533_w-130_h-152__ds-1.png,MG_whole,Image_2014-037_Temporal pole_Iba1_Batch 4.vsi - 20x_BF_01,good
1598,c:\Users\chris\Desktop\University\Thesis\AutomaticMicrogliaMorphologyAnalysis\AnnotationsData\Segmentations\images\Image_2014-037_Temporal pole_Iba1_Batch 4.vsi - 20x_BF_01\MG_whole\ann-78__x-43620_y-15278_w-214_h-176__ds-1.png,c:\Users\chris\Desktop\University\Thesis\AutomaticMicrogliaMorphologyAnalysis\AnnotationsData\Segmentations\masks\Image_2014-037_Temporal pole_Iba1_Batch 4.vsi - 20x_BF_01\MG_whole\ann-78__x-43620_y-15278_w-214_h-176__ds-1.png,MG_whole,Image_2014-037_Temporal pole_Iba1_Batch 4.vsi - 20x_BF_01,good
1599,c:\Users\chris\Desktop\University\Thesis\AutomaticMicrogliaMorphologyAnalysis\AnnotationsData\Segmentations\images\Image_2014-037_Temporal pole_Iba1_Batch 4.vsi - 20x_BF_01\MG_whole\ann-80__x-43890_y-15130_w-146_h-356__ds-1.png,c:\Users\chris\Desktop\University\Thesis\AutomaticMicrogliaMorphologyAnalysis\AnnotationsData\Segmentations\masks\Image_2014-037_Temporal pole_Iba1_Batch 4.vsi - 20x_BF_01\MG_whole\ann-80__x-43890_y-15130_w-146_h-356__ds-1.png,MG_whole,Image_2014-037_Temporal pole_Iba1_Batch 4.vsi - 20x_BF_01,good
1600,c:\Users\chris\Desktop\University\Thesis\AutomaticMicrogliaMorphologyAnalysis\AnnotationsData\Segmentations\images\Image_2014-037_Temporal pole_Iba1_Batch 4.vsi - 20x_BF_01\MG_whole\ann-82__x-45530_y-11766_w-197_h-216__ds-1.png,c:\Users\chris\Desktop\University\Thesis\AutomaticMicrogliaMorphologyAnalysis\AnnotationsData\Segmentations\masks\Image_2014-037_Temporal pole_Iba1_Batch 4.vsi - 20x_BF_01\MG_whole\ann-82__x-45530_y-11766_w-197_h-216__ds-1.png,MG_whole,Image_2014-037_Temporal pole_Iba1_Batch 4.vsi - 20x_BF_01,medium
1601,c:\Users\chris\Desktop\University\Thesis\AutomaticMicrogliaMorphologyAnalysis\AnnotationsData\Segmentations\images\Image_2014-037_Temporal pole_Iba1_Batch 4.vsi - 20x_BF_01\MG_whole\ann-84__x-30866_y-21129_w-254_h-445__ds-1.png,c:\Users\chris\Desktop\University\Thesis\AutomaticMicrogliaMorphologyAnalysis\AnnotationsData\Segmentations\masks\Image_2014-037_Temporal pole_Iba1_Batch 4.vsi - 20x_BF_01\MG_whole\ann-84__x-30866_y-21129_w-254_h-445__ds-1.png,MG_whole,Image_2014-037_Temporal pole_Iba1_Batch 4.vsi - 20x_BF_01,good
1602,c:\Users\chris\Desktop\University\Thesis\AutomaticMicrogliaMorphologyAnalysis\AnnotationsData\Segmentations\images\Image_2014-037_Temporal pole_Iba1_Batch 4.vsi - 20x_BF_01\MG_whole\ann-87__x-29378_y-14986_w-122_h-131__ds-1.png,c:\Users\chris\Desktop\University\Thesis\AutomaticMicrogliaMorphologyAnalysis\AnnotationsData\Segmentations\masks\Image_2014-037_Temporal pole_Iba1_Batch 4.vsi - 20x_BF_01\MG_whole\ann-87__x-29378_y-14986_w-122_h-131__ds-1.png,MG_whole,Image_2014-037_Temporal pole_Iba1_Batch 4.vsi - 20x_BF_01,good
1603,c:\Users\chris\Desktop\University\Thesis\AutomaticMicrogliaMorphologyAnalysis\AnnotationsData\Segmentations\images\Image_2014-037_Temporal pole_Iba1_Batch 4.vsi - 20x_BF_01\MG_whole\ann-88__x-29485_y-14884_w-223_h-165__ds-1.png,c:\Users\chris\Desktop\University\Thesis\AutomaticMicrogliaMorphologyAnalysis\AnnotationsData\Segmentations\masks\Image_2014-037_Temporal pole_Iba1_Batch 4.vsi - 20x_BF_01\MG_whole\ann-88__x-29485_y-14884_w-223_h-165__ds-1.png,MG_whole,Image_2014-037_Temporal pole_Iba1_Batch 4.vsi - 20x_BF_01,good
1604,c:\Users\chris\Desktop\University\Thesis\AutomaticMicrogliaMorphologyAnalysis\AnnotationsData\Segmentations\images\Image_2014-037_Temporal pole_Iba1_Batch 4.vsi - 20x_BF_01\MG_whole\ann-92__x-42092_y-6768_w-231_h-238__ds-1.png,c:\Users\chris\Desktop\University\Thesis\AutomaticMicrogliaMorphologyAnalysis\AnnotationsData\Segmentations\masks\Image_2014-037_Temporal pole_Iba1_Batch 4.vsi - 20x_BF_01\MG_whole\ann-92__x-42092_y-6768_w-231_h-238__ds-1.png,MG_whole,Image_2014-037_Temporal pole_Iba1_Batch 4.vsi - 20x_BF_01,medium
1605,c:\Users\chris\Desktop\University\Thesis\AutomaticMicrogliaMorphologyAnalysis\AnnotationsData\Segmentations\images\Image_2014-037_Temporal pole_Iba1_Batch 4.vsi - 20x_BF_01\MG_whole\ann-94__x-42560_y-5592_w-173_h-208__ds-1.png,c:\Users\chris\Desktop\University\Thesis\AutomaticMicrogliaMorphologyAnalysis\AnnotationsData\Segmentations\masks\Image_2014-037_Temporal pole_Iba1_Batch 4.vsi - 20x_BF_01\MG_whole\ann-94__x-42560_y-5592_w-173_h-208__ds-1.png,MG_whole,Image_2014-037_Temporal pole_Iba1_Batch 4.vsi - 20x_BF_01,good
1606,c:\Users\chris\Desktop\University\Thesis\AutomaticMicrogliaMorphologyAnalysis\AnnotationsData\Segmentations\images\Image_2014-037_Temporal pole_Iba1_Batch 4.vsi - 20x_BF_01\MG_whole\ann-98__x-34875_y-6507_w-143_h-157__ds-1.png,c:\Users\chris\Desktop\University\Thesis\AutomaticMicrogliaMorphologyAnalysis\AnnotationsData\Segmentations\masks\Image_2014-037_Temporal pole_Iba1_Batch 4.vsi - 20x_BF_01\MG_whole\ann-98__x-34875_y-6507_w-143_h-157__ds-1.png,MG_whole,Image_2014-037_Temporal pole_Iba1_Batch 4.vsi - 20x_BF_01,good
1607,c:\Users\chris\Desktop\University\Thesis\AutomaticMicrogliaMorphologyAnalysis\AnnotationsData\Segmentations\images\Image_2014-037_Temporal pole_Iba1_Batch 4.vsi - 20x_BF_01\MG_whole\ann-9__x-46626_y-14370_w-115_h-105__ds-1.png,c:\Users\chris\Desktop\University\Thesis\AutomaticMicrogliaMorphologyAnalysis\AnnotationsData\Segmentations\masks\Image_2014-037_Temporal pole_Iba1_Batch 4.vsi - 20x_BF_01\MG_whole\ann-9__x-46626_y-14370_w-115_h-105__ds-1.png,MG_whole,Image_2014-037_Temporal pole_Iba1_Batch 4.vsi - 20x_BF_01,bad_image_quality
1650,c:\Users\chris\Desktop\University\Thesis\AutomaticMicrogliaMorphologyAnalysis\AnnotationsData\Segmentations\images\Image_2019-018_Temporal pole_Iba1_Batch 2.vsi - 20x_BF_01\MG_whole\ann-11__x-18307_y-4231_w-108_h-173__ds-1.png,c:\Users\chris\Desktop\University\Thesis\AutomaticMicrogliaMorphologyAnalysis\AnnotationsData\Segmentations\masks\Image_2019-018_Temporal pole_Iba1_Batch 2.vsi - 20x_BF_01\MG_whole\ann-11__x-18307_y-4231_w-108_h-173__ds-1.png,MG_whole,Image_2019-018_Temporal pole_Iba1_Batch 2.vsi - 20x_BF_01,good
1651,c:\Users\chris\Desktop\University\Thesis\AutomaticMicrogliaMorphologyAnalysis\AnnotationsData\Segmentations\images\Image_2019-018_Temporal pole_Iba1_Batch 2.vsi - 20x_BF_01\MG_whole\ann-14__x-18004_y-6684_w-120_h-163__ds-1.png,c:\Users\chris\Desktop\University\Thesis\AutomaticMicrogliaMorphologyAnalysis\AnnotationsData\Segmentations\masks\Image_2019-018_Temporal pole_Iba1_Batch 2.vsi - 20x_BF_01\MG_whole\ann-14__x-18004_y-6684_w-120_h-163__ds-1.png,MG_whole,Image_2019-018_Temporal pole_Iba1_Batch 2.vsi - 20x_BF_01,good
1652,c:\Users\chris\Desktop\University\Thesis\AutomaticMicrogliaMorphologyAnalysis\AnnotationsData\Segmentations\images\Image_2019-018_Temporal pole_Iba1_Batch 2.vsi - 20x_BF_01\MG_whole\ann-15__x-17614_y-6520_w-274_h-201__ds-1.png,c:\Users\chris\Desktop\University\Thesis\AutomaticMicrogliaMorphologyAnalysis\AnnotationsData\Segmentations\masks\Image_2019-018_Temporal pole_Iba1_Batch 2.vsi - 20x_BF_01\MG_whole\ann-15__x-17614_y-6520_w-274_h-201__ds-1.png,MG_whole,Image_2019-018_Temporal pole_Iba1_Batch 2.vsi - 20x_BF_01,good
1653,c:\Users\chris\Desktop\University\Thesis\AutomaticMicrogliaMorphologyAnalysis\AnnotationsData\Segmentations\images\Image_2019-018_Temporal pole_Iba1_Batch 2.vsi - 20x_BF_01\MG_whole\ann-17__x-16773_y-4950_w-103_h-135__ds-1.png,c:\Users\chris\Desktop\University\Thesis\AutomaticMicrogliaMorphologyAnalysis\AnnotationsData\Segmentations\masks\Image_2019-018_Temporal pole_Iba1_Batch 2.vsi - 20x_BF_01\MG_whole\ann-17__x-16773_y-4950_w-103_h-135__ds-1.png,MG_whole,Image_2019-018_Temporal pole_Iba1_Batch 2.vsi - 20x_BF_01,good
1654,c:\Users\chris\Desktop\University\Thesis\AutomaticMicrogliaMorphologyAnalysis\AnnotationsData\Segmentations\images\Image_2019-018_Temporal pole_Iba1_Batch 2.vsi - 20x_BF_01\MG_whole\ann-21__x-13669_y-5174_w-118_h-110__ds-1.png,c:\Users\chris\Desktop\University\Thesis\AutomaticMicrogliaMorphologyAnalysis\AnnotationsData\Segmentations\masks\Image_2019-018_Temporal pole_Iba1_Batch 2.vsi - 20x_BF_01\MG_whole\ann-21__x-13669_y-5174_w-118_h-110__ds-1.png,MG_whole,Image_2019-018_Temporal pole_Iba1_Batch 2.vsi - 20x_BF_01,good
1655,c:\Users\chris\Desktop\University\Thesis\AutomaticMicrogliaMorphologyAnalysis\AnnotationsData\Segmentations\images\Image_2019-018_Temporal pole_Iba1_Batch 2.vsi - 20x_BF_01\MG_whole\ann-22__x-13862_y-5153_w-137_h-121__ds-1.png,c:\Users\chris\Desktop\University\Thesis\AutomaticMicrogliaMorphologyAnalysis\AnnotationsData\Segmentations\masks\Image_2019-018_Temporal pole_Iba1_Batch 2.vsi - 20x_BF_01\MG_whole\ann-22__x-13862_y-5153_w-137_h-121__ds-1.png,MG_whole,Image_2019-018_Temporal pole_Iba1_Batch 2.vsi - 20x_BF_01,good
1656,c:\Users\chris\Desktop\University\Thesis\AutomaticMicrogliaMorphologyAnalysis\AnnotationsData\Segmentations\images\Image_2019-018_Temporal pole_Iba1_Batch 2.vsi - 20x_BF_01\MG_whole\ann-23__x-13779_y-4877_w-175_h-189__ds-1.png,c:\Users\chris\Desktop\University\Thesis\AutomaticMicrogliaMorphologyAnalysis\AnnotationsData\Segmentations\masks\Image_2019-018_Temporal pole_Iba1_Batch 2.vsi - 20x_BF_01\MG_whole\ann-23__x-13779_y-4877_w-175_h-189__ds-1.png,MG_whole,Image_2019-018_Temporal pole_Iba1_Batch 2.vsi - 20x_BF_01,good
1657,c:\Users\chris\Desktop\University\Thesis\AutomaticMicrogliaMorphologyAnalysis\AnnotationsData\Segmentations\images\Image_2019-018_Temporal pole_Iba1_Batch 2.vsi - 20x_BF_01\MG_whole\ann-25__x-13752_y-4304_w-95_h-115__ds-1.png,c:\Users\chris\Desktop\University\Thesis\AutomaticMicrogliaMorphologyAnalysis\AnnotationsData\Segmentations\masks\Image_2019-018_Temporal pole_Iba1_Batch 2.vsi - 20x_BF_01\MG_whole\ann-25__x-13752_y-4304_w-95_h-115__ds-1.png,MG_whole,Image_2019-018_Temporal pole_Iba1_Batch 2.vsi - 20x_BF_01,good
1658,c:\Users\chris\Desktop\University\Thesis\AutomaticMicrogliaMorphologyAnalysis\AnnotationsData\Segmentations\images\Image_2019-018_Temporal pole_Iba1_Batch 2.vsi - 20x_BF_01\MG_whole\ann-27__x-14401_y-5447_w-108_h-112__ds-1.png,c:\Users\chris\Desktop\University\Thesis\AutomaticMicrogliaMorphologyAnalysis\AnnotationsData\Segmentations\masks\Image_2019-018_Temporal pole_Iba1_Batch 2.vsi - 20x_BF_01\MG_whole\ann-27__x-14401_y-5447_w-108_h-112__ds-1.png,MG_whole,Image_2019-018_Temporal pole_Iba1_Batch 2.vsi - 20x_BF_01,good
1659,c:\Users\chris\Desktop\University\Thesis\AutomaticMicrogliaMorphologyAnalysis\AnnotationsData\Segmentations\images\Image_2019-018_Temporal pole_Iba1_Batch 2.vsi - 20x_BF_01\MG_whole\ann-29__x-15134_y-4376_w-267_h-144__ds-1.png,c:\Users\chris\Desktop\University\Thesis\AutomaticMicrogliaMorphologyAnalysis\AnnotationsData\Segmentations\masks\Image_2019-018_Temporal pole_Iba1_Batch 2.vsi - 20x_BF_01\MG_whole\ann-29__x-15134_y-4376_w-267_h-144__ds-1.png,MG_whole,Image_2019-018_Temporal pole_Iba1_Batch 2.vsi - 20x_BF_01,good
1660,c:\Users\chris\Desktop\University\Thesis\AutomaticMicrogliaMorphologyAnalysis\AnnotationsData\Segmentations\images\Image_2019-018_Temporal pole_Iba1_Batch 2.vsi - 20x_BF_01\MG_whole\ann-31__x-14269_y-7584_w-193_h-137__ds-1.png,c:\Users\chris\Desktop\University\Thesis\AutomaticMicrogliaMorphologyAnalysis\AnnotationsData\Segmentations\masks\Image_2019-018_Temporal pole_Iba1_Batch 2.vsi - 20x_BF_01\MG_whole\ann-31__x-14269_y-7584_w-193_h-137__ds-1.png,MG_whole,Image_2019-018_Temporal pole_Iba1_Batch 2.vsi - 20x_BF_01,medium
1661,c:\Users\chris\Desktop\University\Thesis\AutomaticMicrogliaMorphologyAnalysis\AnnotationsData\Segmentations\images\Image_2019-018_Temporal pole_Iba1_Batch 2.vsi - 20x_BF_01\MG_whole\ann-33__x-12777_y-6314_w-77_h-167__ds-1.png,c:\Users\chris\Desktop\University\Thesis\AutomaticMicrogliaMorphologyAnalysis\AnnotationsData\Segmentations\masks\Image_2019-018_Temporal pole_Iba1_Batch 2.vsi - 20x_BF_01\MG_whole\ann-33__x-12777_y-6314_w-77_h-167__ds-1.png,MG_whole,Image_2019-018_Temporal pole_Iba1_Batch 2.vsi - 20x_BF_01,medium
1662,c:\Users\chris\Desktop\University\Thesis\AutomaticMicrogliaMorphologyAnalysis\AnnotationsData\Segmentations\images\Image_2019-018_Temporal pole_Iba1_Batch 2.vsi - 20x_BF_01\MG_whole\ann-37__x-12427_y-5136_w-124_h-145__ds-1.png,c:\Users\chris\Desktop\University\Thesis\AutomaticMicrogliaMorphologyAnalysis\AnnotationsData\Segmentations\masks\Image_2019-018_Temporal pole_Iba1_Batch 2.vsi - 20x_BF_01\MG_whole\ann-37__x-12427_y-5136_w-124_h-145__ds-1.png,MG_whole,Image_2019-018_Temporal pole_Iba1_Batch 2.vsi - 20x_BF_01,good
1663,c:\Users\chris\Desktop\University\Thesis\AutomaticMicrogliaMorphologyAnalysis\AnnotationsData\Segmentations\images\Image_2019-018_Temporal pole_Iba1_Batch 2.vsi - 20x_BF_01\MG_whole\ann-38__x-12391_y-5310_w-110_h-97__ds-1.png,c:\Users\chris\Desktop\University\Thesis\AutomaticMicrogliaMorphologyAnalysis\AnnotationsData\Segmentations\masks\Image_2019-018_Temporal pole_Iba1_Batch 2.vsi - 20x_BF_01\MG_whole\ann-38__x-12391_y-5310_w-110_h-97__ds-1.png,MG_whole,Image_2019-018_Temporal pole_Iba1_Batch 2.vsi - 20x_BF_01,good
1664,c:\Users\chris\Desktop\University\Thesis\AutomaticMicrogliaMorphologyAnalysis\AnnotationsData\Segmentations\images\Image_2019-018_Temporal pole_Iba1_Batch 2.vsi - 20x_BF_01\MG_whole\ann-39__x-12865_y-4960_w-182_h-149__ds-1.png,c:\Users\chris\Desktop\University\Thesis\AutomaticMicrogliaMorphologyAnalysis\AnnotationsData\Segmentations\masks\Image_2019-018_Temporal pole_Iba1_Batch 2.vsi - 20x_BF_01\MG_whole\ann-39__x-12865_y-4960_w-182_h-149__ds-1.png,MG_whole,Image_2019-018_Temporal pole_Iba1_Batch 2.vsi - 20x_BF_01,medium
1665,c:\Users\chris\Desktop\University\Thesis\AutomaticMicrogliaMorphologyAnalysis\AnnotationsData\Segmentations\images\Image_2019-018_Temporal pole_Iba1_Batch 2.vsi - 20x_BF_01\MG_whole\ann-3__x-17510_y-4864_w-179_h-188__ds-1.png,c:\Users\chris\Desktop\University\Thesis\AutomaticMicrogliaMorphologyAnalysis\AnnotationsData\Segmentations\masks\Image_2019-018_Temporal pole_Iba1_Batch 2.vsi - 20x_BF_01\MG_whole\ann-3__x-17510_y-4864_w-179_h-188__ds-1.png,MG_whole,Image_2019-018_Temporal pole_Iba1_Batch 2.vsi - 20x_BF_01,good
1666,c:\Users\chris\Desktop\University\Thesis\AutomaticMicrogliaMorphologyAnalysis\AnnotationsData\Segmentations\images\Image_2019-018_Temporal pole_Iba1_Batch 2.vsi - 20x_BF_01\MG_whole\ann-42__x-19365_y-8124_w-191_h-185__ds-1.png,c:\Users\chris\Desktop\University\Thesis\AutomaticMicrogliaMorphologyAnalysis\AnnotationsData\Segmentations\masks\Image_2019-018_Temporal pole_Iba1_Batch 2.vsi - 20x_BF_01\MG_whole\ann-42__x-19365_y-8124_w-191_h-185__ds-1.png,MG_whole,Image_2019-018_Temporal pole_Iba1_Batch 2.vsi - 20x_BF_01,medium
1667,c:\Users\chris\Desktop\University\Thesis\AutomaticMicrogliaMorphologyAnalysis\AnnotationsData\Segmentations\images\Image_2019-018_Temporal pole_Iba1_Batch 2.vsi - 20x_BF_01\MG_whole\ann-43__x-19992_y-7922_w-208_h-148__ds-1.png,c:\Users\chris\Desktop\University\Thesis\AutomaticMicrogliaMorphologyAnalysis\AnnotationsData\Segmentations\masks\Image_2019-018_Temporal pole_Iba1_Batch 2.vsi - 20x_BF_01\MG_whole\ann-43__x-19992_y-7922_w-208_h-148__ds-1.png,MG_whole,Image_2019-018_Temporal pole_Iba1_Batch 2.vsi - 20x_BF_01,good
1668,c:\Users\chris\Desktop\University\Thesis\AutomaticMicrogliaMorphologyAnalysis\AnnotationsData\Segmentations\images\Image_2019-018_Temporal pole_Iba1_Batch 2.vsi - 20x_BF_01\MG_whole\ann-47__x-13861_y-11619_w-181_h-199__ds-1.png,c:\Users\chris\Desktop\University\Thesis\AutomaticMicrogliaMorphologyAnalysis\AnnotationsData\Segmentations\masks\Image_2019-018_Temporal pole_Iba1_Batch 2.vsi - 20x_BF_01\MG_whole\ann-47__x-13861_y-11619_w-181_h-199__ds-1.png,MG_whole,Image_2019-018_Temporal pole_Iba1_Batch 2.vsi - 20x_BF_01,good
1669,c:\Users\chris\Desktop\University\Thesis\AutomaticMicrogliaMorphologyAnalysis\AnnotationsData\Segmentations\images\Image_2019-018_Temporal pole_Iba1_Batch 2.vsi - 20x_BF_01\MG_whole\ann-48__x-13582_y-11721_w-155_h-231__ds-1.png,c:\Users\chris\Desktop\University\Thesis\AutomaticMicrogliaMorphologyAnalysis\AnnotationsData\Segmentations\masks\Image_2019-018_Temporal pole_Iba1_Batch 2.vsi - 20x_BF_01\MG_whole\ann-48__x-13582_y-11721_w-155_h-231__ds-1.png,MG_whole,Image_2019-018_Temporal pole_Iba1_Batch 2.vsi - 20x_BF_01,good
1670,c:\Users\chris\Desktop\University\Thesis\AutomaticMicrogliaMorphologyAnalysis\AnnotationsData\Segmentations\images\Image_2019-018_Temporal pole_Iba1_Batch 2.vsi - 20x_BF_01\MG_whole\ann-49__x-13900_y-12126_w-210_h-183__ds-1.png,c:\Users\chris\Desktop\University\Thesis\AutomaticMicrogliaMorphologyAnalysis\AnnotationsData\Segmentations\masks\Image_2019-018_Temporal pole_Iba1_Batch 2.vsi - 20x_BF_01\MG_whole\ann-49__x-13900_y-12126_w-210_h-183__ds-1.png,MG_whole,Image_2019-018_Temporal pole_Iba1_Batch 2.vsi - 20x_BF_01,good
1671,c:\Users\chris\Desktop\University\Thesis\AutomaticMicrogliaMorphologyAnalysis\AnnotationsData\Segmentations\images\Image_2019-018_Temporal pole_Iba1_Batch 2.vsi - 20x_BF_01\MG_whole\ann-4__x-18441_y-5176_w-162_h-201__ds-1.png,c:\Users\chris\Desktop\University\Thesis\AutomaticMicrogliaMorphologyAnalysis\AnnotationsData\Segmentations\masks\Image_2019-018_Temporal pole_Iba1_Batch 2.vsi - 20x_BF_01\MG_whole\ann-4__x-18441_y-5176_w-162_h-201__ds-1.png,MG_whole,Image_2019-018_Temporal pole_Iba1_Batch 2.vsi - 20x_BF_01,good
1672,c:\Users\chris\Desktop\University\Thesis\AutomaticMicrogliaMorphologyAnalysis\AnnotationsData\Segmentations\images\Image_2019-018_Temporal pole_Iba1_Batch 2.vsi - 20x_BF_01\MG_whole\ann-51__x-13281_y-11346_w-141_h-122__ds-1.png,c:\Users\chris\Desktop\University\Thesis\AutomaticMicrogliaMorphologyAnalysis\AnnotationsData\Segmentations\masks\Image_2019-018_Temporal pole_Iba1_Batch 2.vsi - 20x_BF_01\MG_whole\ann-51__x-13281_y-11346_w-141_h-122__ds-1.png,MG_whole,Image_2019-018_Temporal pole_Iba1_Batch 2.vsi - 20x_BF_01,good
1673,c:\Users\chris\Desktop\University\Thesis\AutomaticMicrogliaMorphologyAnalysis\AnnotationsData\Segmentations\images\Image_2019-018_Temporal pole_Iba1_Batch 2.vsi - 20x_BF_01\MG_whole\ann-53__x-15393_y-12355_w-206_h-203__ds-1.png,c:\Users\chris\Desktop\University\Thesis\AutomaticMicrogliaMorphologyAnalysis\AnnotationsData\Segmentations\masks\Image_2019-018_Temporal pole_Iba1_Batch 2.vsi - 20x_BF_01\MG_whole\ann-53__x-15393_y-12355_w-206_h-203__ds-1.png,MG_whole,Image_2019-018_Temporal pole_Iba1_Batch 2.vsi - 20x_BF_01,good
1674,c:\Users\chris\Desktop\University\Thesis\AutomaticMicrogliaMorphologyAnalysis\AnnotationsData\Segmentations\images\Image_2019-018_Temporal pole_Iba1_Batch 2.vsi - 20x_BF_01\MG_whole\ann-55__x-15346_y-11393_w-117_h-87__ds-1.png,c:\Users\chris\Desktop\University\Thesis\AutomaticMicrogliaMorphologyAnalysis\AnnotationsData\Segmentations\masks\Image_2019-018_Temporal pole_Iba1_Batch 2.vsi - 20x_BF_01\MG_whole\ann-55__x-15346_y-11393_w-117_h-87__ds-1.png,MG_whole,Image_2019-018_Temporal pole_Iba1_Batch 2.vsi - 20x_BF_01,medium
1675,c:\Users\chris\Desktop\University\Thesis\AutomaticMicrogliaMorphologyAnalysis\AnnotationsData\Segmentations\images\Image_2019-018_Temporal pole_Iba1_Batch 2.vsi - 20x_BF_01\MG_whole\ann-57__x-16210_y-8743_w-166_h-166__ds-1.png,c:\Users\chris\Desktop\University\Thesis\AutomaticMicrogliaMorphologyAnalysis\AnnotationsData\Segmentations\masks\Image_2019-018_Temporal pole_Iba1_Batch 2.vsi - 20x_BF_01\MG_whole\ann-57__x-16210_y-8743_w-166_h-166__ds-1.png,MG_whole,Image_2019-018_Temporal pole_Iba1_Batch 2.vsi - 20x_BF_01,good
1676,c:\Users\chris\Desktop\University\Thesis\AutomaticMicrogliaMorphologyAnalysis\AnnotationsData\Segmentations\images\Image_2019-018_Temporal pole_Iba1_Batch 2.vsi - 20x_BF_01\MG_whole\ann-59__x-16310_y-8649_w-179_h-112__ds-1.png,c:\Users\chris\Desktop\University\Thesis\AutomaticMicrogliaMorphologyAnalysis\AnnotationsData\Segmentations\masks\Image_2019-018_Temporal pole_Iba1_Batch 2.vsi - 20x_BF_01\MG_whole\ann-59__x-16310_y-8649_w-179_h-112__ds-1.png,MG_whole,Image_2019-018_Temporal pole_Iba1_Batch 2.vsi - 20x_BF_01,medium
1677,c:\Users\chris\Desktop\University\Thesis\AutomaticMicrogliaMorphologyAnalysis\AnnotationsData\Segmentations\images\Image_2019-018_Temporal pole_Iba1_Batch 2.vsi - 20x_BF_01\MG_whole\ann-5__x-19035_y-5064_w-152_h-160__ds-1.png,c:\Users\chris\Desktop\University\Thesis\AutomaticMicrogliaMorphologyAnalysis\AnnotationsData\Segmentations\masks\Image_2019-018_Temporal pole_Iba1_Batch 2.vsi - 20x_BF_01\MG_whole\ann-5__x-19035_y-5064_w-152_h-160__ds-1.png,MG_whole,Image_2019-018_Temporal pole_Iba1_Batch 2.vsi - 20x_BF_01,good
1678,c:\Users\chris\Desktop\University\Thesis\AutomaticMicrogliaMorphologyAnalysis\AnnotationsData\Segmentations\images\Image_2019-018_Temporal pole_Iba1_Batch 2.vsi - 20x_BF_01\MG_whole\ann-61__x-16849_y-8413_w-179_h-207__ds-1.png,c:\Users\chris\Desktop\University\Thesis\AutomaticMicrogliaMorphologyAnalysis\AnnotationsData\Segmentations\masks\Image_2019-018_Temporal pole_Iba1_Batch 2.vsi - 20x_BF_01\MG_whole\ann-61__x-16849_y-8413_w-179_h-207__ds-1.png,MG_whole,Image_2019-018_Temporal pole_Iba1_Batch 2.vsi - 20x_BF_01,good
1679,c:\Users\chris\Desktop\University\Thesis\AutomaticMicrogliaMorphologyAnalysis\AnnotationsData\Segmentations\images\Image_2019-018_Temporal pole_Iba1_Batch 2.vsi - 20x_BF_01\MG_whole\ann-64__x-24503_y-4742_w-201_h-220__ds-1.png,c:\Users\chris\Desktop\University\Thesis\AutomaticMicrogliaMorphologyAnalysis\AnnotationsData\Segmentations\masks\Image_2019-018_Temporal pole_Iba1_Batch 2.vsi - 20x_BF_01\MG_whole\ann-64__x-24503_y-4742_w-201_h-220__ds-1.png,MG_whole,Image_2019-018_Temporal pole_Iba1_Batch 2.vsi - 20x_BF_01,good
1680,c:\Users\chris\Desktop\University\Thesis\AutomaticMicrogliaMorphologyAnalysis\AnnotationsData\Segmentations\images\Image_2019-018_Temporal pole_Iba1_Batch 2.vsi - 20x_BF_01\MG_whole\ann-65__x-24728_y-4856_w-169_h-167__ds-1.png,c:\Users\chris\Desktop\University\Thesis\AutomaticMicrogliaMorphologyAnalysis\AnnotationsData\Segmentations\masks\Image_2019-018_Temporal pole_Iba1_Batch 2.vsi - 20x_BF_01\MG_whole\ann-65__x-24728_y-4856_w-169_h-167__ds-1.png,MG_whole,Image_2019-018_Temporal pole_Iba1_Batch 2.vsi - 20x_BF_01,good
1681,c:\Users\chris\Desktop\University\Thesis\AutomaticMicrogliaMorphologyAnalysis\AnnotationsData\Segmentations\images\Image_2019-018_Temporal pole_Iba1_Batch 2.vsi - 20x_BF_01\MG_whole\ann-68__x-21433_y-3633_w-112_h-118__ds-1.png,c:\Users\chris\Desktop\University\Thesis\AutomaticMicrogliaMorphologyAnalysis\AnnotationsData\Segmentations\masks\Image_2019-018_Temporal pole_Iba1_Batch 2.vsi - 20x_BF_01\MG_whole\ann-68__x-21433_y-3633_w-112_h-118__ds-1.png,MG_whole,Image_2019-018_Temporal pole_Iba1_Batch 2.vsi - 20x_BF_01,medium
1682,c:\Users\chris\Desktop\University\Thesis\AutomaticMicrogliaMorphologyAnalysis\AnnotationsData\Segmentations\images\Image_2019-018_Temporal pole_Iba1_Batch 2.vsi - 20x_BF_01\MG_whole\ann-69__x-21490_y-4091_w-168_h-195__ds-1.png,c:\Users\chris\Desktop\University\Thesis\AutomaticMicrogliaMorphologyAnalysis\AnnotationsData\Segmentations\masks\Image_2019-018_Temporal pole_Iba1_Batch 2.vsi - 20x_BF_01\MG_whole\ann-69__x-21490_y-4091_w-168_h-195__ds-1.png,MG_whole,Image_2019-018_Temporal pole_Iba1_Batch 2.vsi - 20x_BF_01,good
1683,c:\Users\chris\Desktop\University\Thesis\AutomaticMicrogliaMorphologyAnalysis\AnnotationsData\Segmentations\images\Image_2019-018_Temporal pole_Iba1_Batch 2.vsi - 20x_BF_01\MG_whole\ann-71__x-22683_y-3757_w-140_h-135__ds-1.png,c:\Users\chris\Desktop\University\Thesis\AutomaticMicrogliaMorphologyAnalysis\AnnotationsData\Segmentations\masks\Image_2019-018_Temporal pole_Iba1_Batch 2.vsi - 20x_BF_01\MG_whole\ann-71__x-22683_y-3757_w-140_h-135__ds-1.png,MG_whole,Image_2019-018_Temporal pole_Iba1_Batch 2.vsi - 20x_BF_01,good
1684,c:\Users\chris\Desktop\University\Thesis\AutomaticMicrogliaMorphologyAnalysis\AnnotationsData\Segmentations\images\Image_2019-018_Temporal pole_Iba1_Batch 2.vsi - 20x_BF_01\MG_whole\ann-74__x-22379_y-5157_w-141_h-118__ds-1.png,c:\Users\chris\Desktop\University\Thesis\AutomaticMicrogliaMorphologyAnalysis\AnnotationsData\Segmentations\masks\Image_2019-018_Temporal pole_Iba1_Batch 2.vsi - 20x_BF_01\MG_whole\ann-74__x-22379_y-5157_w-141_h-118__ds-1.png,MG_whole,Image_2019-018_Temporal pole_Iba1_Batch 2.vsi - 20x_BF_01,good
1685,c:\Users\chris\Desktop\University\Thesis\AutomaticMicrogliaMorphologyAnalysis\AnnotationsData\Segmentations\images\Image_2019-018_Temporal pole_Iba1_Batch 2.vsi - 20x_BF_01\MG_whole\ann-75__x-22184_y-5405_w-201_h-191__ds-1.png,c:\Users\chris\Desktop\University\Thesis\AutomaticMicrogliaMorphologyAnalysis\AnnotationsData\Segmentations\masks\Image_2019-018_Temporal pole_Iba1_Batch 2.vsi - 20x_BF_01\MG_whole\ann-75__x-22184_y-5405_w-201_h-191__ds-1.png,MG_whole,Image_2019-018_Temporal pole_Iba1_Batch 2.vsi - 20x_BF_01,medium
1686,c:\Users\chris\Desktop\University\Thesis\AutomaticMicrogliaMorphologyAnalysis\AnnotationsData\Segmentations\images\Image_2019-018_Temporal pole_Iba1_Batch 2.vsi - 20x_BF_01\MG_whole\ann-77__x-22516_y-4695_w-158_h-178__ds-1.png,c:\Users\chris\Desktop\University\Thesis\AutomaticMicrogliaMorphologyAnalysis\AnnotationsData\Segmentations\masks\Image_2019-018_Temporal pole_Iba1_Batch 2.vsi - 20x_BF_01\MG_whole\ann-77__x-22516_y-4695_w-158_h-178__ds-1.png,MG_whole,Image_2019-018_Temporal pole_Iba1_Batch 2.vsi - 20x_BF_01,good
1687,c:\Users\chris\Desktop\University\Thesis\AutomaticMicrogliaMorphologyAnalysis\AnnotationsData\Segmentations\images\Image_2019-018_Temporal pole_Iba1_Batch 2.vsi - 20x_BF_01\MG_whole\ann-79__x-26545_y-4940_w-163_h-175__ds-1.png,c:\Users\chris\Desktop\University\Thesis\AutomaticMicrogliaMorphologyAnalysis\AnnotationsData\Segmentations\masks\Image_2019-018_Temporal pole_Iba1_Batch 2.vsi - 20x_BF_01\MG_whole\ann-79__x-26545_y-4940_w-163_h-175__ds-1.png,MG_whole,Image_2019-018_Temporal pole_Iba1_Batch 2.vsi - 20x_BF_01,good
1688,c:\Users\chris\Desktop\University\Thesis\AutomaticMicrogliaMorphologyAnalysis\AnnotationsData\Segmentations\images\Image_2019-018_Temporal pole_Iba1_Batch 2.vsi - 20x_BF_01\MG_whole\ann-7__x-19095_y-4747_w-140_h-114__ds-1.png,c:\Users\chris\Desktop\University\Thesis\AutomaticMicrogliaMorphologyAnalysis\AnnotationsData\Segmentations\masks\Image_2019-018_Temporal pole_Iba1_Batch 2.vsi - 20x_BF_01\MG_whole\ann-7__x-19095_y-4747_w-140_h-114__ds-1.png,MG_whole,Image_2019-018_Temporal pole_Iba1_Batch 2.vsi - 20x_BF_01,good
1689,c:\Users\chris\Desktop\University\Thesis\AutomaticMicrogliaMorphologyAnalysis\AnnotationsData\Segmentations\images\Image_2019-018_Temporal pole_Iba1_Batch 2.vsi - 20x_BF_01\MG_whole\ann-82__x-25435_y-5145_w-133_h-175__ds-1.png,c:\Users\chris\Desktop\University\Thesis\AutomaticMicrogliaMorphologyAnalysis\AnnotationsData\Segmentations\masks\Image_2019-018_Temporal pole_Iba1_Batch 2.vsi - 20x_BF_01\MG_whole\ann-82__x-25435_y-5145_w-133_h-175__ds-1.png,MG_whole,Image_2019-018_Temporal pole_Iba1_Batch 2.vsi - 20x_BF_01,good
1690,c:\Users\chris\Desktop\University\Thesis\AutomaticMicrogliaMorphologyAnalysis\AnnotationsData\Segmentations\images\Image_2019-018_Temporal pole_Iba1_Batch 2.vsi - 20x_BF_01\MG_whole\ann-83__x-25310_y-5337_w-299_h-184__ds-1.png,c:\Users\chris\Desktop\University\Thesis\AutomaticMicrogliaMorphologyAnalysis\AnnotationsData\Segmentations\masks\Image_2019-018_Temporal pole_Iba1_Batch 2.vsi - 20x_BF_01\MG_whole\ann-83__x-25310_y-5337_w-299_h-184__ds-1.png,MG_whole,Image_2019-018_Temporal pole_Iba1_Batch 2.vsi - 20x_BF_01,good
1691,c:\Users\chris\Desktop\University\Thesis\AutomaticMicrogliaMorphologyAnalysis\AnnotationsData\Segmentations\images\Image_2019-018_Temporal pole_Iba1_Batch 2.vsi - 20x_BF_01\MG_whole\ann-9__x-19370_y-5350_w-156_h-237__ds-1.png,c:\Users\chris\Desktop\University\Thesis\AutomaticMicrogliaMorphologyAnalysis\AnnotationsData\Segmentations\masks\Image_2019-018_Temporal pole_Iba1_Batch 2.vsi - 20x_BF_01\MG_whole\ann-9__x-19370_y-5350_w-156_h-237__ds-1.png,MG_whole,Image_2019-018_Temporal pole_Iba1_Batch 2.vsi - 20x_BF_01,good
1876,c:\Users\chris\Desktop\University\Thesis\AutomaticMicrogliaMorphologyAnalysis\AnnotationsData\Segmentations\images\Image_2020-016_Temporal pole_Iba1_Batch 1.vsi - 20x_BF_01\MG_whole\ann-101__x-46621_y-20140_w-182_h-162__ds-1.png,c:\Users\chris\Desktop\University\Thesis\AutomaticMicrogliaMorphologyAnalysis\AnnotationsData\Segmentations\masks\Image_2020-016_Temporal pole_Iba1_Batch 1.vsi - 20x_BF_01\MG_whole\ann-101__x-46621_y-20140_w-182_h-162__ds-1.png,MG_whole,Image_2020-016_Temporal pole_Iba1_Batch 1.vsi - 20x_BF_01,good
1877,c:\Users\chris\Desktop\University\Thesis\AutomaticMicrogliaMorphologyAnalysis\AnnotationsData\Segmentations\images\Image_2020-016_Temporal pole_Iba1_Batch 1.vsi - 20x_BF_01\MG_whole\ann-103__x-40227_y-13376_w-150_h-191__ds-1.png,c:\Users\chris\Desktop\University\Thesis\AutomaticMicrogliaMorphologyAnalysis\AnnotationsData\Segmentations\masks\Image_2020-016_Temporal pole_Iba1_Batch 1.vsi - 20x_BF_01\MG_whole\ann-103__x-40227_y-13376_w-150_h-191__ds-1.png,MG_whole,Image_2020-016_Temporal pole_Iba1_Batch 1.vsi - 20x_BF_01,good
1878,c:\Users\chris\Desktop\University\Thesis\AutomaticMicrogliaMorphologyAnalysis\AnnotationsData\Segmentations\images\Image_2020-016_Temporal pole_Iba1_Batch 1.vsi - 20x_BF_01\MG_whole\ann-105__x-39804_y-10856_w-139_h-222__ds-1.png,c:\Users\chris\Desktop\University\Thesis\AutomaticMicrogliaMorphologyAnalysis\AnnotationsData\Segmentations\masks\Image_2020-016_Temporal pole_Iba1_Batch 1.vsi - 20x_BF_01\MG_whole\ann-105__x-39804_y-10856_w-139_h-222__ds-1.png,MG_whole,Image_2020-016_Temporal pole_Iba1_Batch 1.vsi - 20x_BF_01,good
1879,c:\Users\chris\Desktop\University\Thesis\AutomaticMicrogliaMorphologyAnalysis\AnnotationsData\Segmentations\images\Image_2020-016_Temporal pole_Iba1_Batch 1.vsi - 20x_BF_01\MG_whole\ann-110__x-40310_y-10636_w-91_h-145__ds-1.png,c:\Users\chris\Desktop\University\Thesis\AutomaticMicrogliaMorphologyAnalysis\AnnotationsData\Segmentations\masks\Image_2020-016_Temporal pole_Iba1_Batch 1.vsi - 20x_BF_01\MG_whole\ann-110__x-40310_y-10636_w-91_h-145__ds-1.png,MG_whole,Image_2020-016_Temporal pole_Iba1_Batch 1.vsi - 20x_BF_01,good
1880,c:\Users\chris\Desktop\University\Thesis\AutomaticMicrogliaMorphologyAnalysis\AnnotationsData\Segmentations\images\Image_2020-016_Temporal pole_Iba1_Batch 1.vsi - 20x_BF_01\MG_whole\ann-111__x-40363_y-10907_w-146_h-211__ds-1.png,c:\Users\chris\Desktop\University\Thesis\AutomaticMicrogliaMorphologyAnalysis\AnnotationsData\Segmentations\masks\Image_2020-016_Temporal pole_Iba1_Batch 1.vsi - 20x_BF_01\MG_whole\ann-111__x-40363_y-10907_w-146_h-211__ds-1.png,MG_whole,Image_2020-016_Temporal pole_Iba1_Batch 1.vsi - 20x_BF_01,good
1881,c:\Users\chris\Desktop\University\Thesis\AutomaticMicrogliaMorphologyAnalysis\AnnotationsData\Segmentations\images\Image_2020-016_Temporal pole_Iba1_Batch 1.vsi - 20x_BF_01\MG_whole\ann-112__x-40523_y-10871_w-202_h-199__ds-1.png,c:\Users\chris\Desktop\University\Thesis\AutomaticMicrogliaMorphologyAnalysis\AnnotationsData\Segmentations\masks\Image_2020-016_Temporal pole_Iba1_Batch 1.vsi - 20x_BF_01\MG_whole\ann-112__x-40523_y-10871_w-202_h-199__ds-1.png,MG_whole,Image_2020-016_Temporal pole_Iba1_Batch 1.vsi - 20x_BF_01,good
1882,c:\Users\chris\Desktop\University\Thesis\AutomaticMicrogliaMorphologyAnalysis\AnnotationsData\Segmentations\images\Image_2020-016_Temporal pole_Iba1_Batch 1.vsi - 20x_BF_01\MG_whole\ann-113__x-40656_y-11074_w-82_h-117__ds-1.png,c:\Users\chris\Desktop\University\Thesis\AutomaticMicrogliaMorphologyAnalysis\AnnotationsData\Segmentations\masks\Image_2020-016_Temporal pole_Iba1_Batch 1.vsi - 20x_BF_01\MG_whole\ann-113__x-40656_y-11074_w-82_h-117__ds-1.png,MG_whole,Image_2020-016_Temporal pole_Iba1_Batch 1.vsi - 20x_BF_01,good
1883,c:\Users\chris\Desktop\University\Thesis\AutomaticMicrogliaMorphologyAnalysis\AnnotationsData\Segmentations\images\Image_2020-016_Temporal pole_Iba1_Batch 1.vsi - 20x_BF_01\MG_whole\ann-116__x-40222_y-11178_w-134_h-245__ds-1.png,c:\Users\chris\Desktop\University\Thesis\AutomaticMicrogliaMorphologyAnalysis\AnnotationsData\Segmentations\masks\Image_2020-016_Temporal pole_Iba1_Batch 1.vsi - 20x_BF_01\MG_whole\ann-116__x-40222_y-11178_w-134_h-245__ds-1.png,MG_whole,Image_2020-016_Temporal pole_Iba1_Batch 1.vsi - 20x_BF_01,medium
1884,c:\Users\chris\Desktop\University\Thesis\AutomaticMicrogliaMorphologyAnalysis\AnnotationsData\Segmentations\images\Image_2020-016_Temporal pole_Iba1_Batch 1.vsi - 20x_BF_01\MG_whole\ann-117__x-40107_y-11316_w-96_h-183__ds-1.png,c:\Users\chris\Desktop\University\Thesis\AutomaticMicrogliaMorphologyAnalysis\AnnotationsData\Segmentations\masks\Image_2020-016_Temporal pole_Iba1_Batch 1.vsi - 20x_BF_01\MG_whole\ann-117__x-40107_y-11316_w-96_h-183__ds-1.png,MG_whole,Image_2020-016_Temporal pole_Iba1_Batch 1.vsi - 20x_BF_01,medium
1885,c:\Users\chris\Desktop\University\Thesis\AutomaticMicrogliaMorphologyAnalysis\AnnotationsData\Segmentations\images\Image_2020-016_Temporal pole_Iba1_Batch 1.vsi - 20x_BF_01\MG_whole\ann-120__x-39840_y-11725_w-106_h-184__ds-1.png,c:\Users\chris\Desktop\University\Thesis\AutomaticMicrogliaMorphologyAnalysis\AnnotationsData\Segmentations\masks\Image_2020-016_Temporal pole_Iba1_Batch 1.vsi - 20x_BF_01\MG_whole\ann-120__x-39840_y-11725_w-106_h-184__ds-1.png,MG_whole,Image_2020-016_Temporal pole_Iba1_Batch 1.vsi - 20x_BF_01,good
1886,c:\Users\chris\Desktop\University\Thesis\AutomaticMicrogliaMorphologyAnalysis\AnnotationsData\Segmentations\images\Image_2020-016_Temporal pole_Iba1_Batch 1.vsi - 20x_BF_01\MG_whole\ann-121__x-39679_y-11898_w-110_h-115__ds-1.png,c:\Users\chris\Desktop\University\Thesis\AutomaticMicrogliaMorphologyAnalysis\AnnotationsData\Segmentations\masks\Image_2020-016_Temporal pole_Iba1_Batch 1.vsi - 20x_BF_01\MG_whole\ann-121__x-39679_y-11898_w-110_h-115__ds-1.png,MG_whole,Image_2020-016_Temporal pole_Iba1_Batch 1.vsi - 20x_BF_01,good
1887,c:\Users\chris\Desktop\University\Thesis\AutomaticMicrogliaMorphologyAnalysis\AnnotationsData\Segmentations\images\Image_2020-016_Temporal pole_Iba1_Batch 1.vsi - 20x_BF_01\MG_whole\ann-123__x-39872_y-12083_w-104_h-89__ds-1.png,c:\Users\chris\Desktop\University\Thesis\AutomaticMicrogliaMorphologyAnalysis\AnnotationsData\Segmentations\masks\Image_2020-016_Temporal pole_Iba1_Batch 1.vsi - 20x_BF_01\MG_whole\ann-123__x-39872_y-12083_w-104_h-89__ds-1.png,MG_whole,Image_2020-016_Temporal pole_Iba1_Batch 1.vsi - 20x_BF_01,good
1888,c:\Users\chris\Desktop\University\Thesis\AutomaticMicrogliaMorphologyAnalysis\AnnotationsData\Segmentations\images\Image_2020-016_Temporal pole_Iba1_Batch 1.vsi - 20x_BF_01\MG_whole\ann-125__x-39157_y-12904_w-109_h-188__ds-1.png,c:\Users\chris\Desktop\University\Thesis\AutomaticMicrogliaMorphologyAnalysis\AnnotationsData\Segmentations\masks\Image_2020-016_Temporal pole_Iba1_Batch 1.vsi - 20x_BF_01\MG_whole\ann-125__x-39157_y-12904_w-109_h-188__ds-1.png,MG_whole,Image_2020-016_Temporal pole_Iba1_Batch 1.vsi - 20x_BF_01,good
1889,c:\Users\chris\Desktop\University\Thesis\AutomaticMicrogliaMorphologyAnalysis\AnnotationsData\Segmentations\images\Image_2020-016_Temporal pole_Iba1_Batch 1.vsi - 20x_BF_01\MG_whole\ann-127__x-39460_y-10065_w-109_h-123__ds-1.png,c:\Users\chris\Desktop\University\Thesis\AutomaticMicrogliaMorphologyAnalysis\AnnotationsData\Segmentations\masks\Image_2020-016_Temporal pole_Iba1_Batch 1.vsi - 20x_BF_01\MG_whole\ann-127__x-39460_y-10065_w-109_h-123__ds-1.png,MG_whole,Image_2020-016_Temporal pole_Iba1_Batch 1.vsi - 20x_BF_01,medium
1890,c:\Users\chris\Desktop\University\Thesis\AutomaticMicrogliaMorphologyAnalysis\AnnotationsData\Segmentations\images\Image_2020-016_Temporal pole_Iba1_Batch 1.vsi - 20x_BF_01\MG_whole\ann-130__x-40022_y-10511_w-207_h-127__ds-1.png,c:\Users\chris\Desktop\University\Thesis\AutomaticMicrogliaMorphologyAnalysis\AnnotationsData\Segmentations\masks\Image_2020-016_Temporal pole_Iba1_Batch 1.vsi - 20x_BF_01\MG_whole\ann-130__x-40022_y-10511_w-207_h-127__ds-1.png,MG_whole,Image_2020-016_Temporal pole_Iba1_Batch 1.vsi - 20x_BF_01,good
1891,c:\Users\chris\Desktop\University\Thesis\AutomaticMicrogliaMorphologyAnalysis\AnnotationsData\Segmentations\images\Image_2020-016_Temporal pole_Iba1_Batch 1.vsi - 20x_BF_01\MG_whole\ann-131__x-40268_y-10302_w-166_h-108__ds-1.png,c:\Users\chris\Desktop\University\Thesis\AutomaticMicrogliaMorphologyAnalysis\AnnotationsData\Segmentations\masks\Image_2020-016_Temporal pole_Iba1_Batch 1.vsi - 20x_BF_01\MG_whole\ann-131__x-40268_y-10302_w-166_h-108__ds-1.png,MG_whole,Image_2020-016_Temporal pole_Iba1_Batch 1.vsi - 20x_BF_01,good
1892,c:\Users\chris\Desktop\University\Thesis\AutomaticMicrogliaMorphologyAnalysis\AnnotationsData\Segmentations\images\Image_2020-016_Temporal pole_Iba1_Batch 1.vsi - 20x_BF_01\MG_whole\ann-134__x-35144_y-9774_w-173_h-238__ds-1.png,c:\Users\chris\Desktop\University\Thesis\AutomaticMicrogliaMorphologyAnalysis\AnnotationsData\Segmentations\masks\Image_2020-016_Temporal pole_Iba1_Batch 1.vsi - 20x_BF_01\MG_whole\ann-134__x-35144_y-9774_w-173_h-238__ds-1.png,MG_whole,Image_2020-016_Temporal pole_Iba1_Batch 1.vsi - 20x_BF_01,good
1893,c:\Users\chris\Desktop\University\Thesis\AutomaticMicrogliaMorphologyAnalysis\AnnotationsData\Segmentations\images\Image_2020-016_Temporal pole_Iba1_Batch 1.vsi - 20x_BF_01\MG_whole\ann-135__x-35579_y-9609_w-72_h-141__ds-1.png,c:\Users\chris\Desktop\University\Thesis\AutomaticMicrogliaMorphologyAnalysis\AnnotationsData\Segmentations\masks\Image_2020-016_Temporal pole_Iba1_Batch 1.vsi - 20x_BF_01\MG_whole\ann-135__x-35579_y-9609_w-72_h-141__ds-1.png,MG_whole,Image_2020-016_Temporal pole_Iba1_Batch 1.vsi - 20x_BF_01,good
1894,c:\Users\chris\Desktop\University\Thesis\AutomaticMicrogliaMorphologyAnalysis\AnnotationsData\Segmentations\images\Image_2020-016_Temporal pole_Iba1_Batch 1.vsi - 20x_BF_01\MG_whole\ann-137__x-34809_y-10245_w-109_h-199__ds-1.png,c:\Users\chris\Desktop\University\Thesis\AutomaticMicrogliaMorphologyAnalysis\AnnotationsData\Segmentations\masks\Image_2020-016_Temporal pole_Iba1_Batch 1.vsi - 20x_BF_01\MG_whole\ann-137__x-34809_y-10245_w-109_h-199__ds-1.png,MG_whole,Image_2020-016_Temporal pole_Iba1_Batch 1.vsi - 20x_BF_01,medium
1895,c:\Users\chris\Desktop\University\Thesis\AutomaticMicrogliaMorphologyAnalysis\AnnotationsData\Segmentations\images\Image_2020-016_Temporal pole_Iba1_Batch 1.vsi - 20x_BF_01\MG_whole\ann-139__x-35527_y-11082_w-216_h-213__ds-1.png,c:\Users\chris\Desktop\University\Thesis\AutomaticMicrogliaMorphologyAnalysis\AnnotationsData\Segmentations\masks\Image_2020-016_Temporal pole_Iba1_Batch 1.vsi - 20x_BF_01\MG_whole\ann-139__x-35527_y-11082_w-216_h-213__ds-1.png,MG_whole,Image_2020-016_Temporal pole_Iba1_Batch 1.vsi - 20x_BF_01,medium
1896,c:\Users\chris\Desktop\University\Thesis\AutomaticMicrogliaMorphologyAnalysis\AnnotationsData\Segmentations\images\Image_2020-016_Temporal pole_Iba1_Batch 1.vsi - 20x_BF_01\MG_whole\ann-141__x-34953_y-10980_w-110_h-91__ds-1.png,c:\Users\chris\Desktop\University\Thesis\AutomaticMicrogliaMorphologyAnalysis\AnnotationsData\Segmentations\masks\Image_2020-016_Temporal pole_Iba1_Batch 1.vsi - 20x_BF_01\MG_whole\ann-141__x-34953_y-10980_w-110_h-91__ds-1.png,MG_whole,Image_2020-016_Temporal pole_Iba1_Batch 1.vsi - 20x_BF_01,medium
1897,c:\Users\chris\Desktop\University\Thesis\AutomaticMicrogliaMorphologyAnalysis\AnnotationsData\Segmentations\images\Image_2020-016_Temporal pole_Iba1_Batch 1.vsi - 20x_BF_01\MG_whole\ann-143__x-34879_y-13917_w-173_h-253__ds-1.png,c:\Users\chris\Desktop\University\Thesis\AutomaticMicrogliaMorphologyAnalysis\AnnotationsData\Segmentations\masks\Image_2020-016_Temporal pole_Iba1_Batch 1.vsi - 20x_BF_01\MG_whole\ann-143__x-34879_y-13917_w-173_h-253__ds-1.png,MG_whole,Image_2020-016_Temporal pole_Iba1_Batch 1.vsi - 20x_BF_01,good
1898,c:\Users\chris\Desktop\University\Thesis\AutomaticMicrogliaMorphologyAnalysis\AnnotationsData\Segmentations\images\Image_2020-016_Temporal pole_Iba1_Batch 1.vsi - 20x_BF_01\MG_whole\ann-147__x-32009_y-15161_w-108_h-190__ds-1.png,c:\Users\chris\Desktop\University\Thesis\AutomaticMicrogliaMorphologyAnalysis\AnnotationsData\Segmentations\masks\Image_2020-016_Temporal pole_Iba1_Batch 1.vsi - 20x_BF_01\MG_whole\ann-147__x-32009_y-15161_w-108_h-190__ds-1.png,MG_whole,Image_2020-016_Temporal pole_Iba1_Batch 1.vsi - 20x_BF_01,good
1899,c:\Users\chris\Desktop\University\Thesis\AutomaticMicrogliaMorphologyAnalysis\AnnotationsData\Segmentations\images\Image_2020-016_Temporal pole_Iba1_Batch 1.vsi - 20x_BF_01\MG_whole\ann-148__x-32422_y-15229_w-123_h-197__ds-1.png,c:\Users\chris\Desktop\University\Thesis\AutomaticMicrogliaMorphologyAnalysis\AnnotationsData\Segmentations\masks\Image_2020-016_Temporal pole_Iba1_Batch 1.vsi - 20x_BF_01\MG_whole\ann-148__x-32422_y-15229_w-123_h-197__ds-1.png,MG_whole,Image_2020-016_Temporal pole_Iba1_Batch 1.vsi - 20x_BF_01,good
1900,c:\Users\chris\Desktop\University\Thesis\AutomaticMicrogliaMorphologyAnalysis\AnnotationsData\Segmentations\images\Image_2020-016_Temporal pole_Iba1_Batch 1.vsi - 20x_BF_01\MG_whole\ann-149__x-32378_y-14953_w-156_h-136__ds-1.png,c:\Users\chris\Desktop\University\Thesis\AutomaticMicrogliaMorphologyAnalysis\AnnotationsData\Segmentations\masks\Image_2020-016_Temporal pole_Iba1_Batch 1.vsi - 20x_BF_01\MG_whole\ann-149__x-32378_y-14953_w-156_h-136__ds-1.png,MG_whole,Image_2020-016_Temporal pole_Iba1_Batch 1.vsi - 20x_BF_01,good
1901,c:\Users\chris\Desktop\University\Thesis\AutomaticMicrogliaMorphologyAnalysis\AnnotationsData\Segmentations\images\Image_2020-016_Temporal pole_Iba1_Batch 1.vsi - 20x_BF_01\MG_whole\ann-14__x-43735_y-13913_w-59_h-105__ds-1.png,c:\Users\chris\Desktop\University\Thesis\AutomaticMicrogliaMorphologyAnalysis\AnnotationsData\Segmentations\masks\Image_2020-016_Temporal pole_Iba1_Batch 1.vsi - 20x_BF_01\MG_whole\ann-14__x-43735_y-13913_w-59_h-105__ds-1.png,MG_whole,Image_2020-016_Temporal pole_Iba1_Batch 1.vsi - 20x_BF_01,good
1902,c:\Users\chris\Desktop\University\Thesis\AutomaticMicrogliaMorphologyAnalysis\AnnotationsData\Segmentations\images\Image_2020-016_Temporal pole_Iba1_Batch 1.vsi - 20x_BF_01\MG_whole\ann-151__x-30422_y-14766_w-182_h-156__ds-1.png,c:\Users\chris\Desktop\University\Thesis\AutomaticMicrogliaMorphologyAnalysis\AnnotationsData\Segmentations\masks\Image_2020-016_Temporal pole_Iba1_Batch 1.vsi - 20x_BF_01\MG_whole\ann-151__x-30422_y-14766_w-182_h-156__ds-1.png,MG_whole,Image_2020-016_Temporal pole_Iba1_Batch 1.vsi - 20x_BF_01,good
1903,c:\Users\chris\Desktop\University\Thesis\AutomaticMicrogliaMorphologyAnalysis\AnnotationsData\Segmentations\images\Image_2020-016_Temporal pole_Iba1_Batch 1.vsi - 20x_BF_01\MG_whole\ann-154__x-30332_y-13879_w-139_h-177__ds-1.png,c:\Users\chris\Desktop\University\Thesis\AutomaticMicrogliaMorphologyAnalysis\AnnotationsData\Segmentations\masks\Image_2020-016_Temporal pole_Iba1_Batch 1.vsi - 20x_BF_01\MG_whole\ann-154__x-30332_y-13879_w-139_h-177__ds-1.png,MG_whole,Image_2020-016_Temporal pole_Iba1_Batch 1.vsi - 20x_BF_01,good
1904,c:\Users\chris\Desktop\University\Thesis\AutomaticMicrogliaMorphologyAnalysis\AnnotationsData\Segmentations\images\Image_2020-016_Temporal pole_Iba1_Batch 1.vsi - 20x_BF_01\MG_whole\ann-155__x-30250_y-14013_w-146_h-122__ds-1.png,c:\Users\chris\Desktop\University\Thesis\AutomaticMicrogliaMorphologyAnalysis\AnnotationsData\Segmentations\masks\Image_2020-016_Temporal pole_Iba1_Batch 1.vsi - 20x_BF_01\MG_whole\ann-155__x-30250_y-14013_w-146_h-122__ds-1.png,MG_whole,Image_2020-016_Temporal pole_Iba1_Batch 1.vsi - 20x_BF_01,good
1905,c:\Users\chris\Desktop\University\Thesis\AutomaticMicrogliaMorphologyAnalysis\AnnotationsData\Segmentations\images\Image_2020-016_Temporal pole_Iba1_Batch 1.vsi - 20x_BF_01\MG_whole\ann-157__x-30470_y-13937_w-139_h-111__ds-1.png,c:\Users\chris\Desktop\University\Thesis\AutomaticMicrogliaMorphologyAnalysis\AnnotationsData\Segmentations\masks\Image_2020-016_Temporal pole_Iba1_Batch 1.vsi - 20x_BF_01\MG_whole\ann-157__x-30470_y-13937_w-139_h-111__ds-1.png,MG_whole,Image_2020-016_Temporal pole_Iba1_Batch 1.vsi - 20x_BF_01,medium
1906,c:\Users\chris\Desktop\University\Thesis\AutomaticMicrogliaMorphologyAnalysis\AnnotationsData\Segmentations\images\Image_2020-016_Temporal pole_Iba1_Batch 1.vsi - 20x_BF_01\MG_whole\ann-15__x-43690_y-14048_w-104_h-144__ds-1.png,c:\Users\chris\Desktop\University\Thesis\AutomaticMicrogliaMorphologyAnalysis\AnnotationsData\Segmentations\masks\Image_2020-016_Temporal pole_Iba1_Batch 1.vsi - 20x_BF_01\MG_whole\ann-15__x-43690_y-14048_w-104_h-144__ds-1.png,MG_whole,Image_2020-016_Temporal pole_Iba1_Batch 1.vsi - 20x_BF_01,medium
1907,c:\Users\chris\Desktop\University\Thesis\AutomaticMicrogliaMorphologyAnalysis\AnnotationsData\Segmentations\images\Image_2020-016_Temporal pole_Iba1_Batch 1.vsi - 20x_BF_01\MG_whole\ann-160__x-32661_y-16232_w-217_h-147__ds-1.png,c:\Users\chris\Desktop\University\Thesis\AutomaticMicrogliaMorphologyAnalysis\AnnotationsData\Segmentations\masks\Image_2020-016_Temporal pole_Iba1_Batch 1.vsi - 20x_BF_01\MG_whole\ann-160__x-32661_y-16232_w-217_h-147__ds-1.png,MG_whole,Image_2020-016_Temporal pole_Iba1_Batch 1.vsi - 20x_BF_01,good
1908,c:\Users\chris\Desktop\University\Thesis\AutomaticMicrogliaMorphologyAnalysis\AnnotationsData\Segmentations\images\Image_2020-016_Temporal pole_Iba1_Batch 1.vsi - 20x_BF_01\MG_whole\ann-161__x-33007_y-15986_w-148_h-120__ds-1.png,c:\Users\chris\Desktop\University\Thesis\AutomaticMicrogliaMorphologyAnalysis\AnnotationsData\Segmentations\masks\Image_2020-016_Temporal pole_Iba1_Batch 1.vsi - 20x_BF_01\MG_whole\ann-161__x-33007_y-15986_w-148_h-120__ds-1.png,MG_whole,Image_2020-016_Temporal pole_Iba1_Batch 1.vsi - 20x_BF_01,good
1909,c:\Users\chris\Desktop\University\Thesis\AutomaticMicrogliaMorphologyAnalysis\AnnotationsData\Segmentations\images\Image_2020-016_Temporal pole_Iba1_Batch 1.vsi - 20x_BF_01\MG_whole\ann-163__x-32812_y-16959_w-170_h-167__ds-1.png,c:\Users\chris\Desktop\University\Thesis\AutomaticMicrogliaMorphologyAnalysis\AnnotationsData\Segmentations\masks\Image_2020-016_Temporal pole_Iba1_Batch 1.vsi - 20x_BF_01\MG_whole\ann-163__x-32812_y-16959_w-170_h-167__ds-1.png,MG_whole,Image_2020-016_Temporal pole_Iba1_Batch 1.vsi - 20x_BF_01,good
1910,c:\Users\chris\Desktop\University\Thesis\AutomaticMicrogliaMorphologyAnalysis\AnnotationsData\Segmentations\images\Image_2020-016_Temporal pole_Iba1_Batch 1.vsi - 20x_BF_01\MG_whole\ann-167__x-29483_y-17789_w-181_h-101__ds-1.png,c:\Users\chris\Desktop\University\Thesis\AutomaticMicrogliaMorphologyAnalysis\AnnotationsData\Segmentations\masks\Image_2020-016_Temporal pole_Iba1_Batch 1.vsi - 20x_BF_01\MG_whole\ann-167__x-29483_y-17789_w-181_h-101__ds-1.png,MG_whole,Image_2020-016_Temporal pole_Iba1_Batch 1.vsi - 20x_BF_01,good
1911,c:\Users\chris\Desktop\University\Thesis\AutomaticMicrogliaMorphologyAnalysis\AnnotationsData\Segmentations\images\Image_2020-016_Temporal pole_Iba1_Batch 1.vsi - 20x_BF_01\MG_whole\ann-168__x-29765_y-18039_w-156_h-144__ds-1.png,c:\Users\chris\Desktop\University\Thesis\AutomaticMicrogliaMorphologyAnalysis\AnnotationsData\Segmentations\masks\Image_2020-016_Temporal pole_Iba1_Batch 1.vsi - 20x_BF_01\MG_whole\ann-168__x-29765_y-18039_w-156_h-144__ds-1.png,MG_whole,Image_2020-016_Temporal pole_Iba1_Batch 1.vsi - 20x_BF_01,good
1912,c:\Users\chris\Desktop\University\Thesis\AutomaticMicrogliaMorphologyAnalysis\AnnotationsData\Segmentations\images\Image_2020-016_Temporal pole_Iba1_Batch 1.vsi - 20x_BF_01\MG_whole\ann-169__x-29912_y-18102_w-102_h-71__ds-1.png,c:\Users\chris\Desktop\University\Thesis\AutomaticMicrogliaMorphologyAnalysis\AnnotationsData\Segmentations\masks\Image_2020-016_Temporal pole_Iba1_Batch 1.vsi - 20x_BF_01\MG_whole\ann-169__x-29912_y-18102_w-102_h-71__ds-1.png,MG_whole,Image_2020-016_Temporal pole_Iba1_Batch 1.vsi - 20x_BF_01,good
1913,c:\Users\chris\Desktop\University\Thesis\AutomaticMicrogliaMorphologyAnalysis\AnnotationsData\Segmentations\images\Image_2020-016_Temporal pole_Iba1_Batch 1.vsi - 20x_BF_01\MG_whole\ann-16__x-43760_y-14230_w-132_h-90__ds-1.png,c:\Users\chris\Desktop\University\Thesis\AutomaticMicrogliaMorphologyAnalysis\AnnotationsData\Segmentations\masks\Image_2020-016_Temporal pole_Iba1_Batch 1.vsi - 20x_BF_01\MG_whole\ann-16__x-43760_y-14230_w-132_h-90__ds-1.png,MG_whole,Image_2020-016_Temporal pole_Iba1_Batch 1.vsi - 20x_BF_01,good
1914,c:\Users\chris\Desktop\University\Thesis\AutomaticMicrogliaMorphologyAnalysis\AnnotationsData\Segmentations\images\Image_2020-016_Temporal pole_Iba1_Batch 1.vsi - 20x_BF_01\MG_whole\ann-171__x-55905_y-15434_w-158_h-148__ds-1.png,c:\Users\chris\Desktop\University\Thesis\AutomaticMicrogliaMorphologyAnalysis\AnnotationsData\Segmentations\masks\Image_2020-016_Temporal pole_Iba1_Batch 1.vsi - 20x_BF_01\MG_whole\ann-171__x-55905_y-15434_w-158_h-148__ds-1.png,MG_whole,Image_2020-016_Temporal pole_Iba1_Batch 1.vsi - 20x_BF_01,good
1915,c:\Users\chris\Desktop\University\Thesis\AutomaticMicrogliaMorphologyAnalysis\AnnotationsData\Segmentations\images\Image_2020-016_Temporal pole_Iba1_Batch 1.vsi - 20x_BF_01\MG_whole\ann-173__x-57147_y-15981_w-123_h-103__ds-1.png,c:\Users\chris\Desktop\University\Thesis\AutomaticMicrogliaMorphologyAnalysis\AnnotationsData\Segmentations\masks\Image_2020-016_Temporal pole_Iba1_Batch 1.vsi - 20x_BF_01\MG_whole\ann-173__x-57147_y-15981_w-123_h-103__ds-1.png,MG_whole,Image_2020-016_Temporal pole_Iba1_Batch 1.vsi - 20x_BF_01,medium
1916,c:\Users\chris\Desktop\University\Thesis\AutomaticMicrogliaMorphologyAnalysis\AnnotationsData\Segmentations\images\Image_2020-016_Temporal pole_Iba1_Batch 1.vsi - 20x_BF_01\MG_whole\ann-176__x-56806_y-17049_w-123_h-124__ds-1.png,c:\Users\chris\Desktop\University\Thesis\AutomaticMicrogliaMorphologyAnalysis\AnnotationsData\Segmentations\masks\Image_2020-016_Temporal pole_Iba1_Batch 1.vsi - 20x_BF_01\MG_whole\ann-176__x-56806_y-17049_w-123_h-124__ds-1.png,MG_whole,Image_2020-016_Temporal pole_Iba1_Batch 1.vsi - 20x_BF_01,good
1917,c:\Users\chris\Desktop\University\Thesis\AutomaticMicrogliaMorphologyAnalysis\AnnotationsData\Segmentations\images\Image_2020-016_Temporal pole_Iba1_Batch 1.vsi - 20x_BF_01\MG_whole\ann-177__x-57479_y-17011_w-113_h-62__ds-1.png,c:\Users\chris\Desktop\University\Thesis\AutomaticMicrogliaMorphologyAnalysis\AnnotationsData\Segmentations\masks\Image_2020-016_Temporal pole_Iba1_Batch 1.vsi - 20x_BF_01\MG_whole\ann-177__x-57479_y-17011_w-113_h-62__ds-1.png,MG_whole,Image_2020-016_Temporal pole_Iba1_Batch 1.vsi - 20x_BF_01,medium
1918,c:\Users\chris\Desktop\University\Thesis\AutomaticMicrogliaMorphologyAnalysis\AnnotationsData\Segmentations\images\Image_2020-016_Temporal pole_Iba1_Batch 1.vsi - 20x_BF_01\MG_whole\ann-17__x-43772_y-14401_w-168_h-133__ds-1.png,c:\Users\chris\Desktop\University\Thesis\AutomaticMicrogliaMorphologyAnalysis\AnnotationsData\Segmentations\masks\Image_2020-016_Temporal pole_Iba1_Batch 1.vsi - 20x_BF_01\MG_whole\ann-17__x-43772_y-14401_w-168_h-133__ds-1.png,MG_whole,Image_2020-016_Temporal pole_Iba1_Batch 1.vsi - 20x_BF_01,good
1919,c:\Users\chris\Desktop\University\Thesis\AutomaticMicrogliaMorphologyAnalysis\AnnotationsData\Segmentations\images\Image_2020-016_Temporal pole_Iba1_Batch 1.vsi - 20x_BF_01\MG_whole\ann-180__x-56497_y-18211_w-153_h-154__ds-1.png,c:\Users\chris\Desktop\University\Thesis\AutomaticMicrogliaMorphologyAnalysis\AnnotationsData\Segmentations\masks\Image_2020-016_Temporal pole_Iba1_Batch 1.vsi - 20x_BF_01\MG_whole\ann-180__x-56497_y-18211_w-153_h-154__ds-1.png,MG_whole,Image_2020-016_Temporal pole_Iba1_Batch 1.vsi - 20x_BF_01,good
1920,c:\Users\chris\Desktop\University\Thesis\AutomaticMicrogliaMorphologyAnalysis\AnnotationsData\Segmentations\images\Image_2020-016_Temporal pole_Iba1_Batch 1.vsi - 20x_BF_01\MG_whole\ann-181__x-56471_y-18512_w-153_h-75__ds-1.png,c:\Users\chris\Desktop\University\Thesis\AutomaticMicrogliaMorphologyAnalysis\AnnotationsData\Segmentations\masks\Image_2020-016_Temporal pole_Iba1_Batch 1.vsi - 20x_BF_01\MG_whole\ann-181__x-56471_y-18512_w-153_h-75__ds-1.png,MG_whole,Image_2020-016_Temporal pole_Iba1_Batch 1.vsi - 20x_BF_01,medium
1921,c:\Users\chris\Desktop\University\Thesis\AutomaticMicrogliaMorphologyAnalysis\AnnotationsData\Segmentations\images\Image_2020-016_Temporal pole_Iba1_Batch 1.vsi - 20x_BF_01\MG_whole\ann-184__x-56030_y-17583_w-196_h-141__ds-1.png,c:\Users\chris\Desktop\University\Thesis\AutomaticMicrogliaMorphologyAnalysis\AnnotationsData\Segmentations\masks\Image_2020-016_Temporal pole_Iba1_Batch 1.vsi - 20x_BF_01\MG_whole\ann-184__x-56030_y-17583_w-196_h-141__ds-1.png,MG_whole,Image_2020-016_Temporal pole_Iba1_Batch 1.vsi - 20x_BF_01,good
1922,c:\Users\chris\Desktop\University\Thesis\AutomaticMicrogliaMorphologyAnalysis\AnnotationsData\Segmentations\images\Image_2020-016_Temporal pole_Iba1_Batch 1.vsi - 20x_BF_01\MG_whole\ann-185__x-56067_y-17836_w-183_h-158__ds-1.png,c:\Users\chris\Desktop\University\Thesis\AutomaticMicrogliaMorphologyAnalysis\AnnotationsData\Segmentations\masks\Image_2020-016_Temporal pole_Iba1_Batch 1.vsi - 20x_BF_01\MG_whole\ann-185__x-56067_y-17836_w-183_h-158__ds-1.png,MG_whole,Image_2020-016_Temporal pole_Iba1_Batch 1.vsi - 20x_BF_01,good
1923,c:\Users\chris\Desktop\University\Thesis\AutomaticMicrogliaMorphologyAnalysis\AnnotationsData\Segmentations\images\Image_2020-016_Temporal pole_Iba1_Batch 1.vsi - 20x_BF_01\MG_whole\ann-188__x-54776_y-18440_w-139_h-130__ds-1.png,c:\Users\chris\Desktop\University\Thesis\AutomaticMicrogliaMorphologyAnalysis\AnnotationsData\Segmentations\masks\Image_2020-016_Temporal pole_Iba1_Batch 1.vsi - 20x_BF_01\MG_whole\ann-188__x-54776_y-18440_w-139_h-130__ds-1.png,MG_whole,Image_2020-016_Temporal pole_Iba1_Batch 1.vsi - 20x_BF_01,good
1924,c:\Users\chris\Desktop\University\Thesis\AutomaticMicrogliaMorphologyAnalysis\AnnotationsData\Segmentations\images\Image_2020-016_Temporal pole_Iba1_Batch 1.vsi - 20x_BF_01\MG_whole\ann-189__x-55482_y-18575_w-97_h-143__ds-1.png,c:\Users\chris\Desktop\University\Thesis\AutomaticMicrogliaMorphologyAnalysis\AnnotationsData\Segmentations\masks\Image_2020-016_Temporal pole_Iba1_Batch 1.vsi - 20x_BF_01\MG_whole\ann-189__x-55482_y-18575_w-97_h-143__ds-1.png,MG_whole,Image_2020-016_Temporal pole_Iba1_Batch 1.vsi - 20x_BF_01,good
1925,c:\Users\chris\Desktop\University\Thesis\AutomaticMicrogliaMorphologyAnalysis\AnnotationsData\Segmentations\images\Image_2020-016_Temporal pole_Iba1_Batch 1.vsi - 20x_BF_01\MG_whole\ann-18__x-44106_y-14019_w-109_h-74__ds-1.png,c:\Users\chris\Desktop\University\Thesis\AutomaticMicrogliaMorphologyAnalysis\AnnotationsData\Segmentations\masks\Image_2020-016_Temporal pole_Iba1_Batch 1.vsi - 20x_BF_01\MG_whole\ann-18__x-44106_y-14019_w-109_h-74__ds-1.png,MG_whole,Image_2020-016_Temporal pole_Iba1_Batch 1.vsi - 20x_BF_01,good
1926,c:\Users\chris\Desktop\University\Thesis\AutomaticMicrogliaMorphologyAnalysis\AnnotationsData\Segmentations\images\Image_2020-016_Temporal pole_Iba1_Batch 1.vsi - 20x_BF_01\MG_whole\ann-191__x-25832_y-24203_w-131_h-155__ds-1.png,c:\Users\chris\Desktop\University\Thesis\AutomaticMicrogliaMorphologyAnalysis\AnnotationsData\Segmentations\masks\Image_2020-016_Temporal pole_Iba1_Batch 1.vsi - 20x_BF_01\MG_whole\ann-191__x-25832_y-24203_w-131_h-155__ds-1.png,MG_whole,Image_2020-016_Temporal pole_Iba1_Batch 1.vsi - 20x_BF_01,good
1927,c:\Users\chris\Desktop\University\Thesis\AutomaticMicrogliaMorphologyAnalysis\AnnotationsData\Segmentations\images\Image_2020-016_Temporal pole_Iba1_Batch 1.vsi - 20x_BF_01\MG_whole\ann-193__x-23579_y-22622_w-144_h-210__ds-1.png,c:\Users\chris\Desktop\University\Thesis\AutomaticMicrogliaMorphologyAnalysis\AnnotationsData\Segmentations\masks\Image_2020-016_Temporal pole_Iba1_Batch 1.vsi - 20x_BF_01\MG_whole\ann-193__x-23579_y-22622_w-144_h-210__ds-1.png,MG_whole,Image_2020-016_Temporal pole_Iba1_Batch 1.vsi - 20x_BF_01,medium
1928,c:\Users\chris\Desktop\University\Thesis\AutomaticMicrogliaMorphologyAnalysis\AnnotationsData\Segmentations\images\Image_2020-016_Temporal pole_Iba1_Batch 1.vsi - 20x_BF_01\MG_whole\ann-195__x-24665_y-23793_w-166_h-113__ds-1.png,c:\Users\chris\Desktop\University\Thesis\AutomaticMicrogliaMorphologyAnalysis\AnnotationsData\Segmentations\masks\Image_2020-016_Temporal pole_Iba1_Batch 1.vsi - 20x_BF_01\MG_whole\ann-195__x-24665_y-23793_w-166_h-113__ds-1.png,MG_whole,Image_2020-016_Temporal pole_Iba1_Batch 1.vsi - 20x_BF_01,good
1929,c:\Users\chris\Desktop\University\Thesis\AutomaticMicrogliaMorphologyAnalysis\AnnotationsData\Segmentations\images\Image_2020-016_Temporal pole_Iba1_Batch 1.vsi - 20x_BF_01\MG_whole\ann-197__x-22808_y-21023_w-126_h-106__ds-1.png,c:\Users\chris\Desktop\University\Thesis\AutomaticMicrogliaMorphologyAnalysis\AnnotationsData\Segmentations\masks\Image_2020-016_Temporal pole_Iba1_Batch 1.vsi - 20x_BF_01\MG_whole\ann-197__x-22808_y-21023_w-126_h-106__ds-1.png,MG_whole,Image_2020-016_Temporal pole_Iba1_Batch 1.vsi - 20x_BF_01,good
1930,c:\Users\chris\Desktop\University\Thesis\AutomaticMicrogliaMorphologyAnalysis\AnnotationsData\Segmentations\images\Image_2020-016_Temporal pole_Iba1_Batch 1.vsi - 20x_BF_01\MG_whole\ann-19__x-44105_y-13850_w-67_h-163__ds-1.png,c:\Users\chris\Desktop\University\Thesis\AutomaticMicrogliaMorphologyAnalysis\AnnotationsData\Segmentations\masks\Image_2020-016_Temporal pole_Iba1_Batch 1.vsi - 20x_BF_01\MG_whole\ann-19__x-44105_y-13850_w-67_h-163__ds-1.png,MG_whole,Image_2020-016_Temporal pole_Iba1_Batch 1.vsi - 20x_BF_01,good
1931,c:\Users\chris\Desktop\University\Thesis\AutomaticMicrogliaMorphologyAnalysis\AnnotationsData\Segmentations\images\Image_2020-016_Temporal pole_Iba1_Batch 1.vsi - 20x_BF_01\MG_whole\ann-200__x-21917_y-21221_w-115_h-108__ds-1.png,c:\Users\chris\Desktop\University\Thesis\AutomaticMicrogliaMorphologyAnalysis\AnnotationsData\Segmentations\masks\Image_2020-016_Temporal pole_Iba1_Batch 1.vsi - 20x_BF_01\MG_whole\ann-200__x-21917_y-21221_w-115_h-108__ds-1.png,MG_whole,Image_2020-016_Temporal pole_Iba1_Batch 1.vsi - 20x_BF_01,good
1932,c:\Users\chris\Desktop\University\Thesis\AutomaticMicrogliaMorphologyAnalysis\AnnotationsData\Segmentations\images\Image_2020-016_Temporal pole_Iba1_Batch 1.vsi - 20x_BF_01\MG_whole\ann-201__x-22157_y-21544_w-235_h-130__ds-1.png,c:\Users\chris\Desktop\University\Thesis\AutomaticMicrogliaMorphologyAnalysis\AnnotationsData\Segmentations\masks\Image_2020-016_Temporal pole_Iba1_Batch 1.vsi - 20x_BF_01\MG_whole\ann-201__x-22157_y-21544_w-235_h-130__ds-1.png,MG_whole,Image_2020-016_Temporal pole_Iba1_Batch 1.vsi - 20x_BF_01,good
1933,c:\Users\chris\Desktop\University\Thesis\AutomaticMicrogliaMorphologyAnalysis\AnnotationsData\Segmentations\images\Image_2020-016_Temporal pole_Iba1_Batch 1.vsi - 20x_BF_01\MG_whole\ann-203__x-22447_y-21723_w-96_h-144__ds-1.png,c:\Users\chris\Desktop\University\Thesis\AutomaticMicrogliaMorphologyAnalysis\AnnotationsData\Segmentations\masks\Image_2020-016_Temporal pole_Iba1_Batch 1.vsi - 20x_BF_01\MG_whole\ann-203__x-22447_y-21723_w-96_h-144__ds-1.png,MG_whole,Image_2020-016_Temporal pole_Iba1_Batch 1.vsi - 20x_BF_01,good
1934,c:\Users\chris\Desktop\University\Thesis\AutomaticMicrogliaMorphologyAnalysis\AnnotationsData\Segmentations\images\Image_2020-016_Temporal pole_Iba1_Batch 1.vsi - 20x_BF_01\MG_whole\ann-205__x-21458_y-22658_w-124_h-190__ds-1.png,c:\Users\chris\Desktop\University\Thesis\AutomaticMicrogliaMorphologyAnalysis\AnnotationsData\Segmentations\masks\Image_2020-016_Temporal pole_Iba1_Batch 1.vsi - 20x_BF_01\MG_whole\ann-205__x-21458_y-22658_w-124_h-190__ds-1.png,MG_whole,Image_2020-016_Temporal pole_Iba1_Batch 1.vsi - 20x_BF_01,medium
1935,c:\Users\chris\Desktop\University\Thesis\AutomaticMicrogliaMorphologyAnalysis\AnnotationsData\Segmentations\images\Image_2020-016_Temporal pole_Iba1_Batch 1.vsi - 20x_BF_01\MG_whole\ann-208__x-20865_y-22195_w-57_h-121__ds-1.png,c:\Users\chris\Desktop\University\Thesis\AutomaticMicrogliaMorphologyAnalysis\AnnotationsData\Segmentations\masks\Image_2020-016_Temporal pole_Iba1_Batch 1.vsi - 20x_BF_01\MG_whole\ann-208__x-20865_y-22195_w-57_h-121__ds-1.png,MG_whole,Image_2020-016_Temporal pole_Iba1_Batch 1.vsi - 20x_BF_01,medium
1936,c:\Users\chris\Desktop\University\Thesis\AutomaticMicrogliaMorphologyAnalysis\AnnotationsData\Segmentations\images\Image_2020-016_Temporal pole_Iba1_Batch 1.vsi - 20x_BF_01\MG_whole\ann-209__x-20723_y-22172_w-120_h-137__ds-1.png,c:\Users\chris\Desktop\University\Thesis\AutomaticMicrogliaMorphologyAnalysis\AnnotationsData\Segmentations\masks\Image_2020-016_Temporal pole_Iba1_Batch 1.vsi - 20x_BF_01\MG_whole\ann-209__x-20723_y-22172_w-120_h-137__ds-1.png,MG_whole,Image_2020-016_Temporal pole_Iba1_Batch 1.vsi - 20x_BF_01,good
1937,c:\Users\chris\Desktop\University\Thesis\AutomaticMicrogliaMorphologyAnalysis\AnnotationsData\Segmentations\images\Image_2020-016_Temporal pole_Iba1_Batch 1.vsi - 20x_BF_01\MG_whole\ann-212__x-19904_y-22257_w-77_h-128__ds-1.png,c:\Users\chris\Desktop\University\Thesis\AutomaticMicrogliaMorphologyAnalysis\AnnotationsData\Segmentations\masks\Image_2020-016_Temporal pole_Iba1_Batch 1.vsi - 20x_BF_01\MG_whole\ann-212__x-19904_y-22257_w-77_h-128__ds-1.png,MG_whole,Image_2020-016_Temporal pole_Iba1_Batch 1.vsi - 20x_BF_01,medium
1938,c:\Users\chris\Desktop\University\Thesis\AutomaticMicrogliaMorphologyAnalysis\AnnotationsData\Segmentations\images\Image_2020-016_Temporal pole_Iba1_Batch 1.vsi - 20x_BF_01\MG_whole\ann-213__x-19806_y-22156_w-100_h-48__ds-1.png,c:\Users\chris\Desktop\University\Thesis\AutomaticMicrogliaMorphologyAnalysis\AnnotationsData\Segmentations\masks\Image_2020-016_Temporal pole_Iba1_Batch 1.vsi - 20x_BF_01\MG_whole\ann-213__x-19806_y-22156_w-100_h-48__ds-1.png,MG_whole,Image_2020-016_Temporal pole_Iba1_Batch 1.vsi - 20x_BF_01,good
1939,c:\Users\chris\Desktop\University\Thesis\AutomaticMicrogliaMorphologyAnalysis\AnnotationsData\Segmentations\images\Image_2020-016_Temporal pole_Iba1_Batch 1.vsi - 20x_BF_01\MG_whole\ann-215__x-20694_y-20216_w-117_h-124__ds-1.png,c:\Users\chris\Desktop\University\Thesis\AutomaticMicrogliaMorphologyAnalysis\AnnotationsData\Segmentations\masks\Image_2020-016_Temporal pole_Iba1_Batch 1.vsi - 20x_BF_01\MG_whole\ann-215__x-20694_y-20216_w-117_h-124__ds-1.png,MG_whole,Image_2020-016_Temporal pole_Iba1_Batch 1.vsi - 20x_BF_01,good
1940,c:\Users\chris\Desktop\University\Thesis\AutomaticMicrogliaMorphologyAnalysis\AnnotationsData\Segmentations\images\Image_2020-016_Temporal pole_Iba1_Batch 1.vsi - 20x_BF_01\MG_whole\ann-217__x-21077_y-20098_w-144_h-166__ds-1.png,c:\Users\chris\Desktop\University\Thesis\AutomaticMicrogliaMorphologyAnalysis\AnnotationsData\Segmentations\masks\Image_2020-016_Temporal pole_Iba1_Batch 1.vsi - 20x_BF_01\MG_whole\ann-217__x-21077_y-20098_w-144_h-166__ds-1.png,MG_whole,Image_2020-016_Temporal pole_Iba1_Batch 1.vsi - 20x_BF_01,good
1941,c:\Users\chris\Desktop\University\Thesis\AutomaticMicrogliaMorphologyAnalysis\AnnotationsData\Segmentations\images\Image_2020-016_Temporal pole_Iba1_Batch 1.vsi - 20x_BF_01\MG_whole\ann-221__x-20238_y-18825_w-102_h-178__ds-1.png,c:\Users\chris\Desktop\University\Thesis\AutomaticMicrogliaMorphologyAnalysis\AnnotationsData\Segmentations\masks\Image_2020-016_Temporal pole_Iba1_Batch 1.vsi - 20x_BF_01\MG_whole\ann-221__x-20238_y-18825_w-102_h-178__ds-1.png,MG_whole,Image_2020-016_Temporal pole_Iba1_Batch 1.vsi - 20x_BF_01,medium
1942,c:\Users\chris\Desktop\University\Thesis\AutomaticMicrogliaMorphologyAnalysis\AnnotationsData\Segmentations\images\Image_2020-016_Temporal pole_Iba1_Batch 1.vsi - 20x_BF_01\MG_whole\ann-222__x-20418_y-19248_w-113_h-164__ds-1.png,c:\Users\chris\Desktop\University\Thesis\AutomaticMicrogliaMorphologyAnalysis\AnnotationsData\Segmentations\masks\Image_2020-016_Temporal pole_Iba1_Batch 1.vsi - 20x_BF_01\MG_whole\ann-222__x-20418_y-19248_w-113_h-164__ds-1.png,MG_whole,Image_2020-016_Temporal pole_Iba1_Batch 1.vsi - 20x_BF_01,good
1943,c:\Users\chris\Desktop\University\Thesis\AutomaticMicrogliaMorphologyAnalysis\AnnotationsData\Segmentations\images\Image_2020-016_Temporal pole_Iba1_Batch 1.vsi - 20x_BF_01\MG_whole\ann-223__x-20226_y-19414_w-114_h-83__ds-1.png,c:\Users\chris\Desktop\University\Thesis\AutomaticMicrogliaMorphologyAnalysis\AnnotationsData\Segmentations\masks\Image_2020-016_Temporal pole_Iba1_Batch 1.vsi - 20x_BF_01\MG_whole\ann-223__x-20226_y-19414_w-114_h-83__ds-1.png,MG_whole,Image_2020-016_Temporal pole_Iba1_Batch 1.vsi - 20x_BF_01,good
1944,c:\Users\chris\Desktop\University\Thesis\AutomaticMicrogliaMorphologyAnalysis\AnnotationsData\Segmentations\images\Image_2020-016_Temporal pole_Iba1_Batch 1.vsi - 20x_BF_01\MG_whole\ann-225__x-20552_y-18350_w-166_h-150__ds-1.png,c:\Users\chris\Desktop\University\Thesis\AutomaticMicrogliaMorphologyAnalysis\AnnotationsData\Segmentations\masks\Image_2020-016_Temporal pole_Iba1_Batch 1.vsi - 20x_BF_01\MG_whole\ann-225__x-20552_y-18350_w-166_h-150__ds-1.png,MG_whole,Image_2020-016_Temporal pole_Iba1_Batch 1.vsi - 20x_BF_01,good
1945,c:\Users\chris\Desktop\University\Thesis\AutomaticMicrogliaMorphologyAnalysis\AnnotationsData\Segmentations\images\Image_2020-016_Temporal pole_Iba1_Batch 1.vsi - 20x_BF_01\MG_whole\ann-227__x-20488_y-18643_w-167_h-135__ds-1.png,c:\Users\chris\Desktop\University\Thesis\AutomaticMicrogliaMorphologyAnalysis\AnnotationsData\Segmentations\masks\Image_2020-016_Temporal pole_Iba1_Batch 1.vsi - 20x_BF_01\MG_whole\ann-227__x-20488_y-18643_w-167_h-135__ds-1.png,MG_whole,Image_2020-016_Temporal pole_Iba1_Batch 1.vsi - 20x_BF_01,good
1946,c:\Users\chris\Desktop\University\Thesis\AutomaticMicrogliaMorphologyAnalysis\AnnotationsData\Segmentations\images\Image_2020-016_Temporal pole_Iba1_Batch 1.vsi - 20x_BF_01\MG_whole\ann-229__x-19783_y-16640_w-178_h-140__ds-1.png,c:\Users\chris\Desktop\University\Thesis\AutomaticMicrogliaMorphologyAnalysis\AnnotationsData\Segmentations\masks\Image_2020-016_Temporal pole_Iba1_Batch 1.vsi - 20x_BF_01\MG_whole\ann-229__x-19783_y-16640_w-178_h-140__ds-1.png,MG_whole,Image_2020-016_Temporal pole_Iba1_Batch 1.vsi - 20x_BF_01,good
1947,c:\Users\chris\Desktop\University\Thesis\AutomaticMicrogliaMorphologyAnalysis\AnnotationsData\Segmentations\images\Image_2020-016_Temporal pole_Iba1_Batch 1.vsi - 20x_BF_01\MG_whole\ann-22__x-43212_y-14567_w-130_h-216__ds-1.png,c:\Users\chris\Desktop\University\Thesis\AutomaticMicrogliaMorphologyAnalysis\AnnotationsData\Segmentations\masks\Image_2020-016_Temporal pole_Iba1_Batch 1.vsi - 20x_BF_01\MG_whole\ann-22__x-43212_y-14567_w-130_h-216__ds-1.png,MG_whole,Image_2020-016_Temporal pole_Iba1_Batch 1.vsi - 20x_BF_01,medium
1948,c:\Users\chris\Desktop\University\Thesis\AutomaticMicrogliaMorphologyAnalysis\AnnotationsData\Segmentations\images\Image_2020-016_Temporal pole_Iba1_Batch 1.vsi - 20x_BF_01\MG_whole\ann-231__x-19863_y-17375_w-98_h-86__ds-1.png,c:\Users\chris\Desktop\University\Thesis\AutomaticMicrogliaMorphologyAnalysis\AnnotationsData\Segmentations\masks\Image_2020-016_Temporal pole_Iba1_Batch 1.vsi - 20x_BF_01\MG_whole\ann-231__x-19863_y-17375_w-98_h-86__ds-1.png,MG_whole,Image_2020-016_Temporal pole_Iba1_Batch 1.vsi - 20x_BF_01,medium
1949,c:\Users\chris\Desktop\University\Thesis\AutomaticMicrogliaMorphologyAnalysis\AnnotationsData\Segmentations\images\Image_2020-016_Temporal pole_Iba1_Batch 1.vsi - 20x_BF_01\MG_whole\ann-233__x-19993_y-17303_w-75_h-53__ds-1.png,c:\Users\chris\Desktop\University\Thesis\AutomaticMicrogliaMorphologyAnalysis\AnnotationsData\Segmentations\masks\Image_2020-016_Temporal pole_Iba1_Batch 1.vsi - 20x_BF_01\MG_whole\ann-233__x-19993_y-17303_w-75_h-53__ds-1.png,MG_whole,Image_2020-016_Temporal pole_Iba1_Batch 1.vsi - 20x_BF_01,good
1950,c:\Users\chris\Desktop\University\Thesis\AutomaticMicrogliaMorphologyAnalysis\AnnotationsData\Segmentations\images\Image_2020-016_Temporal pole_Iba1_Batch 1.vsi - 20x_BF_01\MG_whole\ann-237__x-19886_y-16171_w-145_h-106__ds-1.png,c:\Users\chris\Desktop\University\Thesis\AutomaticMicrogliaMorphologyAnalysis\AnnotationsData\Segmentations\masks\Image_2020-016_Temporal pole_Iba1_Batch 1.vsi - 20x_BF_01\MG_whole\ann-237__x-19886_y-16171_w-145_h-106__ds-1.png,MG_whole,Image_2020-016_Temporal pole_Iba1_Batch 1.vsi - 20x_BF_01,medium
1951,c:\Users\chris\Desktop\University\Thesis\AutomaticMicrogliaMorphologyAnalysis\AnnotationsData\Segmentations\images\Image_2020-016_Temporal pole_Iba1_Batch 1.vsi - 20x_BF_01\MG_whole\ann-238__x-20039_y-16313_w-118_h-115__ds-1.png,c:\Users\chris\Desktop\University\Thesis\AutomaticMicrogliaMorphologyAnalysis\AnnotationsData\Segmentations\masks\Image_2020-016_Temporal pole_Iba1_Batch 1.vsi - 20x_BF_01\MG_whole\ann-238__x-20039_y-16313_w-118_h-115__ds-1.png,MG_whole,Image_2020-016_Temporal pole_Iba1_Batch 1.vsi - 20x_BF_01,good
1952,c:\Users\chris\Desktop\University\Thesis\AutomaticMicrogliaMorphologyAnalysis\AnnotationsData\Segmentations\images\Image_2020-016_Temporal pole_Iba1_Batch 1.vsi - 20x_BF_01\MG_whole\ann-239__x-19666_y-16430_w-70_h-80__ds-1.png,c:\Users\chris\Desktop\University\Thesis\AutomaticMicrogliaMorphologyAnalysis\AnnotationsData\Segmentations\masks\Image_2020-016_Temporal pole_Iba1_Batch 1.vsi - 20x_BF_01\MG_whole\ann-239__x-19666_y-16430_w-70_h-80__ds-1.png,MG_whole,Image_2020-016_Temporal pole_Iba1_Batch 1.vsi - 20x_BF_01,good
1953,c:\Users\chris\Desktop\University\Thesis\AutomaticMicrogliaMorphologyAnalysis\AnnotationsData\Segmentations\images\Image_2020-016_Temporal pole_Iba1_Batch 1.vsi - 20x_BF_01\MG_whole\ann-23__x-43101_y-14733_w-127_h-151__ds-1.png,c:\Users\chris\Desktop\University\Thesis\AutomaticMicrogliaMorphologyAnalysis\AnnotationsData\Segmentations\masks\Image_2020-016_Temporal pole_Iba1_Batch 1.vsi - 20x_BF_01\MG_whole\ann-23__x-43101_y-14733_w-127_h-151__ds-1.png,MG_whole,Image_2020-016_Temporal pole_Iba1_Batch 1.vsi - 20x_BF_01,good
1954,c:\Users\chris\Desktop\University\Thesis\AutomaticMicrogliaMorphologyAnalysis\AnnotationsData\Segmentations\images\Image_2020-016_Temporal pole_Iba1_Batch 1.vsi - 20x_BF_01\MG_whole\ann-241__x-21954_y-16490_w-167_h-100__ds-1.png,c:\Users\chris\Desktop\University\Thesis\AutomaticMicrogliaMorphologyAnalysis\AnnotationsData\Segmentations\masks\Image_2020-016_Temporal pole_Iba1_Batch 1.vsi - 20x_BF_01\MG_whole\ann-241__x-21954_y-16490_w-167_h-100__ds-1.png,MG_whole,Image_2020-016_Temporal pole_Iba1_Batch 1.vsi - 20x_BF_01,good
1955,c:\Users\chris\Desktop\University\Thesis\AutomaticMicrogliaMorphologyAnalysis\AnnotationsData\Segmentations\images\Image_2020-016_Temporal pole_Iba1_Batch 1.vsi - 20x_BF_01\MG_whole\ann-243__x-21445_y-15451_w-147_h-185__ds-1.png,c:\Users\chris\Desktop\University\Thesis\AutomaticMicrogliaMorphologyAnalysis\AnnotationsData\Segmentations\masks\Image_2020-016_Temporal pole_Iba1_Batch 1.vsi - 20x_BF_01\MG_whole\ann-243__x-21445_y-15451_w-147_h-185__ds-1.png,MG_whole,Image_2020-016_Temporal pole_Iba1_Batch 1.vsi - 20x_BF_01,good
1956,c:\Users\chris\Desktop\University\Thesis\AutomaticMicrogliaMorphologyAnalysis\AnnotationsData\Segmentations\images\Image_2020-016_Temporal pole_Iba1_Batch 1.vsi - 20x_BF_01\MG_whole\ann-245__x-19848_y-13972_w-179_h-85__ds-1.png,c:\Users\chris\Desktop\University\Thesis\AutomaticMicrogliaMorphologyAnalysis\AnnotationsData\Segmentations\masks\Image_2020-016_Temporal pole_Iba1_Batch 1.vsi - 20x_BF_01\MG_whole\ann-245__x-19848_y-13972_w-179_h-85__ds-1.png,MG_whole,Image_2020-016_Temporal pole_Iba1_Batch 1.vsi - 20x_BF_01,good
1957,c:\Users\chris\Desktop\University\Thesis\AutomaticMicrogliaMorphologyAnalysis\AnnotationsData\Segmentations\images\Image_2020-016_Temporal pole_Iba1_Batch 1.vsi - 20x_BF_01\MG_whole\ann-247__x-19934_y-14069_w-161_h-191__ds-1.png,c:\Users\chris\Desktop\University\Thesis\AutomaticMicrogliaMorphologyAnalysis\AnnotationsData\Segmentations\masks\Image_2020-016_Temporal pole_Iba1_Batch 1.vsi - 20x_BF_01\MG_whole\ann-247__x-19934_y-14069_w-161_h-191__ds-1.png,MG_whole,Image_2020-016_Temporal pole_Iba1_Batch 1.vsi - 20x_BF_01,good
1958,c:\Users\chris\Desktop\University\Thesis\AutomaticMicrogliaMorphologyAnalysis\AnnotationsData\Segmentations\images\Image_2020-016_Temporal pole_Iba1_Batch 1.vsi - 20x_BF_01\MG_whole\ann-250__x-19780_y-12854_w-113_h-125__ds-1.png,c:\Users\chris\Desktop\University\Thesis\AutomaticMicrogliaMorphologyAnalysis\AnnotationsData\Segmentations\masks\Image_2020-016_Temporal pole_Iba1_Batch 1.vsi - 20x_BF_01\MG_whole\ann-250__x-19780_y-12854_w-113_h-125__ds-1.png,MG_whole,Image_2020-016_Temporal pole_Iba1_Batch 1.vsi - 20x_BF_01,good
1959,c:\Users\chris\Desktop\University\Thesis\AutomaticMicrogliaMorphologyAnalysis\AnnotationsData\Segmentations\images\Image_2020-016_Temporal pole_Iba1_Batch 1.vsi - 20x_BF_01\MG_whole\ann-251__x-19544_y-13295_w-207_h-169__ds-1.png,c:\Users\chris\Desktop\University\Thesis\AutomaticMicrogliaMorphologyAnalysis\AnnotationsData\Segmentations\masks\Image_2020-016_Temporal pole_Iba1_Batch 1.vsi - 20x_BF_01\MG_whole\ann-251__x-19544_y-13295_w-207_h-169__ds-1.png,MG_whole,Image_2020-016_Temporal pole_Iba1_Batch 1.vsi - 20x_BF_01,good
1960,c:\Users\chris\Desktop\University\Thesis\AutomaticMicrogliaMorphologyAnalysis\AnnotationsData\Segmentations\images\Image_2020-016_Temporal pole_Iba1_Batch 1.vsi - 20x_BF_01\MG_whole\ann-253__x-19806_y-12337_w-128_h-132__ds-1.png,c:\Users\chris\Desktop\University\Thesis\AutomaticMicrogliaMorphologyAnalysis\AnnotationsData\Segmentations\masks\Image_2020-016_Temporal pole_Iba1_Batch 1.vsi - 20x_BF_01\MG_whole\ann-253__x-19806_y-12337_w-128_h-132__ds-1.png,MG_whole,Image_2020-016_Temporal pole_Iba1_Batch 1.vsi - 20x_BF_01,good
1961,c:\Users\chris\Desktop\University\Thesis\AutomaticMicrogliaMorphologyAnalysis\AnnotationsData\Segmentations\images\Image_2020-016_Temporal pole_Iba1_Batch 1.vsi - 20x_BF_01\MG_whole\ann-257__x-19043_y-14942_w-161_h-93__ds-1.png,c:\Users\chris\Desktop\University\Thesis\AutomaticMicrogliaMorphologyAnalysis\AnnotationsData\Segmentations\masks\Image_2020-016_Temporal pole_Iba1_Batch 1.vsi - 20x_BF_01\MG_whole\ann-257__x-19043_y-14942_w-161_h-93__ds-1.png,MG_whole,Image_2020-016_Temporal pole_Iba1_Batch 1.vsi - 20x_BF_01,good
1962,c:\Users\chris\Desktop\University\Thesis\AutomaticMicrogliaMorphologyAnalysis\AnnotationsData\Segmentations\images\Image_2020-016_Temporal pole_Iba1_Batch 1.vsi - 20x_BF_01\MG_whole\ann-258__x-19138_y-14760_w-125_h-143__ds-1.png,c:\Users\chris\Desktop\University\Thesis\AutomaticMicrogliaMorphologyAnalysis\AnnotationsData\Segmentations\masks\Image_2020-016_Temporal pole_Iba1_Batch 1.vsi - 20x_BF_01\MG_whole\ann-258__x-19138_y-14760_w-125_h-143__ds-1.png,MG_whole,Image_2020-016_Temporal pole_Iba1_Batch 1.vsi - 20x_BF_01,good
1963,c:\Users\chris\Desktop\University\Thesis\AutomaticMicrogliaMorphologyAnalysis\AnnotationsData\Segmentations\images\Image_2020-016_Temporal pole_Iba1_Batch 1.vsi - 20x_BF_01\MG_whole\ann-259__x-18938_y-14768_w-177_h-112__ds-1.png,c:\Users\chris\Desktop\University\Thesis\AutomaticMicrogliaMorphologyAnalysis\AnnotationsData\Segmentations\masks\Image_2020-016_Temporal pole_Iba1_Batch 1.vsi - 20x_BF_01\MG_whole\ann-259__x-18938_y-14768_w-177_h-112__ds-1.png,MG_whole,Image_2020-016_Temporal pole_Iba1_Batch 1.vsi - 20x_BF_01,good
1964,c:\Users\chris\Desktop\University\Thesis\AutomaticMicrogliaMorphologyAnalysis\AnnotationsData\Segmentations\images\Image_2020-016_Temporal pole_Iba1_Batch 1.vsi - 20x_BF_01\MG_whole\ann-261__x-19525_y-15081_w-108_h-102__ds-1.png,c:\Users\chris\Desktop\University\Thesis\AutomaticMicrogliaMorphologyAnalysis\AnnotationsData\Segmentations\masks\Image_2020-016_Temporal pole_Iba1_Batch 1.vsi - 20x_BF_01\MG_whole\ann-261__x-19525_y-15081_w-108_h-102__ds-1.png,MG_whole,Image_2020-016_Temporal pole_Iba1_Batch 1.vsi - 20x_BF_01,medium
1965,c:\Users\chris\Desktop\University\Thesis\AutomaticMicrogliaMorphologyAnalysis\AnnotationsData\Segmentations\images\Image_2020-016_Temporal pole_Iba1_Batch 1.vsi - 20x_BF_01\MG_whole\ann-265__x-16666_y-13078_w-151_h-169__ds-1.png,c:\Users\chris\Desktop\University\Thesis\AutomaticMicrogliaMorphologyAnalysis\AnnotationsData\Segmentations\masks\Image_2020-016_Temporal pole_Iba1_Batch 1.vsi - 20x_BF_01\MG_whole\ann-265__x-16666_y-13078_w-151_h-169__ds-1.png,MG_whole,Image_2020-016_Temporal pole_Iba1_Batch 1.vsi - 20x_BF_01,good
1966,c:\Users\chris\Desktop\University\Thesis\AutomaticMicrogliaMorphologyAnalysis\AnnotationsData\Segmentations\images\Image_2020-016_Temporal pole_Iba1_Batch 1.vsi - 20x_BF_01\MG_whole\ann-266__x-16911_y-13072_w-215_h-210__ds-1.png,c:\Users\chris\Desktop\University\Thesis\AutomaticMicrogliaMorphologyAnalysis\AnnotationsData\Segmentations\masks\Image_2020-016_Temporal pole_Iba1_Batch 1.vsi - 20x_BF_01\MG_whole\ann-266__x-16911_y-13072_w-215_h-210__ds-1.png,MG_whole,Image_2020-016_Temporal pole_Iba1_Batch 1.vsi - 20x_BF_01,good
1967,c:\Users\chris\Desktop\University\Thesis\AutomaticMicrogliaMorphologyAnalysis\AnnotationsData\Segmentations\images\Image_2020-016_Temporal pole_Iba1_Batch 1.vsi - 20x_BF_01\MG_whole\ann-267__x-17124_y-13250_w-119_h-116__ds-1.png,c:\Users\chris\Desktop\University\Thesis\AutomaticMicrogliaMorphologyAnalysis\AnnotationsData\Segmentations\masks\Image_2020-016_Temporal pole_Iba1_Batch 1.vsi - 20x_BF_01\MG_whole\ann-267__x-17124_y-13250_w-119_h-116__ds-1.png,MG_whole,Image_2020-016_Temporal pole_Iba1_Batch 1.vsi - 20x_BF_01,good
1968,c:\Users\chris\Desktop\University\Thesis\AutomaticMicrogliaMorphologyAnalysis\AnnotationsData\Segmentations\images\Image_2020-016_Temporal pole_Iba1_Batch 1.vsi - 20x_BF_01\MG_whole\ann-269__x-16992_y-12115_w-184_h-166__ds-1.png,c:\Users\chris\Desktop\University\Thesis\AutomaticMicrogliaMorphologyAnalysis\AnnotationsData\Segmentations\masks\Image_2020-016_Temporal pole_Iba1_Batch 1.vsi - 20x_BF_01\MG_whole\ann-269__x-16992_y-12115_w-184_h-166__ds-1.png,MG_whole,Image_2020-016_Temporal pole_Iba1_Batch 1.vsi - 20x_BF_01,good
1969,c:\Users\chris\Desktop\University\Thesis\AutomaticMicrogliaMorphologyAnalysis\AnnotationsData\Segmentations\images\Image_2020-016_Temporal pole_Iba1_Batch 1.vsi - 20x_BF_01\MG_whole\ann-26__x-40790_y-15193_w-133_h-190__ds-1.png,c:\Users\chris\Desktop\University\Thesis\AutomaticMicrogliaMorphologyAnalysis\AnnotationsData\Segmentations\masks\Image_2020-016_Temporal pole_Iba1_Batch 1.vsi - 20x_BF_01\MG_whole\ann-26__x-40790_y-15193_w-133_h-190__ds-1.png,MG_whole,Image_2020-016_Temporal pole_Iba1_Batch 1.vsi - 20x_BF_01,good
1970,c:\Users\chris\Desktop\University\Thesis\AutomaticMicrogliaMorphologyAnalysis\AnnotationsData\Segmentations\images\Image_2020-016_Temporal pole_Iba1_Batch 1.vsi - 20x_BF_01\MG_whole\ann-271__x-16058_y-11789_w-125_h-186__ds-1.png,c:\Users\chris\Desktop\University\Thesis\AutomaticMicrogliaMorphologyAnalysis\AnnotationsData\Segmentations\masks\Image_2020-016_Temporal pole_Iba1_Batch 1.vsi - 20x_BF_01\MG_whole\ann-271__x-16058_y-11789_w-125_h-186__ds-1.png,MG_whole,Image_2020-016_Temporal pole_Iba1_Batch 1.vsi - 20x_BF_01,medium
1971,c:\Users\chris\Desktop\University\Thesis\AutomaticMicrogliaMorphologyAnalysis\AnnotationsData\Segmentations\images\Image_2020-016_Temporal pole_Iba1_Batch 1.vsi - 20x_BF_01\MG_whole\ann-274__x-14728_y-10044_w-143_h-220__ds-1.png,c:\Users\chris\Desktop\University\Thesis\AutomaticMicrogliaMorphologyAnalysis\AnnotationsData\Segmentations\masks\Image_2020-016_Temporal pole_Iba1_Batch 1.vsi - 20x_BF_01\MG_whole\ann-274__x-14728_y-10044_w-143_h-220__ds-1.png,MG_whole,Image_2020-016_Temporal pole_Iba1_Batch 1.vsi - 20x_BF_01,medium
1972,c:\Users\chris\Desktop\University\Thesis\AutomaticMicrogliaMorphologyAnalysis\AnnotationsData\Segmentations\images\Image_2020-016_Temporal pole_Iba1_Batch 1.vsi - 20x_BF_01\MG_whole\ann-275__x-15173_y-10498_w-222_h-161__ds-1.png,c:\Users\chris\Desktop\University\Thesis\AutomaticMicrogliaMorphologyAnalysis\AnnotationsData\Segmentations\masks\Image_2020-016_Temporal pole_Iba1_Batch 1.vsi - 20x_BF_01\MG_whole\ann-275__x-15173_y-10498_w-222_h-161__ds-1.png,MG_whole,Image_2020-016_Temporal pole_Iba1_Batch 1.vsi - 20x_BF_01,good
1973,c:\Users\chris\Desktop\University\Thesis\AutomaticMicrogliaMorphologyAnalysis\AnnotationsData\Segmentations\images\Image_2020-016_Temporal pole_Iba1_Batch 1.vsi - 20x_BF_01\MG_whole\ann-277__x-17809_y-10970_w-204_h-116__ds-1.png,c:\Users\chris\Desktop\University\Thesis\AutomaticMicrogliaMorphologyAnalysis\AnnotationsData\Segmentations\masks\Image_2020-016_Temporal pole_Iba1_Batch 1.vsi - 20x_BF_01\MG_whole\ann-277__x-17809_y-10970_w-204_h-116__ds-1.png,MG_whole,Image_2020-016_Temporal pole_Iba1_Batch 1.vsi - 20x_BF_01,good
1974,c:\Users\chris\Desktop\University\Thesis\AutomaticMicrogliaMorphologyAnalysis\AnnotationsData\Segmentations\images\Image_2020-016_Temporal pole_Iba1_Batch 1.vsi - 20x_BF_01\MG_whole\ann-27__x-41628_y-15106_w-153_h-131__ds-1.png,c:\Users\chris\Desktop\University\Thesis\AutomaticMicrogliaMorphologyAnalysis\AnnotationsData\Segmentations\masks\Image_2020-016_Temporal pole_Iba1_Batch 1.vsi - 20x_BF_01\MG_whole\ann-27__x-41628_y-15106_w-153_h-131__ds-1.png,MG_whole,Image_2020-016_Temporal pole_Iba1_Batch 1.vsi - 20x_BF_01,good
1975,c:\Users\chris\Desktop\University\Thesis\AutomaticMicrogliaMorphologyAnalysis\AnnotationsData\Segmentations\images\Image_2020-016_Temporal pole_Iba1_Batch 1.vsi - 20x_BF_01\MG_whole\ann-280__x-14474_y-8449_w-203_h-180__ds-1.png,c:\Users\chris\Desktop\University\Thesis\AutomaticMicrogliaMorphologyAnalysis\AnnotationsData\Segmentations\masks\Image_2020-016_Temporal pole_Iba1_Batch 1.vsi - 20x_BF_01\MG_whole\ann-280__x-14474_y-8449_w-203_h-180__ds-1.png,MG_whole,Image_2020-016_Temporal pole_Iba1_Batch 1.vsi - 20x_BF_01,good
1976,c:\Users\chris\Desktop\University\Thesis\AutomaticMicrogliaMorphologyAnalysis\AnnotationsData\Segmentations\images\Image_2020-016_Temporal pole_Iba1_Batch 1.vsi - 20x_BF_01\MG_whole\ann-281__x-14444_y-8369_w-110_h-149__ds-1.png,c:\Users\chris\Desktop\University\Thesis\AutomaticMicrogliaMorphologyAnalysis\AnnotationsData\Segmentations\masks\Image_2020-016_Temporal pole_Iba1_Batch 1.vsi - 20x_BF_01\MG_whole\ann-281__x-14444_y-8369_w-110_h-149__ds-1.png,MG_whole,Image_2020-016_Temporal pole_Iba1_Batch 1.vsi - 20x_BF_01,good
1977,c:\Users\chris\Desktop\University\Thesis\AutomaticMicrogliaMorphologyAnalysis\AnnotationsData\Segmentations\images\Image_2020-016_Temporal pole_Iba1_Batch 1.vsi - 20x_BF_01\MG_whole\ann-283__x-13240_y-7178_w-168_h-138__ds-1.png,c:\Users\chris\Desktop\University\Thesis\AutomaticMicrogliaMorphologyAnalysis\AnnotationsData\Segmentations\masks\Image_2020-016_Temporal pole_Iba1_Batch 1.vsi - 20x_BF_01\MG_whole\ann-283__x-13240_y-7178_w-168_h-138__ds-1.png,MG_whole,Image_2020-016_Temporal pole_Iba1_Batch 1.vsi - 20x_BF_01,medium
1978,c:\Users\chris\Desktop\University\Thesis\AutomaticMicrogliaMorphologyAnalysis\AnnotationsData\Segmentations\images\Image_2020-016_Temporal pole_Iba1_Batch 1.vsi - 20x_BF_01\MG_whole\ann-285__x-12939_y-9019_w-156_h-119__ds-1.png,c:\Users\chris\Desktop\University\Thesis\AutomaticMicrogliaMorphologyAnalysis\AnnotationsData\Segmentations\masks\Image_2020-016_Temporal pole_Iba1_Batch 1.vsi - 20x_BF_01\MG_whole\ann-285__x-12939_y-9019_w-156_h-119__ds-1.png,MG_whole,Image_2020-016_Temporal pole_Iba1_Batch 1.vsi - 20x_BF_01,good
1979,c:\Users\chris\Desktop\University\Thesis\AutomaticMicrogliaMorphologyAnalysis\AnnotationsData\Segmentations\images\Image_2020-016_Temporal pole_Iba1_Batch 1.vsi - 20x_BF_01\MG_whole\ann-287__x-12886_y-8794_w-205_h-135__ds-1.png,c:\Users\chris\Desktop\University\Thesis\AutomaticMicrogliaMorphologyAnalysis\AnnotationsData\Segmentations\masks\Image_2020-016_Temporal pole_Iba1_Batch 1.vsi - 20x_BF_01\MG_whole\ann-287__x-12886_y-8794_w-205_h-135__ds-1.png,MG_whole,Image_2020-016_Temporal pole_Iba1_Batch 1.vsi - 20x_BF_01,good
1980,c:\Users\chris\Desktop\University\Thesis\AutomaticMicrogliaMorphologyAnalysis\AnnotationsData\Segmentations\images\Image_2020-016_Temporal pole_Iba1_Batch 1.vsi - 20x_BF_01\MG_whole\ann-289__x-13046_y-8675_w-159_h-101__ds-1.png,c:\Users\chris\Desktop\University\Thesis\AutomaticMicrogliaMorphologyAnalysis\AnnotationsData\Segmentations\masks\Image_2020-016_Temporal pole_Iba1_Batch 1.vsi - 20x_BF_01\MG_whole\ann-289__x-13046_y-8675_w-159_h-101__ds-1.png,MG_whole,Image_2020-016_Temporal pole_Iba1_Batch 1.vsi - 20x_BF_01,good
1981,c:\Users\chris\Desktop\University\Thesis\AutomaticMicrogliaMorphologyAnalysis\AnnotationsData\Segmentations\images\Image_2020-016_Temporal pole_Iba1_Batch 1.vsi - 20x_BF_01\MG_whole\ann-291__x-13616_y-10163_w-193_h-110__ds-1.png,c:\Users\chris\Desktop\University\Thesis\AutomaticMicrogliaMorphologyAnalysis\AnnotationsData\Segmentations\masks\Image_2020-016_Temporal pole_Iba1_Batch 1.vsi - 20x_BF_01\MG_whole\ann-291__x-13616_y-10163_w-193_h-110__ds-1.png,MG_whole,Image_2020-016_Temporal pole_Iba1_Batch 1.vsi - 20x_BF_01,good
1982,c:\Users\chris\Desktop\University\Thesis\AutomaticMicrogliaMorphologyAnalysis\AnnotationsData\Segmentations\images\Image_2020-016_Temporal pole_Iba1_Batch 1.vsi - 20x_BF_01\MG_whole\ann-294__x-62581_y-15537_w-135_h-129__ds-1.png,c:\Users\chris\Desktop\University\Thesis\AutomaticMicrogliaMorphologyAnalysis\AnnotationsData\Segmentations\masks\Image_2020-016_Temporal pole_Iba1_Batch 1.vsi - 20x_BF_01\MG_whole\ann-294__x-62581_y-15537_w-135_h-129__ds-1.png,MG_whole,Image_2020-016_Temporal pole_Iba1_Batch 1.vsi - 20x_BF_01,good
1983,c:\Users\chris\Desktop\University\Thesis\AutomaticMicrogliaMorphologyAnalysis\AnnotationsData\Segmentations\images\Image_2020-016_Temporal pole_Iba1_Batch 1.vsi - 20x_BF_01\MG_whole\ann-295__x-62687_y-15793_w-88_h-137__ds-1.png,c:\Users\chris\Desktop\University\Thesis\AutomaticMicrogliaMorphologyAnalysis\AnnotationsData\Segmentations\masks\Image_2020-016_Temporal pole_Iba1_Batch 1.vsi - 20x_BF_01\MG_whole\ann-295__x-62687_y-15793_w-88_h-137__ds-1.png,MG_whole,Image_2020-016_Temporal pole_Iba1_Batch 1.vsi - 20x_BF_01,good
1984,c:\Users\chris\Desktop\University\Thesis\AutomaticMicrogliaMorphologyAnalysis\AnnotationsData\Segmentations\images\Image_2020-016_Temporal pole_Iba1_Batch 1.vsi - 20x_BF_01\MG_whole\ann-297__x-61599_y-15296_w-105_h-177__ds-1.png,c:\Users\chris\Desktop\University\Thesis\AutomaticMicrogliaMorphologyAnalysis\AnnotationsData\Segmentations\masks\Image_2020-016_Temporal pole_Iba1_Batch 1.vsi - 20x_BF_01\MG_whole\ann-297__x-61599_y-15296_w-105_h-177__ds-1.png,MG_whole,Image_2020-016_Temporal pole_Iba1_Batch 1.vsi - 20x_BF_01,medium
1985,c:\Users\chris\Desktop\University\Thesis\AutomaticMicrogliaMorphologyAnalysis\AnnotationsData\Segmentations\images\Image_2020-016_Temporal pole_Iba1_Batch 1.vsi - 20x_BF_01\MG_whole\ann-299__x-62035_y-15240_w-105_h-105__ds-1.png,c:\Users\chris\Desktop\University\Thesis\AutomaticMicrogliaMorphologyAnalysis\AnnotationsData\Segmentations\masks\Image_2020-016_Temporal pole_Iba1_Batch 1.vsi - 20x_BF_01\MG_whole\ann-299__x-62035_y-15240_w-105_h-105__ds-1.png,MG_whole,Image_2020-016_Temporal pole_Iba1_Batch 1.vsi - 20x_BF_01,good
1986,c:\Users\chris\Desktop\University\Thesis\AutomaticMicrogliaMorphologyAnalysis\AnnotationsData\Segmentations\images\Image_2020-016_Temporal pole_Iba1_Batch 1.vsi - 20x_BF_01\MG_whole\ann-29__x-39734_y-16136_w-146_h-218__ds-1.png,c:\Users\chris\Desktop\University\Thesis\AutomaticMicrogliaMorphologyAnalysis\AnnotationsData\Segmentations\masks\Image_2020-016_Temporal pole_Iba1_Batch 1.vsi - 20x_BF_01\MG_whole\ann-29__x-39734_y-16136_w-146_h-218__ds-1.png,MG_whole,Image_2020-016_Temporal pole_Iba1_Batch 1.vsi - 20x_BF_01,good
1987,c:\Users\chris\Desktop\University\Thesis\AutomaticMicrogliaMorphologyAnalysis\AnnotationsData\Segmentations\images\Image_2020-016_Temporal pole_Iba1_Batch 1.vsi - 20x_BF_01\MG_whole\ann-2__x-33734_y-12355_w-167_h-166__ds-1.png,c:\Users\chris\Desktop\University\Thesis\AutomaticMicrogliaMorphologyAnalysis\AnnotationsData\Segmentations\masks\Image_2020-016_Temporal pole_Iba1_Batch 1.vsi - 20x_BF_01\MG_whole\ann-2__x-33734_y-12355_w-167_h-166__ds-1.png,MG_whole,Image_2020-016_Temporal pole_Iba1_Batch 1.vsi - 20x_BF_01,medium
1988,c:\Users\chris\Desktop\University\Thesis\AutomaticMicrogliaMorphologyAnalysis\AnnotationsData\Segmentations\images\Image_2020-016_Temporal pole_Iba1_Batch 1.vsi - 20x_BF_01\MG_whole\ann-301__x-61755_y-14889_w-131_h-155__ds-1.png,c:\Users\chris\Desktop\University\Thesis\AutomaticMicrogliaMorphologyAnalysis\AnnotationsData\Segmentations\masks\Image_2020-016_Temporal pole_Iba1_Batch 1.vsi - 20x_BF_01\MG_whole\ann-301__x-61755_y-14889_w-131_h-155__ds-1.png,MG_whole,Image_2020-016_Temporal pole_Iba1_Batch 1.vsi - 20x_BF_01,good
1989,c:\Users\chris\Desktop\University\Thesis\AutomaticMicrogliaMorphologyAnalysis\AnnotationsData\Segmentations\images\Image_2020-016_Temporal pole_Iba1_Batch 1.vsi - 20x_BF_01\MG_whole\ann-305__x-59414_y-15872_w-133_h-176__ds-1.png,c:\Users\chris\Desktop\University\Thesis\AutomaticMicrogliaMorphologyAnalysis\AnnotationsData\Segmentations\masks\Image_2020-016_Temporal pole_Iba1_Batch 1.vsi - 20x_BF_01\MG_whole\ann-305__x-59414_y-15872_w-133_h-176__ds-1.png,MG_whole,Image_2020-016_Temporal pole_Iba1_Batch 1.vsi - 20x_BF_01,good
1990,c:\Users\chris\Desktop\University\Thesis\AutomaticMicrogliaMorphologyAnalysis\AnnotationsData\Segmentations\images\Image_2020-016_Temporal pole_Iba1_Batch 1.vsi - 20x_BF_01\MG_whole\ann-306__x-59707_y-15688_w-153_h-198__ds-1.png,c:\Users\chris\Desktop\University\Thesis\AutomaticMicrogliaMorphologyAnalysis\AnnotationsData\Segmentations\masks\Image_2020-016_Temporal pole_Iba1_Batch 1.vsi - 20x_BF_01\MG_whole\ann-306__x-59707_y-15688_w-153_h-198__ds-1.png,MG_whole,Image_2020-016_Temporal pole_Iba1_Batch 1.vsi - 20x_BF_01,good
1991,c:\Users\chris\Desktop\University\Thesis\AutomaticMicrogliaMorphologyAnalysis\AnnotationsData\Segmentations\images\Image_2020-016_Temporal pole_Iba1_Batch 1.vsi - 20x_BF_01\MG_whole\ann-307__x-59262_y-15899_w-147_h-117__ds-1.png,c:\Users\chris\Desktop\University\Thesis\AutomaticMicrogliaMorphologyAnalysis\AnnotationsData\Segmentations\masks\Image_2020-016_Temporal pole_Iba1_Batch 1.vsi - 20x_BF_01\MG_whole\ann-307__x-59262_y-15899_w-147_h-117__ds-1.png,MG_whole,Image_2020-016_Temporal pole_Iba1_Batch 1.vsi - 20x_BF_01,medium
1992,c:\Users\chris\Desktop\University\Thesis\AutomaticMicrogliaMorphologyAnalysis\AnnotationsData\Segmentations\images\Image_2020-016_Temporal pole_Iba1_Batch 1.vsi - 20x_BF_01\MG_whole\ann-309__x-59186_y-16106_w-120_h-154__ds-1.png,c:\Users\chris\Desktop\University\Thesis\AutomaticMicrogliaMorphologyAnalysis\AnnotationsData\Segmentations\masks\Image_2020-016_Temporal pole_Iba1_Batch 1.vsi - 20x_BF_01\MG_whole\ann-309__x-59186_y-16106_w-120_h-154__ds-1.png,MG_whole,Image_2020-016_Temporal pole_Iba1_Batch 1.vsi - 20x_BF_01,good
1993,c:\Users\chris\Desktop\University\Thesis\AutomaticMicrogliaMorphologyAnalysis\AnnotationsData\Segmentations\images\Image_2020-016_Temporal pole_Iba1_Batch 1.vsi - 20x_BF_01\MG_whole\ann-311__x-57809_y-18224_w-94_h-180__ds-1.png,c:\Users\chris\Desktop\University\Thesis\AutomaticMicrogliaMorphologyAnalysis\AnnotationsData\Segmentations\masks\Image_2020-016_Temporal pole_Iba1_Batch 1.vsi - 20x_BF_01\MG_whole\ann-311__x-57809_y-18224_w-94_h-180__ds-1.png,MG_whole,Image_2020-016_Temporal pole_Iba1_Batch 1.vsi - 20x_BF_01,good
1994,c:\Users\chris\Desktop\University\Thesis\AutomaticMicrogliaMorphologyAnalysis\AnnotationsData\Segmentations\images\Image_2020-016_Temporal pole_Iba1_Batch 1.vsi - 20x_BF_01\MG_whole\ann-313__x-57891_y-17359_w-120_h-147__ds-1.png,c:\Users\chris\Desktop\University\Thesis\AutomaticMicrogliaMorphologyAnalysis\AnnotationsData\Segmentations\masks\Image_2020-016_Temporal pole_Iba1_Batch 1.vsi - 20x_BF_01\MG_whole\ann-313__x-57891_y-17359_w-120_h-147__ds-1.png,MG_whole,Image_2020-016_Temporal pole_Iba1_Batch 1.vsi - 20x_BF_01,good
1995,c:\Users\chris\Desktop\University\Thesis\AutomaticMicrogliaMorphologyAnalysis\AnnotationsData\Segmentations\images\Image_2020-016_Temporal pole_Iba1_Batch 1.vsi - 20x_BF_01\MG_whole\ann-315__x-56712_y-18401_w-89_h-130__ds-1.png,c:\Users\chris\Desktop\University\Thesis\AutomaticMicrogliaMorphologyAnalysis\AnnotationsData\Segmentations\masks\Image_2020-016_Temporal pole_Iba1_Batch 1.vsi - 20x_BF_01\MG_whole\ann-315__x-56712_y-18401_w-89_h-130__ds-1.png,MG_whole,Image_2020-016_Temporal pole_Iba1_Batch 1.vsi - 20x_BF_01,medium
1996,c:\Users\chris\Desktop\University\Thesis\AutomaticMicrogliaMorphologyAnalysis\AnnotationsData\Segmentations\images\Image_2020-016_Temporal pole_Iba1_Batch 1.vsi - 20x_BF_01\MG_whole\ann-317__x-56907_y-19507_w-130_h-178__ds-1.png,c:\Users\chris\Desktop\University\Thesis\AutomaticMicrogliaMorphologyAnalysis\AnnotationsData\Segmentations\masks\Image_2020-016_Temporal pole_Iba1_Batch 1.vsi - 20x_BF_01\MG_whole\ann-317__x-56907_y-19507_w-130_h-178__ds-1.png,MG_whole,Image_2020-016_Temporal pole_Iba1_Batch 1.vsi - 20x_BF_01,good
1997,c:\Users\chris\Desktop\University\Thesis\AutomaticMicrogliaMorphologyAnalysis\AnnotationsData\Segmentations\images\Image_2020-016_Temporal pole_Iba1_Batch 1.vsi - 20x_BF_01\MG_whole\ann-319__x-56258_y-15976_w-93_h-113__ds-1.png,c:\Users\chris\Desktop\University\Thesis\AutomaticMicrogliaMorphologyAnalysis\AnnotationsData\Segmentations\masks\Image_2020-016_Temporal pole_Iba1_Batch 1.vsi - 20x_BF_01\MG_whole\ann-319__x-56258_y-15976_w-93_h-113__ds-1.png,MG_whole,Image_2020-016_Temporal pole_Iba1_Batch 1.vsi - 20x_BF_01,good
1998,c:\Users\chris\Desktop\University\Thesis\AutomaticMicrogliaMorphologyAnalysis\AnnotationsData\Segmentations\images\Image_2020-016_Temporal pole_Iba1_Batch 1.vsi - 20x_BF_01\MG_whole\ann-321__x-53160_y-13806_w-130_h-130__ds-1.png,c:\Users\chris\Desktop\University\Thesis\AutomaticMicrogliaMorphologyAnalysis\AnnotationsData\Segmentations\masks\Image_2020-016_Temporal pole_Iba1_Batch 1.vsi - 20x_BF_01\MG_whole\ann-321__x-53160_y-13806_w-130_h-130__ds-1.png,MG_whole,Image_2020-016_Temporal pole_Iba1_Batch 1.vsi - 20x_BF_01,good
1999,c:\Users\chris\Desktop\University\Thesis\AutomaticMicrogliaMorphologyAnalysis\AnnotationsData\Segmentations\images\Image_2020-016_Temporal pole_Iba1_Batch 1.vsi - 20x_BF_01\MG_whole\ann-323__x-51533_y-14427_w-107_h-110__ds-1.png,c:\Users\chris\Desktop\University\Thesis\AutomaticMicrogliaMorphologyAnalysis\AnnotationsData\Segmentations\masks\Image_2020-016_Temporal pole_Iba1_Batch 1.vsi - 20x_BF_01\MG_whole\ann-323__x-51533_y-14427_w-107_h-110__ds-1.png,MG_whole,Image_2020-016_Temporal pole_Iba1_Batch 1.vsi - 20x_BF_01,good
2000,c:\Users\chris\Desktop\University\Thesis\AutomaticMicrogliaMorphologyAnalysis\AnnotationsData\Segmentations\images\Image_2020-016_Temporal pole_Iba1_Batch 1.vsi - 20x_BF_01\MG_whole\ann-326__x-51118_y-14143_w-141_h-90__ds-1.png,c:\Users\chris\Desktop\University\Thesis\AutomaticMicrogliaMorphologyAnalysis\AnnotationsData\Segmentations\masks\Image_2020-016_Temporal pole_Iba1_Batch 1.vsi - 20x_BF_01\MG_whole\ann-326__x-51118_y-14143_w-141_h-90__ds-1.png,MG_whole,Image_2020-016_Temporal pole_Iba1_Batch 1.vsi - 20x_BF_01,good
2001,c:\Users\chris\Desktop\University\Thesis\AutomaticMicrogliaMorphologyAnalysis\AnnotationsData\Segmentations\images\Image_2020-016_Temporal pole_Iba1_Batch 1.vsi - 20x_BF_01\MG_whole\ann-327__x-51511_y-14071_w-80_h-75__ds-1.png,c:\Users\chris\Desktop\University\Thesis\AutomaticMicrogliaMorphologyAnalysis\AnnotationsData\Segmentations\masks\Image_2020-016_Temporal pole_Iba1_Batch 1.vsi - 20x_BF_01\MG_whole\ann-327__x-51511_y-14071_w-80_h-75__ds-1.png,MG_whole,Image_2020-016_Temporal pole_Iba1_Batch 1.vsi - 20x_BF_01,good
2002,c:\Users\chris\Desktop\University\Thesis\AutomaticMicrogliaMorphologyAnalysis\AnnotationsData\Segmentations\images\Image_2020-016_Temporal pole_Iba1_Batch 1.vsi - 20x_BF_01\MG_whole\ann-32__x-42217_y-16730_w-163_h-138__ds-1.png,c:\Users\chris\Desktop\University\Thesis\AutomaticMicrogliaMorphologyAnalysis\AnnotationsData\Segmentations\masks\Image_2020-016_Temporal pole_Iba1_Batch 1.vsi - 20x_BF_01\MG_whole\ann-32__x-42217_y-16730_w-163_h-138__ds-1.png,MG_whole,Image_2020-016_Temporal pole_Iba1_Batch 1.vsi - 20x_BF_01,medium
2003,c:\Users\chris\Desktop\University\Thesis\AutomaticMicrogliaMorphologyAnalysis\AnnotationsData\Segmentations\images\Image_2020-016_Temporal pole_Iba1_Batch 1.vsi - 20x_BF_01\MG_whole\ann-330__x-45024_y-43025_w-138_h-164__ds-1.png,c:\Users\chris\Desktop\University\Thesis\AutomaticMicrogliaMorphologyAnalysis\AnnotationsData\Segmentations\masks\Image_2020-016_Temporal pole_Iba1_Batch 1.vsi - 20x_BF_01\MG_whole\ann-330__x-45024_y-43025_w-138_h-164__ds-1.png,MG_whole,Image_2020-016_Temporal pole_Iba1_Batch 1.vsi - 20x_BF_01,good
2004,c:\Users\chris\Desktop\University\Thesis\AutomaticMicrogliaMorphologyAnalysis\AnnotationsData\Segmentations\images\Image_2020-016_Temporal pole_Iba1_Batch 1.vsi - 20x_BF_01\MG_whole\ann-331__x-45387_y-42983_w-166_h-194__ds-1.png,c:\Users\chris\Desktop\University\Thesis\AutomaticMicrogliaMorphologyAnalysis\AnnotationsData\Segmentations\masks\Image_2020-016_Temporal pole_Iba1_Batch 1.vsi - 20x_BF_01\MG_whole\ann-331__x-45387_y-42983_w-166_h-194__ds-1.png,MG_whole,Image_2020-016_Temporal pole_Iba1_Batch 1.vsi - 20x_BF_01,good
2005,c:\Users\chris\Desktop\University\Thesis\AutomaticMicrogliaMorphologyAnalysis\AnnotationsData\Segmentations\images\Image_2020-016_Temporal pole_Iba1_Batch 1.vsi - 20x_BF_01\MG_whole\ann-335__x-46506_y-44008_w-143_h-83__ds-1.png,c:\Users\chris\Desktop\University\Thesis\AutomaticMicrogliaMorphologyAnalysis\AnnotationsData\Segmentations\masks\Image_2020-016_Temporal pole_Iba1_Batch 1.vsi - 20x_BF_01\MG_whole\ann-335__x-46506_y-44008_w-143_h-83__ds-1.png,MG_whole,Image_2020-016_Temporal pole_Iba1_Batch 1.vsi - 20x_BF_01,good
2006,c:\Users\chris\Desktop\University\Thesis\AutomaticMicrogliaMorphologyAnalysis\AnnotationsData\Segmentations\images\Image_2020-016_Temporal pole_Iba1_Batch 1.vsi - 20x_BF_01\MG_whole\ann-336__x-46568_y-44101_w-137_h-123__ds-1.png,c:\Users\chris\Desktop\University\Thesis\AutomaticMicrogliaMorphologyAnalysis\AnnotationsData\Segmentations\masks\Image_2020-016_Temporal pole_Iba1_Batch 1.vsi - 20x_BF_01\MG_whole\ann-336__x-46568_y-44101_w-137_h-123__ds-1.png,MG_whole,Image_2020-016_Temporal pole_Iba1_Batch 1.vsi - 20x_BF_01,good
2007,c:\Users\chris\Desktop\University\Thesis\AutomaticMicrogliaMorphologyAnalysis\AnnotationsData\Segmentations\images\Image_2020-016_Temporal pole_Iba1_Batch 1.vsi - 20x_BF_01\MG_whole\ann-337__x-46514_y-44190_w-106_h-213__ds-1.png,c:\Users\chris\Desktop\University\Thesis\AutomaticMicrogliaMorphologyAnalysis\AnnotationsData\Segmentations\masks\Image_2020-016_Temporal pole_Iba1_Batch 1.vsi - 20x_BF_01\MG_whole\ann-337__x-46514_y-44190_w-106_h-213__ds-1.png,MG_whole,Image_2020-016_Temporal pole_Iba1_Batch 1.vsi - 20x_BF_01,good
2008,c:\Users\chris\Desktop\University\Thesis\AutomaticMicrogliaMorphologyAnalysis\AnnotationsData\Segmentations\images\Image_2020-016_Temporal pole_Iba1_Batch 1.vsi - 20x_BF_01\MG_whole\ann-339__x-46651_y-45618_w-190_h-150__ds-1.png,c:\Users\chris\Desktop\University\Thesis\AutomaticMicrogliaMorphologyAnalysis\AnnotationsData\Segmentations\masks\Image_2020-016_Temporal pole_Iba1_Batch 1.vsi - 20x_BF_01\MG_whole\ann-339__x-46651_y-45618_w-190_h-150__ds-1.png,MG_whole,Image_2020-016_Temporal pole_Iba1_Batch 1.vsi - 20x_BF_01,good
2009,c:\Users\chris\Desktop\University\Thesis\AutomaticMicrogliaMorphologyAnalysis\AnnotationsData\Segmentations\images\Image_2020-016_Temporal pole_Iba1_Batch 1.vsi - 20x_BF_01\MG_whole\ann-33__x-42310_y-17144_w-227_h-151__ds-1.png,c:\Users\chris\Desktop\University\Thesis\AutomaticMicrogliaMorphologyAnalysis\AnnotationsData\Segmentations\masks\Image_2020-016_Temporal pole_Iba1_Batch 1.vsi - 20x_BF_01\MG_whole\ann-33__x-42310_y-17144_w-227_h-151__ds-1.png,MG_whole,Image_2020-016_Temporal pole_Iba1_Batch 1.vsi - 20x_BF_01,medium
2010,c:\Users\chris\Desktop\University\Thesis\AutomaticMicrogliaMorphologyAnalysis\AnnotationsData\Segmentations\images\Image_2020-016_Temporal pole_Iba1_Batch 1.vsi - 20x_BF_01\MG_whole\ann-342__x-44312_y-44978_w-126_h-113__ds-1.png,c:\Users\chris\Desktop\University\Thesis\AutomaticMicrogliaMorphologyAnalysis\AnnotationsData\Segmentations\masks\Image_2020-016_Temporal pole_Iba1_Batch 1.vsi - 20x_BF_01\MG_whole\ann-342__x-44312_y-44978_w-126_h-113__ds-1.png,MG_whole,Image_2020-016_Temporal pole_Iba1_Batch 1.vsi - 20x_BF_01,good
2011,c:\Users\chris\Desktop\University\Thesis\AutomaticMicrogliaMorphologyAnalysis\AnnotationsData\Segmentations\images\Image_2020-016_Temporal pole_Iba1_Batch 1.vsi - 20x_BF_01\MG_whole\ann-343__x-44358_y-45322_w-95_h-146__ds-1.png,c:\Users\chris\Desktop\University\Thesis\AutomaticMicrogliaMorphologyAnalysis\AnnotationsData\Segmentations\masks\Image_2020-016_Temporal pole_Iba1_Batch 1.vsi - 20x_BF_01\MG_whole\ann-343__x-44358_y-45322_w-95_h-146__ds-1.png,MG_whole,Image_2020-016_Temporal pole_Iba1_Batch 1.vsi - 20x_BF_01,medium
2012,c:\Users\chris\Desktop\University\Thesis\AutomaticMicrogliaMorphologyAnalysis\AnnotationsData\Segmentations\images\Image_2020-016_Temporal pole_Iba1_Batch 1.vsi - 20x_BF_01\MG_whole\ann-37__x-43006_y-16630_w-157_h-104__ds-1.png,c:\Users\chris\Desktop\University\Thesis\AutomaticMicrogliaMorphologyAnalysis\AnnotationsData\Segmentations\masks\Image_2020-016_Temporal pole_Iba1_Batch 1.vsi - 20x_BF_01\MG_whole\ann-37__x-43006_y-16630_w-157_h-104__ds-1.png,MG_whole,Image_2020-016_Temporal pole_Iba1_Batch 1.vsi - 20x_BF_01,good
2013,c:\Users\chris\Desktop\University\Thesis\AutomaticMicrogliaMorphologyAnalysis\AnnotationsData\Segmentations\images\Image_2020-016_Temporal pole_Iba1_Batch 1.vsi - 20x_BF_01\MG_whole\ann-38__x-43055_y-17143_w-98_h-135__ds-1.png,c:\Users\chris\Desktop\University\Thesis\AutomaticMicrogliaMorphologyAnalysis\AnnotationsData\Segmentations\masks\Image_2020-016_Temporal pole_Iba1_Batch 1.vsi - 20x_BF_01\MG_whole\ann-38__x-43055_y-17143_w-98_h-135__ds-1.png,MG_whole,Image_2020-016_Temporal pole_Iba1_Batch 1.vsi - 20x_BF_01,medium
2014,c:\Users\chris\Desktop\University\Thesis\AutomaticMicrogliaMorphologyAnalysis\AnnotationsData\Segmentations\images\Image_2020-016_Temporal pole_Iba1_Batch 1.vsi - 20x_BF_01\MG_whole\ann-39__x-42727_y-17035_w-100_h-165__ds-1.png,c:\Users\chris\Desktop\University\Thesis\AutomaticMicrogliaMorphologyAnalysis\AnnotationsData\Segmentations\masks\Image_2020-016_Temporal pole_Iba1_Batch 1.vsi - 20x_BF_01\MG_whole\ann-39__x-42727_y-17035_w-100_h-165__ds-1.png,MG_whole,Image_2020-016_Temporal pole_Iba1_Batch 1.vsi - 20x_BF_01,good
2015,c:\Users\chris\Desktop\University\Thesis\AutomaticMicrogliaMorphologyAnalysis\AnnotationsData\Segmentations\images\Image_2020-016_Temporal pole_Iba1_Batch 1.vsi - 20x_BF_01\MG_whole\ann-3__x-34329_y-12788_w-135_h-126__ds-1.png,c:\Users\chris\Desktop\University\Thesis\AutomaticMicrogliaMorphologyAnalysis\AnnotationsData\Segmentations\masks\Image_2020-016_Temporal pole_Iba1_Batch 1.vsi - 20x_BF_01\MG_whole\ann-3__x-34329_y-12788_w-135_h-126__ds-1.png,MG_whole,Image_2020-016_Temporal pole_Iba1_Batch 1.vsi - 20x_BF_01,good
2016,c:\Users\chris\Desktop\University\Thesis\AutomaticMicrogliaMorphologyAnalysis\AnnotationsData\Segmentations\images\Image_2020-016_Temporal pole_Iba1_Batch 1.vsi - 20x_BF_01\MG_whole\ann-42__x-43760_y-17096_w-92_h-95__ds-1.png,c:\Users\chris\Desktop\University\Thesis\AutomaticMicrogliaMorphologyAnalysis\AnnotationsData\Segmentations\masks\Image_2020-016_Temporal pole_Iba1_Batch 1.vsi - 20x_BF_01\MG_whole\ann-42__x-43760_y-17096_w-92_h-95__ds-1.png,MG_whole,Image_2020-016_Temporal pole_Iba1_Batch 1.vsi - 20x_BF_01,medium
2017,c:\Users\chris\Desktop\University\Thesis\AutomaticMicrogliaMorphologyAnalysis\AnnotationsData\Segmentations\images\Image_2020-016_Temporal pole_Iba1_Batch 1.vsi - 20x_BF_01\MG_whole\ann-43__x-43595_y-17333_w-108_h-116__ds-1.png,c:\Users\chris\Desktop\University\Thesis\AutomaticMicrogliaMorphologyAnalysis\AnnotationsData\Segmentations\masks\Image_2020-016_Temporal pole_Iba1_Batch 1.vsi - 20x_BF_01\MG_whole\ann-43__x-43595_y-17333_w-108_h-116__ds-1.png,MG_whole,Image_2020-016_Temporal pole_Iba1_Batch 1.vsi - 20x_BF_01,medium
2018,c:\Users\chris\Desktop\University\Thesis\AutomaticMicrogliaMorphologyAnalysis\AnnotationsData\Segmentations\images\Image_2020-016_Temporal pole_Iba1_Batch 1.vsi - 20x_BF_01\MG_whole\ann-45__x-44548_y-16924_w-185_h-197__ds-1.png,c:\Users\chris\Desktop\University\Thesis\AutomaticMicrogliaMorphologyAnalysis\AnnotationsData\Segmentations\masks\Image_2020-016_Temporal pole_Iba1_Batch 1.vsi - 20x_BF_01\MG_whole\ann-45__x-44548_y-16924_w-185_h-197__ds-1.png,MG_whole,Image_2020-016_Temporal pole_Iba1_Batch 1.vsi - 20x_BF_01,good
2019,c:\Users\chris\Desktop\University\Thesis\AutomaticMicrogliaMorphologyAnalysis\AnnotationsData\Segmentations\images\Image_2020-016_Temporal pole_Iba1_Batch 1.vsi - 20x_BF_01\MG_whole\ann-47__x-44355_y-16476_w-149_h-171__ds-1.png,c:\Users\chris\Desktop\University\Thesis\AutomaticMicrogliaMorphologyAnalysis\AnnotationsData\Segmentations\masks\Image_2020-016_Temporal pole_Iba1_Batch 1.vsi - 20x_BF_01\MG_whole\ann-47__x-44355_y-16476_w-149_h-171__ds-1.png,MG_whole,Image_2020-016_Temporal pole_Iba1_Batch 1.vsi - 20x_BF_01,good
2020,c:\Users\chris\Desktop\University\Thesis\AutomaticMicrogliaMorphologyAnalysis\AnnotationsData\Segmentations\images\Image_2020-016_Temporal pole_Iba1_Batch 1.vsi - 20x_BF_01\MG_whole\ann-49__x-43749_y-19374_w-143_h-128__ds-1.png,c:\Users\chris\Desktop\University\Thesis\AutomaticMicrogliaMorphologyAnalysis\AnnotationsData\Segmentations\masks\Image_2020-016_Temporal pole_Iba1_Batch 1.vsi - 20x_BF_01\MG_whole\ann-49__x-43749_y-19374_w-143_h-128__ds-1.png,MG_whole,Image_2020-016_Temporal pole_Iba1_Batch 1.vsi - 20x_BF_01,good
2021,c:\Users\chris\Desktop\University\Thesis\AutomaticMicrogliaMorphologyAnalysis\AnnotationsData\Segmentations\images\Image_2020-016_Temporal pole_Iba1_Batch 1.vsi - 20x_BF_01\MG_whole\ann-51__x-42199_y-17449_w-96_h-75__ds-1.png,c:\Users\chris\Desktop\University\Thesis\AutomaticMicrogliaMorphologyAnalysis\AnnotationsData\Segmentations\masks\Image_2020-016_Temporal pole_Iba1_Batch 1.vsi - 20x_BF_01\MG_whole\ann-51__x-42199_y-17449_w-96_h-75__ds-1.png,MG_whole,Image_2020-016_Temporal pole_Iba1_Batch 1.vsi - 20x_BF_01,good
2022,c:\Users\chris\Desktop\University\Thesis\AutomaticMicrogliaMorphologyAnalysis\AnnotationsData\Segmentations\images\Image_2020-016_Temporal pole_Iba1_Batch 1.vsi - 20x_BF_01\MG_whole\ann-53__x-42199_y-14530_w-88_h-186__ds-1.png,c:\Users\chris\Desktop\University\Thesis\AutomaticMicrogliaMorphologyAnalysis\AnnotationsData\Segmentations\masks\Image_2020-016_Temporal pole_Iba1_Batch 1.vsi - 20x_BF_01\MG_whole\ann-53__x-42199_y-14530_w-88_h-186__ds-1.png,MG_whole,Image_2020-016_Temporal pole_Iba1_Batch 1.vsi - 20x_BF_01,good
2023,c:\Users\chris\Desktop\University\Thesis\AutomaticMicrogliaMorphologyAnalysis\AnnotationsData\Segmentations\images\Image_2020-016_Temporal pole_Iba1_Batch 1.vsi - 20x_BF_01\MG_whole\ann-56__x-44905_y-13281_w-103_h-119__ds-1.png,c:\Users\chris\Desktop\University\Thesis\AutomaticMicrogliaMorphologyAnalysis\AnnotationsData\Segmentations\masks\Image_2020-016_Temporal pole_Iba1_Batch 1.vsi - 20x_BF_01\MG_whole\ann-56__x-44905_y-13281_w-103_h-119__ds-1.png,MG_whole,Image_2020-016_Temporal pole_Iba1_Batch 1.vsi - 20x_BF_01,good
2024,c:\Users\chris\Desktop\University\Thesis\AutomaticMicrogliaMorphologyAnalysis\AnnotationsData\Segmentations\images\Image_2020-016_Temporal pole_Iba1_Batch 1.vsi - 20x_BF_01\MG_whole\ann-57__x-45161_y-13171_w-153_h-123__ds-1.png,c:\Users\chris\Desktop\University\Thesis\AutomaticMicrogliaMorphologyAnalysis\AnnotationsData\Segmentations\masks\Image_2020-016_Temporal pole_Iba1_Batch 1.vsi - 20x_BF_01\MG_whole\ann-57__x-45161_y-13171_w-153_h-123__ds-1.png,MG_whole,Image_2020-016_Temporal pole_Iba1_Batch 1.vsi - 20x_BF_01,good
2025,c:\Users\chris\Desktop\University\Thesis\AutomaticMicrogliaMorphologyAnalysis\AnnotationsData\Segmentations\images\Image_2020-016_Temporal pole_Iba1_Batch 1.vsi - 20x_BF_01\MG_whole\ann-59__x-47917_y-17962_w-174_h-147__ds-1.png,c:\Users\chris\Desktop\University\Thesis\AutomaticMicrogliaMorphologyAnalysis\AnnotationsData\Segmentations\masks\Image_2020-016_Temporal pole_Iba1_Batch 1.vsi - 20x_BF_01\MG_whole\ann-59__x-47917_y-17962_w-174_h-147__ds-1.png,MG_whole,Image_2020-016_Temporal pole_Iba1_Batch 1.vsi - 20x_BF_01,medium
2026,c:\Users\chris\Desktop\University\Thesis\AutomaticMicrogliaMorphologyAnalysis\AnnotationsData\Segmentations\images\Image_2020-016_Temporal pole_Iba1_Batch 1.vsi - 20x_BF_01\MG_whole\ann-5__x-34929_y-12050_w-147_h-200__ds-1.png,c:\Users\chris\Desktop\University\Thesis\AutomaticMicrogliaMorphologyAnalysis\AnnotationsData\Segmentations\masks\Image_2020-016_Temporal pole_Iba1_Batch 1.vsi - 20x_BF_01\MG_whole\ann-5__x-34929_y-12050_w-147_h-200__ds-1.png,MG_whole,Image_2020-016_Temporal pole_Iba1_Batch 1.vsi - 20x_BF_01,medium
2027,c:\Users\chris\Desktop\University\Thesis\AutomaticMicrogliaMorphologyAnalysis\AnnotationsData\Segmentations\images\Image_2020-016_Temporal pole_Iba1_Batch 1.vsi - 20x_BF_01\MG_whole\ann-64__x-48064_y-18136_w-120_h-197__ds-1.png,c:\Users\chris\Desktop\University\Thesis\AutomaticMicrogliaMorphologyAnalysis\AnnotationsData\Segmentations\masks\Image_2020-016_Temporal pole_Iba1_Batch 1.vsi - 20x_BF_01\MG_whole\ann-64__x-48064_y-18136_w-120_h-197__ds-1.png,MG_whole,Image_2020-016_Temporal pole_Iba1_Batch 1.vsi - 20x_BF_01,good
2028,c:\Users\chris\Desktop\University\Thesis\AutomaticMicrogliaMorphologyAnalysis\AnnotationsData\Segmentations\images\Image_2020-016_Temporal pole_Iba1_Batch 1.vsi - 20x_BF_01\MG_whole\ann-65__x-48163_y-18174_w-109_h-198__ds-1.png,c:\Users\chris\Desktop\University\Thesis\AutomaticMicrogliaMorphologyAnalysis\AnnotationsData\Segmentations\masks\Image_2020-016_Temporal pole_Iba1_Batch 1.vsi - 20x_BF_01\MG_whole\ann-65__x-48163_y-18174_w-109_h-198__ds-1.png,MG_whole,Image_2020-016_Temporal pole_Iba1_Batch 1.vsi - 20x_BF_01,good
2029,c:\Users\chris\Desktop\University\Thesis\AutomaticMicrogliaMorphologyAnalysis\AnnotationsData\Segmentations\images\Image_2020-016_Temporal pole_Iba1_Batch 1.vsi - 20x_BF_01\MG_whole\ann-66__x-48385_y-18196_w-172_h-134__ds-1.png,c:\Users\chris\Desktop\University\Thesis\AutomaticMicrogliaMorphologyAnalysis\AnnotationsData\Segmentations\masks\Image_2020-016_Temporal pole_Iba1_Batch 1.vsi - 20x_BF_01\MG_whole\ann-66__x-48385_y-18196_w-172_h-134__ds-1.png,MG_whole,Image_2020-016_Temporal pole_Iba1_Batch 1.vsi - 20x_BF_01,good
2030,c:\Users\chris\Desktop\University\Thesis\AutomaticMicrogliaMorphologyAnalysis\AnnotationsData\Segmentations\images\Image_2020-016_Temporal pole_Iba1_Batch 1.vsi - 20x_BF_01\MG_whole\ann-67__x-47864_y-18555_w-113_h-103__ds-1.png,c:\Users\chris\Desktop\University\Thesis\AutomaticMicrogliaMorphologyAnalysis\AnnotationsData\Segmentations\masks\Image_2020-016_Temporal pole_Iba1_Batch 1.vsi - 20x_BF_01\MG_whole\ann-67__x-47864_y-18555_w-113_h-103__ds-1.png,MG_whole,Image_2020-016_Temporal pole_Iba1_Batch 1.vsi - 20x_BF_01,good
2031,c:\Users\chris\Desktop\University\Thesis\AutomaticMicrogliaMorphologyAnalysis\AnnotationsData\Segmentations\images\Image_2020-016_Temporal pole_Iba1_Batch 1.vsi - 20x_BF_01\MG_whole\ann-69__x-49437_y-16588_w-123_h-176__ds-1.png,c:\Users\chris\Desktop\University\Thesis\AutomaticMicrogliaMorphologyAnalysis\AnnotationsData\Segmentations\masks\Image_2020-016_Temporal pole_Iba1_Batch 1.vsi - 20x_BF_01\MG_whole\ann-69__x-49437_y-16588_w-123_h-176__ds-1.png,MG_whole,Image_2020-016_Temporal pole_Iba1_Batch 1.vsi - 20x_BF_01,good
2032,c:\Users\chris\Desktop\University\Thesis\AutomaticMicrogliaMorphologyAnalysis\AnnotationsData\Segmentations\images\Image_2020-016_Temporal pole_Iba1_Batch 1.vsi - 20x_BF_01\MG_whole\ann-72__x-49932_y-13818_w-170_h-175__ds-1.png,c:\Users\chris\Desktop\University\Thesis\AutomaticMicrogliaMorphologyAnalysis\AnnotationsData\Segmentations\masks\Image_2020-016_Temporal pole_Iba1_Batch 1.vsi - 20x_BF_01\MG_whole\ann-72__x-49932_y-13818_w-170_h-175__ds-1.png,MG_whole,Image_2020-016_Temporal pole_Iba1_Batch 1.vsi - 20x_BF_01,good
2033,c:\Users\chris\Desktop\University\Thesis\AutomaticMicrogliaMorphologyAnalysis\AnnotationsData\Segmentations\images\Image_2020-016_Temporal pole_Iba1_Batch 1.vsi - 20x_BF_01\MG_whole\ann-73__x-49827_y-13775_w-116_h-120__ds-1.png,c:\Users\chris\Desktop\University\Thesis\AutomaticMicrogliaMorphologyAnalysis\AnnotationsData\Segmentations\masks\Image_2020-016_Temporal pole_Iba1_Batch 1.vsi - 20x_BF_01\MG_whole\ann-73__x-49827_y-13775_w-116_h-120__ds-1.png,MG_whole,Image_2020-016_Temporal pole_Iba1_Batch 1.vsi - 20x_BF_01,good
2034,c:\Users\chris\Desktop\University\Thesis\AutomaticMicrogliaMorphologyAnalysis\AnnotationsData\Segmentations\images\Image_2020-016_Temporal pole_Iba1_Batch 1.vsi - 20x_BF_01\MG_whole\ann-75__x-49347_y-14092_w-147_h-180__ds-1.png,c:\Users\chris\Desktop\University\Thesis\AutomaticMicrogliaMorphologyAnalysis\AnnotationsData\Segmentations\masks\Image_2020-016_Temporal pole_Iba1_Batch 1.vsi - 20x_BF_01\MG_whole\ann-75__x-49347_y-14092_w-147_h-180__ds-1.png,MG_whole,Image_2020-016_Temporal pole_Iba1_Batch 1.vsi - 20x_BF_01,medium
2035,c:\Users\chris\Desktop\University\Thesis\AutomaticMicrogliaMorphologyAnalysis\AnnotationsData\Segmentations\images\Image_2020-016_Temporal pole_Iba1_Batch 1.vsi - 20x_BF_01\MG_whole\ann-77__x-50269_y-14443_w-217_h-121__ds-1.png,c:\Users\chris\Desktop\University\Thesis\AutomaticMicrogliaMorphologyAnalysis\AnnotationsData\Segmentations\masks\Image_2020-016_Temporal pole_Iba1_Batch 1.vsi - 20x_BF_01\MG_whole\ann-77__x-50269_y-14443_w-217_h-121__ds-1.png,MG_whole,Image_2020-016_Temporal pole_Iba1_Batch 1.vsi - 20x_BF_01,medium
2036,c:\Users\chris\Desktop\University\Thesis\AutomaticMicrogliaMorphologyAnalysis\AnnotationsData\Segmentations\images\Image_2020-016_Temporal pole_Iba1_Batch 1.vsi - 20x_BF_01\MG_whole\ann-79__x-50518_y-13851_w-143_h-166__ds-1.png,c:\Users\chris\Desktop\University\Thesis\AutomaticMicrogliaMorphologyAnalysis\AnnotationsData\Segmentations\masks\Image_2020-016_Temporal pole_Iba1_Batch 1.vsi - 20x_BF_01\MG_whole\ann-79__x-50518_y-13851_w-143_h-166__ds-1.png,MG_whole,Image_2020-016_Temporal pole_Iba1_Batch 1.vsi - 20x_BF_01,medium
2037,c:\Users\chris\Desktop\University\Thesis\AutomaticMicrogliaMorphologyAnalysis\AnnotationsData\Segmentations\images\Image_2020-016_Temporal pole_Iba1_Batch 1.vsi - 20x_BF_01\MG_whole\ann-7__x-31322_y-14557_w-197_h-161__ds-1.png,c:\Users\chris\Desktop\University\Thesis\AutomaticMicrogliaMorphologyAnalysis\AnnotationsData\Segmentations\masks\Image_2020-016_Temporal pole_Iba1_Batch 1.vsi - 20x_BF_01\MG_whole\ann-7__x-31322_y-14557_w-197_h-161__ds-1.png,MG_whole,Image_2020-016_Temporal pole_Iba1_Batch 1.vsi - 20x_BF_01,good
2038,c:\Users\chris\Desktop\University\Thesis\AutomaticMicrogliaMorphologyAnalysis\AnnotationsData\Segmentations\images\Image_2020-016_Temporal pole_Iba1_Batch 1.vsi - 20x_BF_01\MG_whole\ann-81__x-51889_y-14105_w-142_h-146__ds-1.png,c:\Users\chris\Desktop\University\Thesis\AutomaticMicrogliaMorphologyAnalysis\AnnotationsData\Segmentations\masks\Image_2020-016_Temporal pole_Iba1_Batch 1.vsi - 20x_BF_01\MG_whole\ann-81__x-51889_y-14105_w-142_h-146__ds-1.png,MG_whole,Image_2020-016_Temporal pole_Iba1_Batch 1.vsi - 20x_BF_01,medium
2039,c:\Users\chris\Desktop\University\Thesis\AutomaticMicrogliaMorphologyAnalysis\AnnotationsData\Segmentations\images\Image_2020-016_Temporal pole_Iba1_Batch 1.vsi - 20x_BF_01\MG_whole\ann-83__x-49451_y-17717_w-177_h-185__ds-1.png,c:\Users\chris\Desktop\University\Thesis\AutomaticMicrogliaMorphologyAnalysis\AnnotationsData\Segmentations\masks\Image_2020-016_Temporal pole_Iba1_Batch 1.vsi - 20x_BF_01\MG_whole\ann-83__x-49451_y-17717_w-177_h-185__ds-1.png,MG_whole,Image_2020-016_Temporal pole_Iba1_Batch 1.vsi - 20x_BF_01,good
2040,c:\Users\chris\Desktop\University\Thesis\AutomaticMicrogliaMorphologyAnalysis\AnnotationsData\Segmentations\images\Image_2020-016_Temporal pole_Iba1_Batch 1.vsi - 20x_BF_01\MG_whole\ann-85__x-49478_y-18416_w-179_h-90__ds-1.png,c:\Users\chris\Desktop\University\Thesis\AutomaticMicrogliaMorphologyAnalysis\AnnotationsData\Segmentations\masks\Image_2020-016_Temporal pole_Iba1_Batch 1.vsi - 20x_BF_01\MG_whole\ann-85__x-49478_y-18416_w-179_h-90__ds-1.png,MG_whole,Image_2020-016_Temporal pole_Iba1_Batch 1.vsi - 20x_BF_01,good
2041,c:\Users\chris\Desktop\University\Thesis\AutomaticMicrogliaMorphologyAnalysis\AnnotationsData\Segmentations\images\Image_2020-016_Temporal pole_Iba1_Batch 1.vsi - 20x_BF_01\MG_whole\ann-87__x-50210_y-18523_w-107_h-180__ds-1.png,c:\Users\chris\Desktop\University\Thesis\AutomaticMicrogliaMorphologyAnalysis\AnnotationsData\Segmentations\masks\Image_2020-016_Temporal pole_Iba1_Batch 1.vsi - 20x_BF_01\MG_whole\ann-87__x-50210_y-18523_w-107_h-180__ds-1.png,MG_whole,Image_2020-016_Temporal pole_Iba1_Batch 1.vsi - 20x_BF_01,good
2042,c:\Users\chris\Desktop\University\Thesis\AutomaticMicrogliaMorphologyAnalysis\AnnotationsData\Segmentations\images\Image_2020-016_Temporal pole_Iba1_Batch 1.vsi - 20x_BF_01\MG_whole\ann-89__x-50202_y-19308_w-109_h-91__ds-1.png,c:\Users\chris\Desktop\University\Thesis\AutomaticMicrogliaMorphologyAnalysis\AnnotationsData\Segmentations\masks\Image_2020-016_Temporal pole_Iba1_Batch 1.vsi - 20x_BF_01\MG_whole\ann-89__x-50202_y-19308_w-109_h-91__ds-1.png,MG_whole,Image_2020-016_Temporal pole_Iba1_Batch 1.vsi - 20x_BF_01,good
2043,c:\Users\chris\Desktop\University\Thesis\AutomaticMicrogliaMorphologyAnalysis\AnnotationsData\Segmentations\images\Image_2020-016_Temporal pole_Iba1_Batch 1.vsi - 20x_BF_01\MG_whole\ann-91__x-50001_y-17001_w-136_h-112__ds-1.png,c:\Users\chris\Desktop\University\Thesis\AutomaticMicrogliaMorphologyAnalysis\AnnotationsData\Segmentations\masks\Image_2020-016_Temporal pole_Iba1_Batch 1.vsi - 20x_BF_01\MG_whole\ann-91__x-50001_y-17001_w-136_h-112__ds-1.png,MG_whole,Image_2020-016_Temporal pole_Iba1_Batch 1.vsi - 20x_BF_01,medium
2044,c:\Users\chris\Desktop\University\Thesis\AutomaticMicrogliaMorphologyAnalysis\AnnotationsData\Segmentations\images\Image_2020-016_Temporal pole_Iba1_Batch 1.vsi - 20x_BF_01\MG_whole\ann-93__x-47219_y-14083_w-161_h-186__ds-1.png,c:\Users\chris\Desktop\University\Thesis\AutomaticMicrogliaMorphologyAnalysis\AnnotationsData\Segmentations\masks\Image_2020-016_Temporal pole_Iba1_Batch 1.vsi - 20x_BF_01\MG_whole\ann-93__x-47219_y-14083_w-161_h-186__ds-1.png,MG_whole,Image_2020-016_Temporal pole_Iba1_Batch 1.vsi - 20x_BF_01,good
2045,c:\Users\chris\Desktop\University\Thesis\AutomaticMicrogliaMorphologyAnalysis\AnnotationsData\Segmentations\images\Image_2020-016_Temporal pole_Iba1_Batch 1.vsi - 20x_BF_01\MG_whole\ann-95__x-46521_y-18010_w-117_h-189__ds-1.png,c:\Users\chris\Desktop\University\Thesis\AutomaticMicrogliaMorphologyAnalysis\AnnotationsData\Segmentations\masks\Image_2020-016_Temporal pole_Iba1_Batch 1.vsi - 20x_BF_01\MG_whole\ann-95__x-46521_y-18010_w-117_h-189__ds-1.png,MG_whole,Image_2020-016_Temporal pole_Iba1_Batch 1.vsi - 20x_BF_01,medium
2046,c:\Users\chris\Desktop\University\Thesis\AutomaticMicrogliaMorphologyAnalysis\AnnotationsData\Segmentations\images\Image_2020-016_Temporal pole_Iba1_Batch 1.vsi - 20x_BF_01\MG_whole\ann-97__x-46171_y-17860_w-145_h-114__ds-1.png,c:\Users\chris\Desktop\University\Thesis\AutomaticMicrogliaMorphologyAnalysis\AnnotationsData\Segmentations\masks\Image_2020-016_Temporal pole_Iba1_Batch 1.vsi - 20x_BF_01\MG_whole\ann-97__x-46171_y-17860_w-145_h-114__ds-1.png,MG_whole,Image_2020-016_Temporal pole_Iba1_Batch 1.vsi - 20x_BF_01,good
2047,c:\Users\chris\Desktop\University\Thesis\AutomaticMicrogliaMorphologyAnalysis\AnnotationsData\Segmentations\images\Image_2020-016_Temporal pole_Iba1_Batch 1.vsi - 20x_BF_01\MG_whole\ann-99__x-46150_y-18145_w-75_h-92__ds-1.png,c:\Users\chris\Desktop\University\Thesis\AutomaticMicrogliaMorphologyAnalysis\AnnotationsData\Segmentations\masks\Image_2020-016_Temporal pole_Iba1_Batch 1.vsi - 20x_BF_01\MG_whole\ann-99__x-46150_y-18145_w-75_h-92__ds-1.png,MG_whole,Image_2020-016_Temporal pole_Iba1_Batch 1.vsi - 20x_BF_01,medium
