rank,global_cell_id,scan_name,image_name,xmin,ymin,xmax,ymax,skeleton_length,num_junctions,num_components,num_end_nodes,num_start_nodes,total_nodes,end_to_start_ratio,soma_area,soma_perimeter,soma_circularity,cell_area,cell_perimeter,cell_convex_hull_area,cell_convex_hull_perimeter,cell_solidity,cell_convexity,cell_circularity,cell_convex_circularity,branch_area,branch_perimeter,sholl_min_radius,sholl_peak_radius,sholl_max_radius,sholl_peak,sholl_sum,min_dist_to_known,x_row_position
1,tile_x30208_y45056_gray_matter_cell_2,2018-001_Iba1_Temporal_pole_Batch_6,tile_x30208_y45056_gray_matter,214.31259,18.345692,254.113,57.29124,22,1,1,2,0,2,0.0,518,98.32590091228484,0.6732924664313561,408,131.78174459934235,526.0,99.04135704040527,0.7756653992395437,0.7515559711363811,0.2952293441555629,0.6738487755507934,64,38.97056245803833,14,14,22,4,22,7.978413824482025,101270
2,tile_x23552_y24576_gray_matter_cell_0,2017-129_Iba1_Tp_B8_100,tile_x23552_y24576_gray_matter,198.74835,319.74048,340.61975,418.75183,159,1,3,3,2,5,1.5,1343,206.2670258283615,0.3966671753840484,1991,459.34523379802704,7817.0,360.8464000225067,0.2547012920557758,0.7855668753519057,0.1185776106785491,0.7544061534242947,868,497.3868639469147,16,80,110,14,159,7.662486503780216,71933
3,tile_x6656_y42496_gray_matter_cell_0,2018-001_Iba1_Temporal_pole_Batch_6,tile_x6656_y42496_gray_matter,108.73817,356.6845,189.7091,465.82178,115,3,3,4,4,8,1.0,1284,154.95331752300262,0.6720059681307812,3635,322.14927566051483,4660.5,269.73764991760254,0.779959231842077,0.8373063989187908,0.4401492445958805,0.8049320823827071,2351,322.14927566051483,22,66,69,8,115,7.295617770095161,106080
4,tile_x47616_y27648_gray_matter_cell_0,2017-129_Iba1_Tp_B8_100,tile_x47616_y27648_gray_matter,196.61475,305.6903,301.73846,413.65076,96,3,3,4,3,7,1.3333333333333333,370,71.94112491607666,0.8983739271436133,661,170.71067690849304,1984.5,181.15579974651337,0.3330813807004283,1.0611861134123397,0.2850295942996884,0.7599000655873186,315,204.5096664428711,12,14,44,6,96,6.266484822425164,76351
5,tile_x52224_y73728_gray_matter_cell_3,2014-048_Iba1_Temporal_pole_Batch_8,tile_x52224_y73728_gray_matter,226.02625,84.05491,410.46497,293.9083,353,7,3,11,2,13,5.5,379,79.01219260692596,0.7628881104700597,3160,887.6782749891281,19308.5,539.8720564842224,0.163658492373825,0.6081843745593914,0.0503948044635804,0.832485546631789,2823,895.5777697563171,16,67,121,15,353,6.202778679130719,7329
6,tile_x61440_y47616_gray_matter_cell_2,2017-160_Iba1_Temporal_pole_Batch_6,tile_x61440_y47616_gray_matter,220.01343,401.62317,301.72827,508.73267,183,5,2,7,2,9,3.5,208,82.62741661071777,0.3828466488264717,775,413.9482651948929,4025.0,272.0880987644196,0.1925465838509316,0.6572997682121376,0.0568354669996158,0.6832138421745991,729,393.7056245803833,5,34,99,8,183,6.030200364631529,90935
7,tile_x49664_y37376_gray_matter_cell_2,2016-020_Iba1_Temporal_pole_Batch_8,tile_x49664_y37376_gray_matter,180.25177,375.52792,229.34766,421.76242,38,0,1,2,0,2,0.0,147,45.89949476718903,0.8768219001300203,559,114.1248904466629,557.5,108.49848639965056,1.0026905829596413,0.9506995886261824,0.5393378811244831,0.5951238790663783,559,114.1248904466629,25,25,36,10,38,5.950990781253909,22651
8,tile_x43520_y9728_gray_matter_cell_1,2017-026_Iba1_Temporal_pole_Batch_8,tile_x43520_y9728_gray_matter,143.96481,99.065,177.08179,127.90253,8,1,1,2,0,2,0.0,612,94.97056245803832,0.8526744818666115,408,90.18376553058624,421.0,75.17669081687927,0.9691211401425178,0.8335944986837209,0.6303957802015848,0.9361071242387712,64,45.55634891986847,14,15,17,3,8,5.863292039732307,46250
9,tile_x48128_y55808_gray_matter_cell_1,2017-026_Iba1_Temporal_pole_Batch_8,tile_x48128_y55808_gray_matter,165.17068,53.09592,234.68808,135.5828,56,1,5,3,4,7,0.75,1294,150.61017167568207,0.716861956538083,1444,278.0071402788162,2243.5,184.41034936904907,0.6436371740583909,0.6633295432056243,0.234782193869672,0.8290206655820307,295,262.5929267406464,9,21,38,5,56,5.773339024761094,46973
10,tile_x34304_y18944_gray_matter_cell_4,2016-020_Iba1_Temporal_pole_Batch_8,tile_x34304_y18944_gray_matter,381.40887,301.88507,504.3722,452.51385,194,2,3,5,3,8,1.6666666666666667,1765,294.534051656723,0.2556722247068537,2869,697.0092282295227,8631.5,380.9456306695938,0.3323871864681689,0.5465431664904008,0.0742101579746936,0.7474293461744342,1598,731.9209156036377,11,69,117,7,194,5.708625658099989,19707
11,tile_x50176_y58368_gray_matter_cell_3,2016-020_Iba1_Temporal_pole_Batch_8,tile_x50176_y58368_gray_matter,463.95612,314.57855,504.07623,371.22504,13,1,1,2,1,3,2.0,572,86.66904675960541,0.9569248944444712,637,125.39696860313416,725.5,102.65080785751344,0.8780151619572708,0.818606773361408,0.509067323161662,0.8652120067142629,105,79.5979790687561,14,19,24,3,13,5.661568974935929,22747
12,tile_x11776_y46592_gray_matter_cell_0,2017-160_Iba1_Temporal_pole_Batch_6,tile_x11776_y46592_gray_matter,263.08783,133.52408,369.59283,222.5842,183,5,5,10,5,15,2.0,723,121.53910398483276,0.6150580410945311,1174,457.546244263649,4992.5,271.13956892490387,0.2351527290936404,0.5925948957602345,0.0704706003414575,0.8533793606945459,674,359.4629839658737,10,41,77,12,183,5.620437677385738,81850
13,tile_x13312_y55808_gray_matter_cell_3,2018-001_Iba1_Temporal_pole_Batch_6,tile_x13312_y55808_gray_matter,325.52332,69.16276,503.60083,116.44384,62,1,3,3,2,5,1.5,1371,231.2964633703232,0.3220396413431096,2185,365.1787132024765,3994.5,321.9131554365158,0.5470021279258981,0.8815222349995747,0.2058971795007394,0.484389632539164,818,549.7472547292709,24,84,85,6,62,5.427136058538302,94469
14,tile_x5632_y29184_gray_matter_cell_0,2017-129_Iba1_Tp_B8_100,tile_x5632_y29184_gray_matter,1.5608902,199.82045,119.72792,317.77124,320,10,3,12,2,14,6.0,417,81.74011445045471,0.7842877578843994,1750,752.180801153183,8233.0,354.98285937309265,0.2125592129236001,0.4719382079798654,0.0388690050872838,0.8210190097280603,1516,713.4528793096542,11,37,86,31,320,5.2401424656464295,77460
15,tile_x71168_y16896_gray_matter_cell_0,2017-014_Iba1_Temporal_pole_Batch_6,tile_x71168_y16896_gray_matter,251.082,208.6625,386.95456,438.3685,340,5,6,11,6,17,1.8333333333333333,844,187.15432798862457,0.3027976924516849,2658,841.0092282295227,12990.0,450.156124830246,0.2046189376443418,0.5352570574973433,0.0472240595783882,0.8055503450640799,1844,903.1513636112212,9,54,100,25,340,5.227555409004448,40176
16,tile_x61952_y30208_gray_matter_cell_3,2016-020_Iba1_Temporal_pole_Batch_8,tile_x61952_y30208_gray_matter,137.83057,197.70117,250.38763,302.1723,198,7,3,10,2,12,5.0,417,89.11269783973694,0.6598826885781838,1270,458.2741661071777,4859.5,264.4965691566468,0.2613437596460541,0.577157930160934,0.0759911178806262,0.8728937106297138,935,432.6173119544983,9,43,78,12,198,5.199203112808722,24827
17,tile_x52736_y13312_gray_matter_cell_1,2017-129_Iba1_Tp_B8_100,tile_x52736_y13312_gray_matter,308.9676,255.83478,482.17316,472.07782,481,7,2,10,2,12,5.0,500,81.5979790687561,0.9436719863492274,2401,901.29349899292,20905.5,565.9175364971161,0.114850159049054,0.6278948390612564,0.0371423644455616,0.8202837709046367,1901,901.29349899292,14,50,128,18,481,5.147954288249116,76960
18,tile_x55296_y36352_gray_matter_cell_0,2017-026_Iba1_Temporal_pole_Batch_8,tile_x55296_y36352_gray_matter,325.3576,226.39325,369.56622,270.71558,9,0,3,1,1,2,1.0,609,110.08326029777528,0.6315163366847217,898,129.7401144504547,931.0,120.13906943798064,0.9645542427497314,0.9259978684839182,0.6704056214696115,0.8105709174453404,310,179.92387998104095,17,17,22,2,9,5.137220631991419,47889
19,tile_x79872_y74752_gray_matter_cell_0,2014-048_Iba1_Temporal_pole_Batch_8,tile_x79872_y74752_gray_matter,154.54428,253.79756,272.90042,374.54156,135,4,1,4,1,5,4.0,871,127.9827550649643,0.6682286766219381,2033,434.2741661071777,5747.0,322.5818213224411,0.3537497824952149,0.7428068406971018,0.135462551848148,0.6940188748250752,1193,522.1147857904434,27,63,97,5,135,5.120235405168696,13708
20,tile_x17408_y10752_gray_matter_cell_1,2018-001_Iba1_Temporal_pole_Batch_6,tile_x17408_y10752_gray_matter,252.2091,311.82382,376.57617,388.4612,145,2,3,6,3,9,2.0,716,101.74011445045473,0.8692374771311001,2486,395.8061298131943,4165.0,279.33069801330566,0.5968787515006002,0.7057260536746597,0.1994095515089335,0.670791478012506,1770,395.8061298131943,12,64,97,7,145,4.981019185608158,96032
21,tile_x28160_y13312_gray_matter_cell_2,2017-014_Iba1_Temporal_pole_Batch_6,tile_x28160_y13312_gray_matter,364.38544,76.92253,465.23615,193.40932,167,4,6,10,6,16,1.6666666666666667,1186,204.55129659175876,0.3561968542116986,1382,526.457931637764,6173.0,303.9486503601074,0.2238781791673416,0.5773465116472841,0.0626600245524952,0.8396643264866284,590,405.64674949646,17,32,79,8,167,4.830801062421902,34516
22,tile_x78336_y24576_gray_matter_cell_0,2017-063_Iba1_Temporal_pole_Batch_6,tile_x78336_y24576_gray_matter,194.63248,14.875671,339.25204,206.65799,376,9,3,12,2,14,6.0,335,67.5979790687561,0.9212706730212116,1488,520.6173119544983,15314.0,494.613618016243,0.097165991902834,0.9500521912330722,0.068988322395437,0.7866225060680554,1153,520.6173119544983,10,96,146,17,376,4.815603610914473,61717
23,tile_x35840_y40960_gray_matter_cell_0,2018-001_Iba1_Temporal_pole_Batch_6,tile_x35840_y40960_gray_matter,113.42923,19.972534,272.9492,155.98566,318,7,2,7,2,9,3.5,628,99.35533845424652,0.7994422441376915,2349,599.0853482484818,12485.0,418.48384845256805,0.1881457749299159,0.6985379456801439,0.0822461323606659,0.8958617803716609,1729,636.2985513210297,19,65,103,14,318,4.714136107488907,103767
24,tile_x74240_y35328_gray_matter_cell_0,2017-026_Iba1_Temporal_pole_Batch_8,tile_x74240_y35328_gray_matter,220.272,169.64136,266.00418,241.93018,19,0,1,1,1,2,1.0,482,86.42640614509583,0.8108938262050811,928,160.61017167568207,1109.0,136.0777132511139,0.8367899008115419,0.8472546404214907,0.4520763080910477,0.7526055302303261,446,160.61017167568207,14,30,32,2,19,4.708254730987778,50186
25,tile_x54272_y13312_gray_matter_cell_1,2016-020_Iba1_Temporal_pole_Batch_8,tile_x54272_y13312_gray_matter,246.32999,305.07123,418.69144,447.33795,265,5,6,11,5,16,2.2,1337,223.13708305358887,0.3374409369724578,2385,661.6122596263885,10427.0,402.23468482494354,0.2287330967680061,0.6079613534550959,0.068468554512636,0.809860473581308,1206,623.1269783973694,15,66,81,14,265,4.665793166404727,23430
26,tile_x89088_y4608_gray_matter_cell_0,2017-014_Iba1_Temporal_pole_Batch_6,tile_x89088_y4608_gray_matter,28.37474,57.180023,235.46031,259.853,200,2,6,6,5,11,1.2,1396,173.4385987520218,0.5831815422712296,1617,531.345233798027,7273.5,366.9262994527817,0.2223138791503403,0.6905610065042125,0.0719724530977683,0.6788840812996114,622,406.3919162750244,15,37,79,13,200,4.578555498160202,42075
27,tile_x17408_y64512_gray_matter_cell_0,2014-048_Iba1_Temporal_pole_Batch_8,tile_x17408_y64512_gray_matter,135.25842,111.07884,266.36652,207.42522,98,1,7,4,7,11,0.5714285714285714,944,175.09545290470123,0.3869297497323792,1411,411.26197350025177,3341.5,250.7369377613068,0.4222654496483615,0.6096769308071057,0.1048334231998488,0.6679049996202954,600,379.9482651948929,6,28,71,5,98,4.5465879435240435,668
28,tile_x23040_y20992_gray_matter_cell_1,2017-160_Iba1_Temporal_pole_Batch_6,tile_x23040_y20992_gray_matter,305.79358,182.2832,442.9209,282.71957,178,5,3,7,3,10,2.333333333333333,576,98.6690467596054,0.7434820408925882,918,334.83556735515594,4383.5,316.2551381587982,0.2094216949925858,0.944508794740286,0.1028938404380811,0.5507515075112359,403,299.0365778207779,10,32,85,9,178,4.541399137015931,84210
29,tile_x9728_y9216_gray_matter_cell_1,2017-063_Iba1_Temporal_pole_Batch_6,tile_x9728_y9216_gray_matter,437.14294,195.62686,497.8922,292.61182,109,2,4,5,5,10,1.0,392,74.18376553058624,0.895113655904181,639,210.1665205955505,1653.5,191.64805996418,0.38645297853039,0.9118867240181991,0.1817957195989534,0.565724788434355,284,226.6518018245697,9,17,64,7,109,4.533123552671483,62490
30,tile_x70656_y40448_gray_matter_cell_1,2017-160_Iba1_Temporal_pole_Batch_6,tile_x70656_y40448_gray_matter,74.59985,362.69836,142.59428,474.84143,118,2,4,6,4,10,1.5,516,88.42640614509583,0.8292693544503149,1447,328.29141104221344,3806.0,255.2482988834381,0.3801891749868628,0.7775052599552077,0.1687171979077427,0.7340961310599622,931,406.71781718730927,14,40,83,4,118,4.525687134043136,92330
31,tile_x53248_y73728_gray_matter_cell_3,2014-048_Iba1_Temporal_pole_Batch_8,tile_x53248_y73728_gray_matter,307.15817,187.17163,430.94205,369.24615,198,6,2,7,1,8,7.0,536,98.6690467596054,0.6918513436083806,2106,500.31579625606537,5329.5,388.9140491485596,0.3951590205460174,0.7773371379813689,0.1057255129957936,0.4427810917491285,1570,588.156415939331,16,131,159,7,198,4.50173057499308,7571
32,tile_x32256_y54784_gray_matter_cell_3,2017-129_Iba1_Tp_B8_100,tile_x32256_y54784_gray_matter,309.54755,362.77115,364.71936,405.31723,18,0,2,2,2,4,1.0,624,92.32590091228484,0.9199142478424052,985,150.85281229019165,1130.5,127.29237234592438,0.871295886775763,0.8438183578643224,0.5439253158252292,0.8767497883252734,361,150.85281229019165,15,24,26,4,18,4.495921812131018,73758
33,tile_x39936_y20480_gray_matter_cell_0,2017-063_Iba1_Temporal_pole_Batch_6,tile_x39936_y20480_gray_matter,365.66873,38.06305,446.0552,214.59421,193,3,3,6,3,9,2.0,367,72.18376553058624,0.8851092122524566,957,342.3919162750244,5164.0,316.9630113840103,0.1853214562354763,0.9257315851154954,0.1025828584812978,0.6459202928196458,679,332.14927566051483,10,69,73,11,193,4.492448319611424,56157
34,tile_x67072_y27648_gray_matter_cell_0,2016-020_Iba1_Temporal_pole_Batch_8,tile_x67072_y27648_gray_matter,329.74463,73.682434,456.8672,234.64944,203,5,4,9,3,12,3.0,575,89.5979790687561,0.9000803502260006,1478,402.634556889534,10953.0,416.0403448343277,0.1349401990322286,1.0332951747817107,0.1145677028839889,0.7951920991433203,903,473.9898953437805,16,22,103,6,203,4.4667263534731,25627
35,tile_x67072_y43520_gray_matter_cell_0,2014-048_Iba1_Temporal_pole_Batch_8,tile_x67072_y43520_gray_matter,76.94681,70.58223,235.59503,198.51662,154,2,5,7,5,12,1.4,550,94.32590091228484,0.7768025271597899,1883,413.1614682674408,4455.0,329.0898104906082,0.4226711560044893,0.7965162188783473,0.1386182972514585,0.5169263864537266,1338,488.41630148887634,13,83,101,6,154,4.466462078246435,10570
36,tile_x64512_y22528_gray_matter_cell_0,2017-063_Iba1_Temporal_pole_Batch_6,tile_x64512_y22528_gray_matter,45.444138,217.70769,210.51271,357.60406,218,4,3,7,1,8,7.0,324,69.11269783973694,0.8523916405957386,1253,586.7005722522736,7525.5,383.69597470760345,0.1665005647465284,0.6539894332037897,0.0457433441572228,0.6423485348827692,974,578.9432128667831,11,18,119,8,218,4.433411797194985,59669
37,tile_x7680_y28672_gray_matter_cell_0,2017-160_Iba1_Temporal_pole_Batch_6,tile_x7680_y28672_gray_matter,7.7001495,144.20483,156.18782,287.50812,311,5,9,14,10,24,1.4,1724,178.75230705738068,0.6780220441883481,3895,753.168608546257,10434.5,390.1595946550369,0.3732809430255402,0.5180242381690748,0.0862845234167797,0.8613842460541256,2179,869.7371500730515,18,62,83,16,311,4.426664246306392,93022
38,tile_x65024_y15360_gray_matter_cell_0,2016-020_Iba1_Temporal_pole_Batch_8,tile_x65024_y15360_gray_matter,146.77686,104.980194,240.36035,299.59634,237,2,8,8,6,14,1.3333333333333333,1368,196.99494767189023,0.4429817000221718,1435,713.369619011879,7379.5,390.26037991046906,0.1944576190798834,0.5470661624909632,0.0354350088668116,0.6088746250262442,680,455.0609630346298,11,84,134,9,237,4.384933771634694,25246
39,tile_x20992_y48640_gray_matter_cell_3,2017-160_Iba1_Temporal_pole_Batch_6,tile_x20992_y48640_gray_matter,306.67535,264.3628,456.6828,402.05322,215,4,4,7,4,11,1.75,592,94.911687374115,0.8258329022312565,1691,489.1025931835175,6953.0,358.1942162513733,0.243204372213433,0.7323498612426581,0.0888287479594622,0.6809966183750475,1110,551.8721451759338,12,63,88,15,215,4.379689695560236,83836
40,tile_x5120_y16384_gray_matter_cell_1,2016-020_Iba1_Temporal_pole_Batch_8,tile_x5120_y16384_gray_matter,55.32039,206.59789,127.70232,379.1277,228,3,2,5,1,6,5.0,347,89.84061968326569,0.5402488624693507,1066,504.2741661071777,5487.5,315.0702942609787,0.1942596810933941,0.6247995940248386,0.0526785277580732,0.6946555024222181,979,494.8599525690079,9,95,102,18,228,4.377068311928963,22952
41,tile_x76800_y35328_gray_matter_cell_0,2017-129_Iba1_Tp_B8_100,tile_x76800_y35328_gray_matter,92.80656,26.81284,182.73679,135.90762,118,1,3,4,3,7,1.3333333333333333,608,93.9827550649643,0.8650019753314827,839,267.76449966430664,3631.0,251.9218708276749,0.2310658220875791,0.9408337219590592,0.1470502711916667,0.718959401776259,307,242.45079135894773,17,27,60,7,118,4.36069075399283,79933
42,tile_x13312_y45568_gray_matter_cell_1,2017-160_Iba1_Temporal_pole_Batch_6,tile_x13312_y45568_gray_matter,176.67245,227.3795,276.11264,297.3401,75,0,4,4,4,8,1.0,576,120.1248904466629,0.5016101759307428,835,302.3502861261368,2525.0,218.9381368160248,0.3306930693069307,0.7241208190049025,0.1147824714699058,0.6619549143606033,460,255.9655101299286,22,26,62,5,75,4.344474730328455,82191
43,tile_x72192_y25088_gray_matter_cell_0,2017-160_Iba1_Temporal_pole_Batch_6,tile_x72192_y25088_gray_matter,383.82928,251.81038,454.03387,430.45074,193,6,5,10,6,16,1.6666666666666667,528,109.74011445045473,0.550950991499211,1515,466.9188276529312,5187.5,327.9097263813019,0.2920481927710843,0.7022842236403515,0.087325227155145,0.6062606434956045,1002,509.78888487815857,13,37,82,7,193,4.3438305579015415,92643
44,tile_x60928_y24576_gray_matter_cell_0,2014-048_Iba1_Temporal_pole_Batch_8,tile_x60928_y24576_gray_matter,240.91,145.87106,321.33725,413.64536,212,3,4,6,3,9,2.0,1429,201.23758828639984,0.4434287882926867,3618,666.3990565538406,6910.5,511.9652647972107,0.5235511178641198,0.7682562869232503,0.1023787162288876,0.3313128972959868,2198,838.9087229967117,15,15,176,8,212,4.340218928026962,9058
45,tile_x37888_y55808_gray_matter_cell_2,2017-063_Iba1_Temporal_pole_Batch_6,tile_x37888_y55808_gray_matter,204.10236,286.18005,297.32117,434.64844,167,3,4,7,4,11,1.75,263,58.28427076339722,0.9728880710465996,782,308.2497808933258,4404.0,282.69737017154694,0.1775658492279745,0.9171048535777496,0.1034215551441235,0.6924902091598673,562,285.1787132024765,9,54,63,9,167,4.304734575166263,55938
46,tile_x46080_y29696_gray_matter_cell_0,2017-026_Iba1_Temporal_pole_Batch_8,tile_x46080_y29696_gray_matter,16.874405,14.955742,184.16684,102.73233,302,10,5,15,5,20,3.0,443,83.01219260692596,0.8078483087681534,2177,597.6295045614243,6616.5,359.4681751728058,0.3290259200483639,0.6014900074865024,0.0765956723545856,0.6434536768374816,1737,657.3279888629913,11,90,131,17,302,4.279617107868333,46595
47,tile_x51200_y41984_gray_matter_cell_3,2017-160_Iba1_Temporal_pole_Batch_6,tile_x51200_y41984_gray_matter,322.64655,136.55348,405.56036,209.32967,63,1,4,4,5,9,0.8,958,189.78174459934235,0.3342462194671843,2301,268.5929267406464,2907.5,208.4666775465012,0.7914015477214101,0.7761435867884817,0.4008088843660802,0.8407295217930937,1363,426.2325359582901,7,27,43,8,63,4.278018109198228,89343
48,tile_x79872_y38400_gray_matter_cell_0,2014-048_Iba1_Temporal_pole_Batch_8,tile_x79872_y38400_gray_matter,22.268133,436.52722,74.445854,478.84998,11,0,2,1,1,2,1.0,619,92.08326029777528,0.9173586027439604,981,128.46803629398346,996.0,117.78335404396056,0.9849397590361446,0.9168300336935772,0.7469451297748635,0.902196977590806,362,128.46803629398346,15,15,25,2,11,4.26957010491918,13644
49,tile_x35328_y37376_gray_matter_cell_4,2017-129_Iba1_Tp_B8_100,tile_x35328_y37376_gray_matter,315.0179,65.72766,393.91013,150.55435,86,2,2,4,1,5,4.0,583,103.25483322143556,0.6871596339704821,925,230.55129659175876,2571.5,209.04732179641724,0.3597122302158273,0.9067280248984289,0.218683722916385,0.7394472135544571,382,261.8650048971176,19,44,60,16,86,4.266971260756603,74352
50,tile_x83456_y40960_gray_matter_cell_0,2016-020_Iba1_Temporal_pole_Batch_8,tile_x83456_y40960_gray_matter,48.599068,71.635086,119.49848,147.26787,84,1,5,6,5,11,1.2,823,111.49747383594512,0.8319163190526602,1046,263.0365778207779,2857.0,211.34590470790863,0.3661183059152957,0.8034848478446632,0.189980601053413,0.8037711812066152,545,284.69343197345734,14,19,53,5,84,4.196485082155101,28117
51,tile_x74240_y17920_gray_matter_cell_0,2017-026_Iba1_Temporal_pole_Batch_8,tile_x74240_y17920_gray_matter,108.43906,125.833,210.7602,284.27026,139,3,4,6,3,9,2.0,446,79.5979790687561,0.8845871775046552,1383,325.52185904979706,4542.5,273.59405398368835,0.3044578976334617,0.8404782854899923,0.1640105292046586,0.762590675598348,937,325.52185904979706,11,30,73,6,139,4.196210417791769,50176
52,tile_x54272_y32768_gray_matter_cell_0,2014-048_Iba1_Temporal_pole_Batch_8,tile_x54272_y32768_gray_matter,5.8247833,265.67047,113.28238,453.56207,112,0,3,3,3,6,1.0,737,116.76955199241638,0.6792319777038729,2328,412.2325359582901,4449.0,351.6180121898651,0.5232636547538773,0.8529603597942158,0.1721505077440672,0.4521994616553197,1591,412.2325359582901,24,25,95,5,112,4.175935218584528,7680
53,tile_x30720_y32768_gray_matter_cell_0,2016-020_Iba1_Temporal_pole_Batch_8,tile_x30720_y32768_gray_matter,188.18912,22.790909,365.42996,228.43416,533,14,2,16,2,18,8.0,294,62.5269113779068,0.9449813587040486,2488,981.979790687561,20077.0,564.9338092803955,0.1239228968471385,0.575300851033646,0.0324231451101933,0.7905212524200221,2266,929.2518688440324,12,25,108,14,533,4.175042178825782,19120
54,tile_x17408_y35328_gray_matter_cell_5,2018-001_Iba1_Temporal_pole_Batch_6,tile_x17408_y35328_gray_matter,264.76974,391.06226,376.304,466.5293,146,4,2,5,2,7,2.5,328,66.5269113779068,0.9312986761197338,1361,375.26197350025177,4305.5,261.23267817497253,0.316107304610382,0.6961341585941355,0.121450378562881,0.7928270366717892,1038,428.1320307254791,10,83,84,8,146,4.134350042407446,96131
55,tile_x26624_y65024_gray_matter_cell_2,2014-048_Iba1_Temporal_pole_Batch_8,tile_x26624_y65024_gray_matter,50.252136,206.37183,177.6005,290.3653,122,2,6,7,7,14,1.0,555,139.92387998104095,0.3562207129905246,1201,399.9898953437805,4858.5,292.30435526371,0.2471956365133271,0.730779348844506,0.0943310852797739,0.7145646022169398,708,377.8477599620819,19,64,86,8,122,4.12034715588077,2014
56,tile_x66048_y47616_gray_matter_cell_0,2017-026_Iba1_Temporal_pole_Batch_8,tile_x66048_y47616_gray_matter,255.60107,60.568787,347.27472,267.38043,176,2,4,6,4,10,1.5,632,116.18376553058624,0.5883503911089146,1899,458.3746713399887,6103.0,387.33190619945526,0.3111584466655743,0.8450115820473878,0.1135778401326421,0.5111951062958172,1338,506.2741661071777,16,37,131,7,176,4.101380514310135,49271
57,tile_x36352_y43008_gray_matter_cell_5,2018-001_Iba1_Temporal_pole_Batch_6,tile_x36352_y43008_gray_matter,158.25087,175.57547,198.34523,210.42319,7,0,2,1,1,2,1.0,510,94.56854152679443,0.7166162593311761,516,102.911687374115,548.0,92.27255606651306,0.9416058394160584,0.8966188235848715,0.6122519365335167,0.8088077796542676,98,79.49747383594513,12,12,20,3,7,4.077972470831621,104048
58,tile_x16896_y32768_gray_matter_cell_0,2017-160_Iba1_Temporal_pole_Batch_6,tile_x16896_y32768_gray_matter,377.68292,153.41301,487.09534,202.58589,16,0,4,2,2,4,1.0,1257,205.9655101299286,0.3723540980873371,1594,280.1076455116272,2134.0,223.6949827671051,0.746954076850984,0.7986036309666513,0.2552984952577123,0.5359099151107057,406,285.76449966430664,17,25,51,2,16,4.077185157531883,82903
59,tile_x77312_y30720_gray_matter_cell_1,2017-129_Iba1_Tp_B8_100,tile_x77312_y30720_gray_matter,249.42151,143.40887,378.8368,274.5964,255,5,6,11,6,17,1.8333333333333333,798,140.61017167568207,0.5072000391579188,2039,687.4701242446899,7574.0,333.8901662826538,0.2692104568259836,0.4856795292006215,0.0542149960800879,0.853744478532068,1339,690.7838325500488,16,55,75,14,255,4.063578481124864,80025
60,tile_x68608_y3584_gray_matter_cell_0,2017-014_Iba1_Temporal_pole_Batch_6,tile_x68608_y3584_gray_matter,232.98334,200.06532,358.30408,369.25793,148,4,3,7,3,10,2.333333333333333,531,91.11269783973694,0.803797354705807,894,284.3502861261368,3653.0,313.209396481514,0.2447303586093621,1.101491406070101,0.1389440787634717,0.4679397846391926,402,273.8650048971176,12,21,101,7,148,4.0468393948260095,39908
61,tile_x29696_y59904_gray_matter_cell_1,2017-063_Iba1_Temporal_pole_Batch_6,tile_x29696_y59904_gray_matter,12.254791,161.66408,146.33073,232.66426,175,6,2,8,2,10,4.0,328,67.94112491607666,0.8929316999731303,1255,396.3330411911011,4134.5,273.23787462711334,0.3035433546982706,0.6894148259906633,0.100399842215477,0.6959067728219926,936,444.9604578018189,13,61,71,10,175,4.034344964390557,54856
62,tile_x41984_y14336_gray_matter_cell_0,2017-014_Iba1_Temporal_pole_Batch_6,tile_x41984_y14336_gray_matter,306.83228,268.42133,429.80066,420.82,182,3,5,7,6,13,1.1666666666666667,785,166.02438521385193,0.3578786243696391,1513,545.8305150270462,7675.0,354.7549322843552,0.1971335504885993,0.649936056189121,0.0638165275112015,0.7663574144529226,888,465.4041088819504,2,40,91,6,182,4.0320342992882185,37284
63,tile_x37376_y64512_gray_matter_cell_2,2017-160_Iba1_Temporal_pole_Batch_6,tile_x37376_y64512_gray_matter,121.25063,84.809265,226.29855,157.13876,236,15,3,8,2,10,4.0,384,71.94112491607666,0.9323664541166148,2309,382.0487704277039,3275.5,237.0381395816803,0.7049305449549687,0.6204394777041579,0.1987907555408965,0.7325731685716619,1925,382.0487704277039,11,25,63,14,236,4.028043926750687,87576
64,tile_x11264_y24576_gray_matter_cell_1,2017-160_Iba1_Temporal_pole_Batch_6,tile_x11264_y24576_gray_matter,238.11249,340.748,266.19122,374.17163,1,0,1,0,0,0,0.0,531,93.35533845424652,0.7656425649643351,390,81.94112491607666,389.5,76.06759893894196,1.0012836970474968,0.9283201691073888,0.7299122080449345,0.8458978282421277,39,44.14213538169861,17,17,17,1,1,3.996360173978362,81677
65,tile_x61440_y25600_gray_matter_cell_0,2017-063_Iba1_Temporal_pole_Batch_6,tile_x61440_y25600_gray_matter,396.5938,47.795044,509.89032,123.982254,114,3,4,7,4,11,1.75,511,86.18376553058624,0.8645295326811239,1328,324.8771975040436,2654.0,240.90209329128265,0.5003767897513187,0.7415173953176085,0.1581136916717756,0.574684700103882,817,410.4751765727997,12,20,85,9,114,3.994222093772772,59230
66,tile_x83456_y23040_gray_matter_cell_1,2017-026_Iba1_Temporal_pole_Batch_8,tile_x83456_y23040_gray_matter,315.14264,11.115265,390.60626,85.368484,58,1,2,3,2,5,1.5,348,73.11269783973694,0.818094529996193,639,149.29646337032318,1535.5,160.959263920784,0.416151090849886,1.0781183980328573,0.3602563811904286,0.7447795273538815,302,166.02438521385193,15,19,47,5,58,3.991618810778194,51322
67,tile_x68096_y29696_gray_matter_cell_0,2017-063_Iba1_Temporal_pole_Batch_8,tile_x68096_y29696_gray_matter,45.636627,248.89111,149.45514,361.26074,129,7,3,4,1,5,4.0,610,105.35533845424652,0.6906000505593953,892,352.14927566051483,2776.0,260.05822694301605,0.3213256484149855,0.7384886038888859,0.090390152592434,0.5158080685596063,579,254.0660153627396,19,69,100,7,129,3.987505063317735,67008
68,tile_x72704_y36352_gray_matter_cell_1,2017-160_Iba1_Temporal_pole_Batch_6,tile_x72704_y36352_gray_matter,59.18466,372.27747,184.58762,508.19092,242,4,6,10,6,16,1.6666666666666667,940,158.1248904466629,0.4724297543821082,2225,622.6416971683502,8588.0,356.49320363998413,0.2590824406148113,0.5725495180635088,0.0721212884640234,0.8491792831887608,1327,651.269113779068,17,47,104,8,242,3.98085243408097,92711
69,tile_x87040_y43008_gray_matter_cell_0,2017-129_Iba1_Tp_B8_100,tile_x87040_y43008_gray_matter,116.81705,12.200104,180.48865,106.75311,47,0,3,3,3,6,1.0,450,79.01219260692596,0.9058038250963768,788,160.02438521385193,1279.0,158.09988164901733,0.616106333072713,0.9879736856213336,0.3866907172932163,0.6430093956029632,339,218.7939372062683,12,18,43,4,47,3.947846451656404,80861
70,tile_x49664_y8192_gray_matter_cell_2,2017-129_Iba1_Tp_B8_100,tile_x49664_y8192_gray_matter,63.861393,148.07281,155.29544,248.27557,59,1,2,3,2,5,1.5,876,138.56854152679443,0.5733036124943688,1083,283.1787132024765,2333.0,214.5305644273758,0.4642091727389627,0.7575801231711354,0.1697137824420988,0.6370100028644494,333,247.37972366809845,13,62,68,3,59,3.9401611451193648,76596
71,tile_x13824_y2560_gray_matter_cell_2,2016-020_Iba1_Temporal_pole_Batch_8,tile_x13824_y2560_gray_matter,42.759872,188.55864,166.91017,324.6147,280,7,3,9,3,12,3.0,633,104.08326029777528,0.7342632612237165,1741,533.0020879507065,8566.5,374.6239402294159,0.2032335259440845,0.7028564215757109,0.0770106545215736,0.7670474464453796,1116,564.8010774850845,16,48,82,13,280,3.9349887272843014,15684
72,tile_x6656_y36864_gray_matter_cell_0,2016-020_Iba1_Temporal_pole_Batch_8,tile_x6656_y36864_gray_matter,1.6087341,4.5874786,132.81512,247.64511,416,8,2,10,2,12,5.0,651,102.42640614509584,0.7797708265636963,3496,822.281306385994,14390.5,507.87140130996704,0.2429380494075952,0.617637051171832,0.0649741270936707,0.7010971986626945,2845,920.1219260692596,21,65,143,14,416,3.914676419567789,25570
73,tile_x64512_y23552_gray_matter_cell_1,2017-129_Iba1_Tp_B8_100,tile_x64512_y23552_gray_matter,154.26746,197.31631,306.74872,383.03854,247,3,5,7,4,11,1.75,442,78.42640614509583,0.903041075845639,1313,419.0193328857422,10155.5,428.3314685821533,0.129289547535818,1.02222364212238,0.0939737305953131,0.6955866048267597,899,421.0193328857422,12,15,151,6,247,3.9141790068957283,78411
74,tile_x52736_y7168_gray_matter_cell_3,2014-048_Iba1_Temporal_pole_Batch_8,tile_x52736_y7168_gray_matter,366.87512,261.5396,485.7379,320.33112,164,3,4,8,5,13,1.6,326,69.4558436870575,0.8491997974177516,1649,394.8183224201202,3300.0,255.4134542942047,0.4996969696969697,0.6469138836531074,0.1329339537854665,0.635676655257785,1345,420.3746713399887,11,64,77,10,164,3.884984953299274,7434
75,tile_x22016_y16896_gray_matter_cell_0,2014-048_Iba1_Temporal_pole_Batch_8,tile_x22016_y16896_gray_matter,230.59787,401.51746,308.86002,489.48425,86,0,4,4,4,8,1.0,789,144.71067690849304,0.4734626419988037,1042,245.0365778207779,3494.5,225.9885766506195,0.2981828587780798,0.9222646621187705,0.2180799535618704,0.8598484944351228,287,275.0782079696655,11,43,56,9,86,3.881214337491602,1250
76,tile_x81920_y39424_gray_matter_cell_0,2017-026_Iba1_Temporal_pole_Batch_8,tile_x81920_y39424_gray_matter,170.22174,280.34476,244.44745,369.66965,100,3,3,7,2,9,3.5,393,72.5269113779068,0.9388669435514118,1180,255.62236428260803,2292.0,201.27395832538605,0.5148342059336823,0.7873879067281605,0.2269311827149397,0.7109667689192728,787,255.62236428260803,10,16,63,5,100,3.8781896664112065,51083
77,tile_x4608_y34304_gray_matter_cell_2,2017-014_Iba1_Temporal_pole_Batch_6,tile_x4608_y34304_gray_matter,285.29767,289.06342,334.9577,328.6219,9,0,1,1,1,2,1.0,519,97.5979790687561,0.6846925019642419,718,131.63960921764374,890.5,113.48629879951476,0.8062886019090398,0.8620984175962149,0.5206683027411765,0.8688742430681612,232,138.22539567947388,19,23,26,2,9,3.869810411205611,38069
78,tile_x17408_y27648_gray_matter_cell_0,2017-063_Iba1_Temporal_pole_Batch_6,tile_x17408_y27648_gray_matter,338.75842,36.871765,436.65222,138.60727,149,3,5,7,4,11,1.75,451,111.0538227558136,0.4595358316868381,1232,409.0193328857422,4319.5,271.8901312351227,0.2852181965505266,0.664736625813905,0.0925407254587078,0.7342711311730112,794,451.8893901109696,9,48,62,9,149,3.8648655778001206,53079
79,tile_x14336_y40960_gray_matter_cell_5,2018-001_Iba1_Temporal_pole_Batch_6,tile_x14336_y40960_gray_matter,23.105665,23.333939,78.46303,157.91162,77,0,5,4,4,8,1.0,984,196.61017167568207,0.3198843532587479,932,358.7766922712326,3227.5,266.83139729499817,0.2887683965917893,0.7437255625660196,0.0909865783462028,0.5696423298633106,320,194.85281229019165,13,35,68,7,77,3.8633991723746495,94817
80,tile_x8192_y52224_gray_matter_cell_0,2017-063_Iba1_Temporal_pole_Batch_6,tile_x8192_y52224_gray_matter,101.18077,146.31415,176.09358,231.77448,74,2,1,3,1,4,3.0,502,86.18376553058624,0.849302985138795,543,231.722869515419,1502.5,172.11721634864807,0.3613976705490848,0.742771814920906,0.1270784467217525,0.6373466647083692,220,152.71067690849304,13,50,59,5,74,3.846460258657769,62220
81,tile_x25088_y23040_gray_matter_cell_1,2017-129_Iba1_Tp_B8_100,tile_x25088_y23040_gray_matter,162.43661,20.255768,281.956,124.625305,147,3,2,5,2,7,2.5,576,92.911687374115,0.838477962531582,1389,388.3330411911011,3850.5,273.72532510757446,0.3607323724191663,0.7048726120960502,0.1157453151913186,0.6457984989409711,813,388.3330411911011,11,46,99,8,147,3.8349168539099847,72226
82,tile_x12800_y17408_gray_matter_cell_1,2017-063_Iba1_Temporal_pole_Batch_8,tile_x12800_y17408_gray_matter,270.47028,6.4295044,383.91998,135.5807,169,4,2,6,2,8,3.0,260,58.28427076339722,0.9617904884871328,828,335.5634891986847,4089.0,265.62382543087006,0.202494497432135,0.791575466285595,0.0924040055869007,0.7282708391379257,568,335.5634891986847,9,37,79,12,169,3.8294988121505957,62716
83,tile_x51712_y24064_gray_matter_cell_5,2017-160_Iba1_Temporal_pole_Batch_6,tile_x51712_y24064_gray_matter,173.89851,13.548748,243.71175,120.06566,65,0,3,3,3,6,1.0,451,90.42640614509584,0.6930999447542262,559,192.85281229019165,1896.0,185.403937458992,0.2948312236286919,0.9613753372702126,0.1888729306678857,0.693122968844179,198,127.49747383594512,13,27,39,4,65,3.8241697140162954,89444
84,tile_x15360_y29696_gray_matter_cell_0,2017-063_Iba1_Temporal_pole_Batch_6,tile_x15360_y29696_gray_matter,30.161499,40.31393,78.78017,139.77167,61,1,3,4,3,7,1.3333333333333333,279,61.69848430156708,0.9210115508196042,502,143.29646337032318,1003.5,171.5686900615692,0.5002491280518186,1.1972988448303967,0.3072151561198347,0.4284016846859326,223,187.09545290470123,9,23,64,4,61,3.812559856285604,52756
85,tile_x46592_y50176_gray_matter_cell_1,2017-063_Iba1_Temporal_pole_Batch_6,tile_x46592_y50176_gray_matter,287.10562,351.2074,336.70248,405.4215,32,0,4,3,3,6,1.0,629,101.25483322143556,0.7709549196782496,874,168.61017167568207,1219.0,132.049556016922,0.7169811320754716,0.7831648275106226,0.3863258381501048,0.8784957786417275,287,205.23758828639984,14,19,29,10,32,3.8110117327923247,57143
86,tile_x88576_y24576_gray_matter_cell_2,2017-063_Iba1_Temporal_pole_Batch_8,tile_x88576_y24576_gray_matter,308.6354,243.7862,345.9786,279.19012,18,0,3,0,2,2,0.0,676,101.01219260692596,0.8325473899695924,555,98.911687374115,588.0,93.02235007286072,0.9438775510204082,0.940458630748266,0.7128655470729248,0.8539109365205453,92,58.28427076339722,12,18,21,4,18,3.809280842770925,69078
87,tile_x27648_y47616_gray_matter_cell_1,2016-020_Iba1_Temporal_pole_Batch_8,tile_x27648_y47616_gray_matter,319.1766,202.2971,453.3942,390.12524,100,3,1,5,0,5,0.0,142,43.31370830535889,0.9511466299412228,1070,199.5807341337204,1505.5,152.84856963157654,0.7107273331119229,0.7658483184512539,0.3375642220352694,0.8097815284009742,1070,199.5807341337204,110,139,154,9,100,3.8071412371489277,18615
88,tile_x64512_y24576_gray_matter_cell_1,2017-160_Iba1_Temporal_pole_Batch_6,tile_x64512_y24576_gray_matter,40.587387,82.95178,113.58638,154.3822,68,1,4,5,4,9,1.25,480,82.42640614509583,0.887806605651902,1221,248.55129659175876,2077.0,193.04044330120087,0.5878671160327396,0.7766623869931627,0.2483667543077057,0.7004058231110191,758,288.9360725879669,12,21,59,5,68,3.800014660954507,91362
89,tile_x84992_y24576_gray_matter_cell_2,2014-048_Iba1_Temporal_pole_Batch_8,tile_x84992_y24576_gray_matter,345.6103,267.23047,417.31384,412.7179,134,4,4,7,3,10,2.333333333333333,419,73.94112491607666,0.9630565292598122,1026,315.3208485841751,3761.0,275.70068526268005,0.2727997872906142,0.8743496869953449,0.1296736846742792,0.6217810849257936,607,390.0904005765915,11,36,65,5,134,3.788658876233613,14320
90,tile_x82432_y20992_gray_matter_cell_0,2017-026_Iba1_Temporal_pole_Batch_8,tile_x82432_y20992_gray_matter,368.20343,302.26614,459.21692,381.2538,122,2,4,5,4,9,1.25,803,122.56854152679443,0.6716876645236409,1756,277.2792184352875,4091.0,245.98829448223117,0.4292349058909802,0.8871501292825552,0.2870117872827757,0.8495920907738101,977,333.8061298131943,14,24,63,7,122,3.776363847653247,51188
91,tile_x90624_y37376_gray_matter_cell_0,2017-129_Iba1_Tp_B8_100,tile_x90624_y37376_gray_matter,175.06873,52.50823,287.0625,172.85893,96,2,3,5,3,8,1.6666666666666667,466,79.01219260692596,0.938010183322026,1199,286.04877042770386,2792.5,242.95127427577967,0.4293643688451208,0.8493351462847255,0.1841403127829285,0.5945175552869647,733,350.3330411911011,12,36,60,7,96,3.7689431587292406,81176
92,tile_x23552_y49664_gray_matter_cell_0,2017-014_Iba1_Temporal_pole_Batch_6,tile_x23552_y49664_gray_matter,216.6011,43.95941,376.10446,237.82126,704,23,1,20,1,21,20.0,428,81.4558436870575,0.810604742830586,4170,1260.312831878662,20573.5,570.1475404500961,0.2026879237854521,0.4523857299780215,0.0329905231829113,0.7953229864167405,3936,1230.8986183404922,15,123,196,21,704,3.7684103545710395,33763
93,tile_x27648_y27648_gray_matter_cell_2,2016-020_Iba1_Temporal_pole_Batch_8,tile_x27648_y27648_gray_matter,204.90028,276.7818,338.47192,377.38306,268,4,3,6,4,10,1.5,324,66.76955199241638,0.9132673882640046,1548,505.6883796453476,8821.5,364.2905032634735,0.175480360482911,0.720385355738172,0.0760702550594194,0.8353271613147308,1262,499.1025931835175,11,88,104,24,268,3.761938906198794,18558
94,tile_x32256_y41472_gray_matter_cell_0,2017-063_Iba1_Temporal_pole_Batch_6,tile_x32256_y41472_gray_matter,2.5062523,183.18509,60.94519,300.75372,114,1,3,4,2,6,2.0,293,64.5269113779068,0.8842920665256959,724,206.0660153627396,2516.5,220.48817992210388,0.2877011722630638,1.0699880789851586,0.2142573274973256,0.6504833336918973,431,206.0660153627396,10,22,69,6,114,3.7586582540129636,55169
95,tile_x46080_y55296_gray_matter_cell_2,2017-063_Iba1_Temporal_pole_Batch_8,tile_x46080_y55296_gray_matter,351.35144,140.7818,443.66357,299.54755,256,3,1,4,1,5,4.0,379,76.97056245803833,0.8038957889151597,653,396.57568180561066,7896.5,378.0094641447067,0.0826948648135249,0.9531836708282972,0.0521760125809322,0.6944470815433944,642,385.50461411476135,9,70,155,16,256,3.7563475209711235,64939
96,tile_x40448_y6144_gray_matter_cell_2,2017-129_Iba1_Tp_B8_100,tile_x40448_y6144_gray_matter,279.1679,186.0438,401.71344,297.2657,137,3,2,5,2,7,2.5,1079,184.75230705738068,0.3972387148365195,2178,440.9015827178955,4764.5,310.09558045864105,0.4571308636792948,0.7033215407100301,0.1407940895538693,0.6226386015858025,1341,438.7594473361969,11,22,103,6,137,3.7280675254535365,75299
97,tile_x58880_y61440_gray_matter_cell_1,2014-048_Iba1_Temporal_pole_Batch_8,tile_x58880_y61440_gray_matter,36.950928,183.80737,200.27606,422.55048,335,5,5,9,4,13,2.25,857,147.53910398483276,0.4947392913785288,2770,706.5828220844269,16595.0,594.3260478973389,0.1669177463091292,0.841127224327462,0.0697209800296254,0.5903880946504314,1973,746.7249574661255,18,149,167,14,335,3.700539831919022,8678
98,tile_x8704_y4096_gray_matter_cell_2,2017-014_Iba1_Temporal_pole_Batch_6,tile_x8704_y4096_gray_matter,43.686337,14.5155945,168.14273,157.2414,211,7,3,8,4,12,2.0,237,55.455843687057495,0.9684196125572018,1054,503.24472856521606,5281.5,339.77912533283234,0.1995645176559689,0.6751767202839164,0.0522988339645581,0.5748754467274712,895,454.3746713399887,9,32,108,12,211,3.68985219039204,41880
99,tile_x38400_y50176_gray_matter_cell_2,2018-001_Iba1_Temporal_pole_Batch_6,tile_x38400_y50176_gray_matter,234.9248,318.94498,310.7132,394.33115,105,3,2,4,2,6,2.0,316,65.94112491607666,0.9132385657096388,702,282.5929267406464,2471.5,208.5133066177368,0.2840380335828444,0.7378574864653383,0.1104649248675291,0.7143366421837373,471,248.7939372062683,11,71,72,6,105,3.686054225355938,104761
100,tile_x33280_y18944_gray_matter_cell_1,2017-014_Iba1_Temporal_pole_Batch_6,tile_x33280_y18944_gray_matter,252.622,354.74353,341.74908,428.50342,67,1,6,5,3,8,1.6666666666666667,610,95.84061968326569,0.8345271548245291,967,219.23758828639984,1698.5,184.14869666099548,0.5693258757727406,0.8399503848784992,0.2528170189597923,0.6294164894753992,399,224.89444243907928,12,16,40,4,67,3.682503607539642,35469
101,tile_x87552_y46080_gray_matter_cell_0,2017-129_Iba1_Tp_B8_100,tile_x87552_y46080_gray_matter,382.23645,51.575287,439.2193,151.8529,80,1,1,2,1,3,2.0,852,154.911687374115,0.4461501976882077,525,275.722869515419,2043.0,209.3674805164337,0.2569750367107195,0.7593402784629203,0.0867807877524875,0.5856791680213982,172,151.63960921764374,23,63,63,7,80,3.6785093976408536,80982
102,tile_x64000_y18432_gray_matter_cell_1,2017-160_Iba1_Temporal_pole_Batch_6,tile_x64000_y18432_gray_matter,362.91714,271.41803,421.75247,351.92426,88,3,5,7,6,13,1.1666666666666667,502,86.76955199241638,0.8378743026413568,1126,244.55129659175876,1891.5,171.23760175704956,0.5952947396246365,0.7002113836382751,0.2365964995916131,0.810621160004615,634,308.2497808933258,10,13,36,7,88,3.6689206925565174,91277
103,tile_x84992_y39424_gray_matter_cell_0,2016-020_Iba1_Temporal_pole_Batch_8,tile_x84992_y39424_gray_matter,259.02094,123.56001,326.02264,234.67122,107,2,2,3,1,4,3.0,609,90.32590091228484,0.9379993832178156,1066,285.76449966430664,3202.0,245.46499836444852,0.3329169269206746,0.8589765301596288,0.1640402858257932,0.667808657125137,468,345.1198381185532,15,76,83,13,107,3.6563116142423575,28260
104,tile_x61440_y36352_gray_matter_cell_0,2017-063_Iba1_Temporal_pole_Batch_6,tile_x61440_y36352_gray_matter,262.91296,60.365814,397.41553,232.38306,207,4,3,7,3,10,2.333333333333333,407,95.74011445045473,0.557977117015155,1081,503.7300097942352,6777.5,390.92569053173065,0.1594983400959055,0.7760619437611368,0.0535352590358583,0.5573024679993006,809,468.7594473361969,12,56,91,14,207,3.639339647282508,59257
105,tile_x33280_y24064_gray_matter_cell_0,2018-001_Iba1_Temporal_pole_Batch_6,tile_x33280_y24064_gray_matter,431.3307,308.56024,499.9043,391.27814,134,5,2,3,2,5,1.5,294,66.28427076339722,0.8408842712272175,967,305.66399443149567,2177.0,197.1205899715424,0.4441892512632062,0.6448930641574807,0.130061203905862,0.7040513125114664,735,288.3502861261368,9,29,68,10,134,3.6298630447422924,102687
106,tile_x80896_y45568_gray_matter_cell_0,2014-048_Iba1_Temporal_pole_Batch_8,tile_x80896_y45568_gray_matter,137.38971,438.08124,210.83145,501.9843,77,1,5,7,5,12,1.4,616,99.01219260692596,0.7896110552445853,1588,227.37972366809845,2541.5,188.6822134256363,0.6248278575644305,0.829811077178772,0.3859729714765013,0.8970942095618141,972,227.37972366809845,11,35,40,8,77,3.6238718379090127,13888
107,tile_x70144_y34304_gray_matter_cell_2,2017-063_Iba1_Temporal_pole_Batch_8,tile_x70144_y34304_gray_matter,130.14175,1.2320099,229.61508,113.03141,267,13,4,18,4,22,4.5,384,77.11269783973694,0.8115014374290684,1328,556.6589421033859,5380.0,292.2529975175857,0.2468401486988847,0.5250126700799622,0.0538554376175026,0.7915424143030214,1091,497.0609630346298,12,68,90,11,267,3.623774658156548,67234
108,tile_x10240_y8192_gray_matter_cell_2,2017-014_Iba1_Temporal_pole_Batch_6,tile_x10240_y8192_gray_matter,44.3712,4.4496765,87.79567,73.8354,16,0,2,1,1,2,1.0,793,121.29646337032318,0.6773088878793999,1268,159.4385987520218,1316.0,151.37383568286896,0.9635258358662614,0.9494177499534092,0.6268190398748007,0.7217123247830591,495,248.5929267406464,18,27,39,2,16,3.6225498168407424,31737
109,tile_x34304_y55808_gray_matter_cell_1,2016-020_Iba1_Temporal_pole_Batch_8,tile_x34304_y55808_gray_matter,138.98032,349.4917,216.88522,499.90332,146,4,3,8,2,10,4.0,645,104.911687374115,0.7364136574954898,1522,376.8771975040436,2910.0,271.2504366636276,0.5230240549828179,0.7197316220244854,0.1346557158082762,0.4970063768858577,889,417.26197350025177,17,29,82,9,146,3.615849653250814,19761
110,tile_x89600_y20992_gray_matter_cell_0,2016-032_Iba1_Temporal_pole_Batch_8,tile_x89600_y20992_gray_matter,163.83005,15.536362,288.86356,247.60478,378,5,6,10,5,15,2.0,442,79.25483322143555,0.8842613044175326,3921,888.5655771493912,12967.5,509.5846062898636,0.3023713128976287,0.5734912755957337,0.0624061997454223,0.6275285948492324,3480,958.991983294487,10,126,135,16,378,3.614677137045655,31459
111,tile_x10752_y11264_gray_matter_cell_0,2016-032_Iba1_Temporal_pole_Batch_8,tile_x10752_y11264_gray_matter,192.48834,235.62798,279.5058,341.7719,156,3,3,7,3,10,2.333333333333333,235,55.455843687057495,0.9602472951516556,845,315.1198381185532,3813.0,257.0300267934799,0.2216102806189352,0.8156580313321343,0.1069338205319728,0.7252854185370449,622,346.9188276529312,9,33,53,12,156,3.6108869211827304,28612
112,tile_x68608_y40960_gray_matter_cell_0,2017-026_Iba1_Temporal_pole_Batch_8,tile_x68608_y40960_gray_matter,281.83026,197.03342,438.28497,299.18784,197,5,6,11,5,16,2.2,824,123.39696860313416,0.680030033938489,2249,514.3157962560654,5914.5,318.69004583358765,0.3802519232394961,0.6196388447593385,0.1068414056894749,0.7317974685578899,1444,591.6711347103119,13,26,78,8,197,3.604022629730517,49548
113,tile_x34816_y11776_gray_matter_cell_2,2017-014_Iba1_Temporal_pole_Batch_6,tile_x34816_y11776_gray_matter,190.6807,97.97258,319.30612,240.96748,232,1,5,7,4,11,1.75,1111,188.85281229019165,0.3914506422994522,1174,652.0559107065201,7998.5,362.404483795166,0.1467775207851472,0.555787437617874,0.034698307293802,0.7652992515570145,599,457.546244263649,17,32,87,7,232,3.6005755622165796,35742
114,tile_x31744_y12288_gray_matter_cell_2,2018-001_Iba1_Temporal_pole_Batch_6,tile_x31744_y12288_gray_matter,1.6038742,235.08603,109.384995,351.3129,254,5,5,10,3,13,3.333333333333333,374,89.9827550649643,0.5804474317577494,1375,527.9726504087448,9190.5,366.1141605377197,0.1496110113704368,0.6934339501379138,0.0619854430684551,0.8616203541062861,1045,523.3868639469147,11,28,80,10,254,3.5996103231421075,101935
115,tile_x36352_y39424_gray_matter_cell_1,2017-160_Iba1_Temporal_pole_Batch_6,tile_x36352_y39424_gray_matter,439.40234,228.49738,508.4663,338.16614,79,0,4,4,4,8,1.0,413,86.91168737411499,0.6870740596989224,961,252.3502861261368,2542.5,206.7390969991684,0.3779744346116027,0.8192544584468205,0.1896381232604969,0.7475247830001795,579,286.14927566051483,13,22,64,5,79,3.586779606075463,87402
116,tile_x91136_y31744_gray_matter_cell_0,2017-129_Iba1_Tp_B8_100,tile_x91136_y31744_gray_matter,293.03735,346.46027,353.64612,507.6704,147,2,1,3,1,4,3.0,414,76.62741661071777,0.886016555378512,678,306.20815074443817,3196.5,292.38068556785583,0.2121069920225246,0.954842922557856,0.0908669737524972,0.4698802732229409,450,240.5096664428711,12,29,110,6,147,3.567154671478929,81188
117,tile_x55808_y24064_gray_matter_cell_0,2016-020_Iba1_Temporal_pole_Batch_8,tile_x55808_y24064_gray_matter,145.67264,27.214832,260.79633,105.53523,88,1,4,4,3,7,1.3333333333333333,608,92.911687374115,0.8850600715611143,1049,240.1076455116272,2599.0,223.7915860414505,0.403616775682955,0.93204689740133,0.2286511415933466,0.6521216746102556,460,279.90663504600525,13,18,61,5,88,3.5556021613509765,23673
118,tile_x9216_y6656_gray_matter_cell_2,2017-026_Iba1_Temporal_pole_Batch_8,tile_x9216_y6656_gray_matter,419.32367,163.66312,501.39105,251.6467,87,1,5,5,4,9,1.25,830,121.74011445045473,0.7037534631013671,1117,327.66399443149567,2721.0,222.1906442642212,0.4105108416023521,0.6781051566246298,0.1307391311881602,0.6926069884878233,431,266.7939372062683,14,38,57,6,87,3.54924447414226,51983
119,tile_x8192_y31744_gray_matter_cell_1,2017-160_Iba1_Temporal_pole_Batch_6,tile_x8192_y31744_gray_matter,130.95883,316.52283,240.9956,390.3219,107,1,5,5,6,11,0.8333333333333334,749,124.81118214130402,0.6042055198095668,1004,357.1198381185532,3219.5,248.55942273139956,0.3118496660972201,0.696011243847185,0.0989271789480411,0.6548439661701643,450,277.2792184352875,12,25,78,15,107,3.53914589266051,93151
120,tile_x63488_y41984_gray_matter_cell_1,2017-129_Iba1_Tp_B8_100,tile_x63488_y41984_gray_matter,366.23236,5.4830475,442.3062,200.31705,271,4,1,5,0,5,0.0,274,73.4558436870575,0.6381278871217657,705,502.8599525690079,8602.5,419.55563139915466,0.081952920662598,0.8343389233040559,0.0350352225748523,0.6141231034211778,628,472.4751765727997,12,38,165,11,271,3.5375338156717,78339
121,tile_x59392_y24576_gray_matter_cell_1,2014-048_Iba1_Temporal_pole_Batch_8,tile_x59392_y24576_gray_matter,389.8837,416.22595,469.86435,503.86115,115,1,4,5,4,9,1.25,391,76.76955199241638,0.8336977109113632,1215,306.4507913589477,2892.5,231.8464252948761,0.4200518582541054,0.7565535212578809,0.1625790747379467,0.676211299172608,859,348.14927566051483,10,49,60,7,115,3.537239814398947,8744
122,tile_x51200_y75776_gray_matter_cell_2,2014-048_Iba1_Temporal_pole_Batch_8,tile_x51200_y75776_gray_matter,80.8363,347.14224,153.43774,509.95523,206,6,4,8,4,12,2.0,626,103.5979790687561,0.7329622881284416,2288,413.0193328857422,5484.5,346.0892028808594,0.4171756769076488,0.8379491595774806,0.1685485894644578,0.5754012534738067,1662,413.0193328857422,11,87,94,23,206,3.5339428066542924,7147
123,tile_x59392_y14336_gray_matter_cell_1,2016-020_Iba1_Temporal_pole_Batch_8,tile_x59392_y14336_gray_matter,117.02382,62.431767,230.09776,184.56607,297,8,8,13,9,22,1.4444444444444444,528,102.08326029777528,0.6366998135451681,1689,542.7005722522736,7331.0,328.0910083055496,0.2303914882007911,0.6045525379564867,0.0720640979088204,0.8558239325281952,1175,598.156415939331,10,41,74,19,297,3.5313640819193273,24324
124,tile_x14848_y44544_gray_matter_cell_0,2017-129_Iba1_Tp_B8_100,tile_x14848_y44544_gray_matter,212.60178,4.382454,324.00357,122.950806,178,1,5,4,5,9,0.8,669,123.74011445045473,0.5490538675093591,1385,439.9898953437805,6123.0,312.0212513208389,0.2261963089988567,0.7091554933938768,0.0899030099072066,0.7903251001867447,818,395.4629839658737,14,24,83,6,178,3.5253177907628137,70245
125,tile_x79360_y26624_gray_matter_cell_1,2016-020_Iba1_Temporal_pole_Batch_8,tile_x79360_y26624_gray_matter,426.8407,132.30566,485.50122,190.83948,28,0,2,2,2,4,1.0,650,103.01219260692596,0.7697433724345966,728,152.61017167568207,988.0,141.8354321718216,0.7368421052631579,0.9293969767181816,0.3928025346688025,0.6171593827233173,180,140.1248904466629,15,22,35,3,28,3.5239961528493464,27486
126,tile_x71680_y42496_gray_matter_cell_0,2017-026_Iba1_Temporal_pole_Batch_8,tile_x71680_y42496_gray_matter,2.8073425,352.23816,142.12299,492.6485,125,0,5,4,4,8,1.0,1177,178.1248904466629,0.4661622554758609,1137,482.1320307254791,5668.0,351.92668068408966,0.2005998588567396,0.7299383949963553,0.0614664821951731,0.5750893419202907,435,312.1076455116272,15,35,79,5,125,3.5202871780047738,49865
127,tile_x65536_y23040_gray_matter_cell_1,2016-020_Iba1_Temporal_pole_Batch_8,tile_x65536_y23040_gray_matter,155.89337,147.65884,317.65253,310.16727,176,3,8,10,5,15,2.0,1089,231.8650048971176,0.2545466182749995,2281,688.1391710042953,16174.5,502.7848700284958,0.1410244520696157,0.7306441650381758,0.0605316607544696,0.8040375429313142,1297,708.9675980806351,22,43,133,11,176,3.513688134216869,25316
128,tile_x6144_y48640_gray_matter_cell_0,2017-063_Iba1_Temporal_pole_Batch_6,tile_x6144_y48640_gray_matter,6.3176804,253.11163,110.33316,364.3692,148,4,6,10,6,16,1.6666666666666667,670,114.6690467596054,0.6403129159948661,986,385.9898953437805,2913.5,213.03187215328217,0.3384245752531319,0.5519104896866435,0.0831639115268788,0.806743952243067,597,340.19090580940247,9,32,71,7,148,3.5127809045066365,59308
129,tile_x7168_y26624_gray_matter_cell_1,2017-014_Iba1_Temporal_pole_Batch_6,tile_x7168_y26624_gray_matter,98.1685,84.251755,206.74168,165.4738,96,0,2,2,2,4,1.0,353,68.5269113779068,0.9446311303054314,453,225.23758828639984,2194.0,231.92305958271027,0.2064721969006381,1.0296818632590292,0.1122086478452709,0.5125764204259736,257,185.4385987520218,11,18,76,5,96,3.509836925432994,40264
130,tile_x46080_y57856_gray_matter_cell_5,2014-048_Iba1_Temporal_pole_Batch_8,tile_x46080_y57856_gray_matter,162.48227,325.3095,243.56662,436.08075,183,6,5,11,5,16,2.2,303,65.94112491607666,0.8756686247152549,1021,353.22034335136414,4714.5,276.7622573375702,0.2165659136705907,0.7835399702962814,0.102835766479137,0.7734491665151972,741,344.4924215078354,8,39,60,11,183,3.504242648488714,5962
131,tile_x69120_y55296_gray_matter_cell_1,2017-063_Iba1_Temporal_pole_Batch_6,tile_x69120_y55296_gray_matter,170.74112,147.2453,303.33685,276.23773,151,3,3,6,2,8,3.0,276,59.455843687057495,0.9811374514879831,931,331.1787132024765,3769.5,276.8759778738022,0.2469823584029712,0.8360319272830962,0.1066681385354841,0.6179069169977307,667,360.14927566051483,10,18,93,7,151,3.5002584878294747,60401
132,tile_x19968_y38912_gray_matter_cell_2,2016-020_Iba1_Temporal_pole_Batch_8,tile_x19968_y38912_gray_matter,177.21045,240.36917,268.31335,355.7529,122,4,3,7,3,10,2.333333333333333,706,113.0538227558136,0.694135188516465,1271,328.4924215078354,4554.5,274.173237323761,0.2790646613239653,0.8346409821732257,0.1480146509553989,0.7613782219677321,589,354.29141104221344,15,43,63,8,122,3.499896135616787,16975
133,tile_x34304_y26112_gray_matter_cell_3,2017-026_Iba1_Temporal_pole_Batch_8,tile_x34304_y26112_gray_matter,157.70523,348.87085,204.74252,393.9049,18,0,4,3,3,6,1.0,487,87.25483322143555,0.8038219100749823,825,145.9827550649643,924.5,119.24642837047575,0.8923742563547864,0.8168528420867897,0.4864751955457163,0.8170074550137119,355,198.5096664428711,9,18,21,4,18,3.496816723154558,45100
134,tile_x7168_y19968_gray_matter_cell_1,2017-160_Iba1_Temporal_pole_Batch_6,tile_x7168_y19968_gray_matter,113.54603,70.42674,216.65686,203.70103,114,1,1,2,1,3,2.0,585,97.01219260692596,0.7811116036402509,1051,250.55129659175876,4225.0,266.1991972923279,0.2487573964497041,1.0624538803567456,0.2103871792912743,0.7492436902136094,484,293.1787132024765,18,43,83,5,114,3.4937810374541045,92526
135,tile_x55296_y37376_gray_matter_cell_1,2017-026_Iba1_Temporal_pole_Batch_8,tile_x55296_y37376_gray_matter,104.54662,288.02118,243.41516,356.37677,98,1,3,4,3,7,1.3333333333333333,401,80.42640614509583,0.7790348949819987,623,186.85281229019165,2508.5,233.8576853275299,0.2483555909906318,1.2515609610645697,0.2242325383430243,0.5763956250211486,245,171.1959581375122,13,28,77,6,98,3.4865446914412805,47892
136,tile_x5120_y28160_gray_matter_cell_2,2017-129_Iba1_Tp_B8_100,tile_x5120_y28160_gray_matter,348.15433,120.91199,434.38693,266.64706,245,7,3,8,3,11,2.6666666666666665,340,76.76955199241638,0.7249545312272724,1279,492.457931637764,6159.5,310.2106764316559,0.2076467245717996,0.6299232005462687,0.0662738400264178,0.8043440288678311,1041,462.1736608743668,12,52,67,10,245,3.475763235871859,76809
137,tile_x60928_y38400_gray_matter_cell_0,2017-063_Iba1_Temporal_pole_Batch_6,tile_x60928_y38400_gray_matter,331.90753,6.2343597,411.13446,151.92961,152,4,7,9,4,13,2.25,877,175.33809351921082,0.3584733688070148,1207,487.8305150270462,4758.0,287.21982192993164,0.2536780159730979,0.5887696916909916,0.0637351787324105,0.7247788048218143,666,363.36247873306274,18,22,94,6,152,3.4721100156268103,59161
138,tile_x28160_y35328_gray_matter_cell_1,2018-001_Iba1_Temporal_pole_Batch_6,tile_x28160_y35328_gray_matter,256.47424,99.45688,363.20544,229.97067,182,1,5,6,5,11,1.2,845,161.33809351921082,0.4079366560262964,2091,588.9432128667831,7529.0,338.1097710132599,0.2777261256474963,0.5740957084256936,0.07575600331653,0.827621411771717,1285,629.7127648591995,10,38,85,6,182,3.4707418263040757,100179
139,tile_x37888_y46592_gray_matter_cell_1,2017-129_Iba1_Tp_B8_100,tile_x37888_y46592_gray_matter,14.114971,200.40012,121.37291,305.42645,101,0,3,3,3,6,1.0,413,74.5269113779068,0.9344018065917364,1082,256.99494767189026,3108.5,245.2216293811798,0.3480778510535628,0.9541885223917256,0.2058675773486847,0.6495957698908525,670,309.8650048971176,13,22,58,4,101,3.4667164396915044,74812
140,tile_x20992_y61440_gray_matter_cell_0,2017-160_Iba1_Temporal_pole_Batch_6,tile_x20992_y61440_gray_matter,16.679565,120.94046,170.2164,259.70145,287,4,3,7,3,10,2.333333333333333,461,80.18376553058624,0.9010271855510132,1381,539.6883796453476,11372.0,420.0915672779083,0.1214386211748153,0.7783965397846226,0.0595823198260668,0.809764600720921,979,537.2030984163284,13,93,106,8,287,3.4663251213767836,83874
141,tile_x50688_y11776_gray_matter_cell_1,2017-014_Iba1_Temporal_pole_Batch_6,tile_x50688_y11776_gray_matter,79.2865,131.41101,186.98947,312.93994,368,11,6,17,6,23,2.833333333333333,916,144.71067690849304,0.5496727250581801,2838,787.0092282295227,10757.5,418.89074099063873,0.2638159423657913,0.5322564538829954,0.0575787994768129,0.7704060715941019,1928,889.6782749891281,20,51,124,12,368,3.463597064136569,38677
142,tile_x28672_y48640_gray_matter_cell_4,2017-063_Iba1_Temporal_pole_Batch_8,tile_x28672_y48640_gray_matter,41.5309,147.27051,174.84666,294.45782,378,11,4,15,2,17,7.5,300,62.87005722522736,0.9537694498213252,1402,694.2396762371063,11036.5,398.6145234107971,0.1270330267747927,0.5741742182920943,0.0365543459057626,0.8728407132969868,1173,650.1980460882187,11,91,100,24,378,3.4599706799360064,63963
143,tile_x39424_y22016_gray_matter_cell_5,2018-001_Iba1_Temporal_pole_Batch_6,tile_x39424_y22016_gray_matter,17.578568,87.90518,85.00499,135.56355,57,1,7,8,7,15,1.1428571428571428,667,126.56854152679443,0.5232197712436425,1050,251.42135381698608,1690.5,160.0488005876541,0.6211180124223602,0.6365760034215565,0.2087347912506971,0.8293162808424085,418,278.0071402788162,10,25,30,6,57,3.456928233233451,104974
144,tile_x53248_y62464_gray_matter_cell_0,2016-020_Iba1_Temporal_pole_Batch_8,tile_x53248_y62464_gray_matter,219.44057,25.785278,358.0818,228.24835,257,6,3,7,3,10,2.333333333333333,439,80.18376553058624,0.8580280573902273,1510,498.71781718730927,8136.0,407.1801624298096,0.1855948869223205,0.8164540114613154,0.0762916562204361,0.6166625598126944,1082,530.2741661071777,13,34,117,14,257,3.447674769653012,23341
145,tile_x63488_y20992_gray_matter_cell_1,2014-048_Iba1_Temporal_pole_Batch_8,tile_x63488_y20992_gray_matter,191.23096,99.64633,282.96912,252.1813,209,6,4,10,3,13,3.333333333333333,563,106.32590091228484,0.6258065673436196,1807,551.9310202598572,4938.0,287.4966288805008,0.3659376265694613,0.5208923186544999,0.0745415483721574,0.7507501651063663,1314,543.9310202598572,10,22,67,11,209,3.4447675499604005,9720
146,tile_x28160_y37888_gray_matter_cell_1,2017-063_Iba1_Temporal_pole_Batch_8,tile_x28160_y37888_gray_matter,434.53998,162.97217,474.81915,198.03333,4,0,2,1,3,4,0.3333333333333333,774,108.1248904466629,0.8319542867138574,431,122.1248904466629,581.0,89.4705023765564,0.7418244406196214,0.7326148015308308,0.3631439054485059,0.9120659541987048,28,36.62741661071777,13,13,20,2,4,3.4419357300583933,63893
147,tile_x11264_y40448_gray_matter_cell_0,2017-014_Iba1_Temporal_pole_Batch_6,tile_x11264_y40448_gray_matter,79.08323,201.57605,231.80655,286.01993,154,2,4,5,3,8,1.6666666666666667,775,119.49747383594512,0.6820153002014836,1747,352.4924215078354,5333.0,324.2187983989716,0.327582973935871,0.9197894156478048,0.1766864319496164,0.6375365147275098,972,437.50461411476135,14,51,93,7,154,3.439423370989792,31896
148,tile_x26624_y28160_gray_matter_cell_2,2017-160_Iba1_Temporal_pole_Batch_6,tile_x26624_y28160_gray_matter,220.41336,296.03296,274.74252,358.6317,64,1,3,3,4,7,0.75,534,90.6690467596054,0.8162684700725132,759,199.37972366809845,1526.5,156.34546542167664,0.4972158532590894,0.7841593043931605,0.2399328210990034,0.7847586173217752,296,190.20815074443817,11,17,43,7,64,3.4378354774968436,85181
149,tile_x8704_y5120_gray_matter_cell_3,2016-020_Iba1_Temporal_pole_Batch_8,tile_x8704_y5120_gray_matter,110.29727,232.11575,167.99472,273.66226,25,0,4,4,4,8,1.0,648,94.6690467596054,0.9085919016576433,1118,153.1959581375122,1216.5,132.82759046554563,0.919030004110152,0.8670437006328624,0.5986280367818096,0.8664537552914274,470,153.1959581375122,14,18,27,4,25,3.4332983505199555,28473
150,tile_x51200_y39936_gray_matter_cell_1,2016-020_Iba1_Temporal_pole_Batch_8,tile_x51200_y39936_gray_matter,374.7157,181.82486,506.3645,399.47946,299,5,4,11,3,14,3.6666666666666665,560,94.911687374115,0.7811932858944317,1716,538.2741661071777,15013.0,489.92604088783264,0.1143009391860387,0.9101793690583354,0.0744252108850971,0.7859886969584831,1163,589.6295045614243,12,39,147,9,299,3.4304594783635167,22889
151,tile_x21504_y27136_gray_matter_cell_4,2018-001_Iba1_Temporal_pole_Batch_6,tile_x21504_y27136_gray_matter,304.1281,76.291885,441.32672,155.58443,137,1,4,5,4,9,1.25,992,158.36753106117249,0.4970376003423322,1901,379.6051193475723,5803.5,309.45134449005127,0.3275609545963642,0.8151927587855127,0.1657783678476178,0.7615792538300231,916,506.1736608743668,18,38,85,6,137,3.419502201155682,97229
152,tile_x69120_y20992_gray_matter_cell_0,2017-063_Iba1_Temporal_pole_Batch_6,tile_x69120_y20992_gray_matter,17.330109,240.49374,158.45712,431.2784,342,6,2,8,2,10,4.0,277,59.69848430156708,0.9767041282263657,1733,669.168608546257,13299.0,434.99881756305695,0.1303105496653883,0.6500586130423468,0.0486336995745929,0.88318705959278,1461,716.6244522333145,10,71,87,13,342,3.4181881962879124,60363
153,tile_x18432_y48640_gray_matter_cell_0,2017-014_Iba1_Temporal_pole_Batch_6,tile_x18432_y48640_gray_matter,388.3259,19.738983,498.6257,191.82355,428,13,9,20,11,31,1.818181818181818,612,110.46803629398346,0.6302139587887914,2552,909.3351291418076,9252.5,396.827090382576,0.275817346663064,0.4363925660246787,0.0387831068014737,0.7383568909525684,2005,984.5899623632432,10,35,93,15,428,3.4030238013446636,33194
154,tile_x90112_y43520_gray_matter_cell_1,2017-129_Iba1_Tp_B8_100,tile_x90112_y43520_gray_matter,242.53815,254.52713,362.502,350.32693,200,3,4,7,4,11,1.75,590,89.49747383594513,0.9256361803749606,1879,543.6295045614243,5890.5,300.5210233926773,0.3189882013411425,0.5528048438708714,0.0798970244606918,0.8196195447999252,1320,590.7422024011612,13,50,75,15,200,3.402173756308557,81157
155,tile_x2560_y11776_gray_matter_cell_4,2016-020_Iba1_Temporal_pole_Batch_8,tile_x2560_y11776_gray_matter,45.958908,431.82117,105.56734,496.6792,83,3,3,4,2,6,2.0,360,77.01219260692596,0.7627696212937142,750,254.45079135894773,2276.5,188.93456208705905,0.3294531078409839,0.7425190587068502,0.1455671957217456,0.8014098869301066,432,232.89444243907928,9,35,47,7,83,3.3973064854696435,18184
156,tile_x28672_y61952_gray_matter_cell_0,2017-160_Iba1_Temporal_pole_Batch_6,tile_x28672_y61952_gray_matter,32.277084,230.17618,139.01587,377.38742,259,8,6,15,6,21,2.5,826,132.18376553058624,0.5940645980644126,2242,621.6711347103119,6820.0,319.9201993942261,0.3287390029325513,0.5146132440961786,0.0728994189454164,0.8373575010200607,1425,714.7838325500488,10,35,75,16,259,3.3948839580673815,85859
157,tile_x60928_y7680_gray_matter_cell_1,2016-032_Iba1_Temporal_pole_Batch_8,tile_x60928_y7680_gray_matter,329.72693,224.98875,439.73035,367.50403,283,10,4,14,2,16,7.0,481,100.911687374115,0.5935700835401243,1613,588.3157962560654,8397.0,350.5641305446625,0.1920924139573657,0.5958774739274192,0.0585629860528849,0.858616168776262,1157,568.6589421033859,9,31,94,16,283,3.3885880796513748,30121
158,tile_x11776_y20480_gray_matter_cell_3,2017-014_Iba1_Temporal_pole_Batch_6,tile_x11776_y20480_gray_matter,53.404613,326.08862,112.51399,364.31604,60,3,2,1,4,5,0.25,487,111.49747383594512,0.4922761207516956,888,142.36753106117249,1011.5,130.170725107193,0.8779041028175977,0.9143287387013912,0.550555268154171,0.7501517089742661,452,179.82337474822998,8,23,26,10,60,3.3803864822647594,31929
159,tile_x30720_y28672_gray_matter_cell_2,2018-001_Iba1_Temporal_pole_Batch_6,tile_x30720_y28672_gray_matter,239.32523,381.613,301.47012,469.6768,78,2,4,5,3,8,1.6666666666666667,543,86.18376553058624,0.9186683683871826,1245,263.0365778207779,2240.5,212.6987500190735,0.5556795358178978,0.8086280310565686,0.2261241379651044,0.6223360183281147,702,263.0365778207779,13,23,66,4,78,3.374842103612537,101453
160,tile_x14336_y23040_gray_matter_cell_0,2017-129_Iba1_Tp_B8_100,tile_x14336_y23040_gray_matter,42.885284,185.28183,113.25081,281.24023,152,7,2,9,2,11,4.5,316,64.5269113779068,0.9537074847171328,1194,388.9188276529312,3097.0,223.58262753486636,0.3855343881175331,0.5748824989629715,0.0991964785091815,0.778529293093695,878,388.9188276529312,11,46,77,8,152,3.374467081577166,70088
161,tile_x13312_y52224_gray_matter_cell_1,2018-001_Iba1_Temporal_pole_Batch_6,tile_x13312_y52224_gray_matter,43.851837,211.28125,212.95074,270.57388,208,6,2,8,2,10,4.0,164,48.14213538169861,0.8892072856538896,1995,429.26197350025177,3737.0,334.3802810907364,0.5338506823655339,0.778965530918476,0.1360529391560221,0.4200022769420747,1914,408.19090580940247,8,20,140,12,208,3.373958996242955,94458
162,tile_x40960_y17408_gray_matter_cell_1,2014-048_Iba1_Temporal_pole_Batch_8,tile_x40960_y17408_gray_matter,202.2698,22.27644,360.5616,119.90321,22,0,4,3,3,6,1.0,2085,344.9188276529312,0.220232861032686,1013,453.8893901109696,3757.0,323.6407608985901,0.2696300239552834,0.7130388326976854,0.0617901496954385,0.4507384760198334,102,97.01219260692596,32,32,85,2,22,3.369224807380225,4756
163,tile_x45568_y52736_gray_matter_cell_2,2016-020_Iba1_Temporal_pole_Batch_8,tile_x45568_y52736_gray_matter,184.11111,403.43896,300.4214,507.91772,152,3,4,7,4,11,1.75,558,88.76955199241638,0.8898483650557818,1409,344.9777027368545,4590.5,282.37311589717865,0.3069382420215663,0.8185257008119449,0.1487780305672245,0.7234743918940363,851,434.57568180561066,12,28,81,12,152,3.3687153238792438,21882
164,tile_x26624_y50688_gray_matter_cell_0,2017-063_Iba1_Temporal_pole_Batch_6,tile_x26624_y50688_gray_matter,230.65703,94.40631,345.7929,187.13907,158,2,5,6,4,10,1.5,475,91.01219260692596,0.7206166944817961,1159,464.8183224201202,4424.0,267.70918011665344,0.2619801084990958,0.5759436906936036,0.0674103872639178,0.7757083284815701,783,434.4335464239121,13,27,76,9,158,3.3666639398896474,54400
165,tile_x84480_y28672_gray_matter_cell_0,2017-014_Iba1_Temporal_pole_Batch_6,tile_x84480_y28672_gray_matter,61.13803,191.15036,229.31644,373.7358,344,8,4,10,4,14,2.5,371,71.35533845424652,0.9156528105001552,1647,629.9137753248215,12607.5,459.73376977443695,0.1306365258774539,0.7298360311891425,0.0521604406287127,0.7495938741631489,1276,679.9554054737091,11,35,102,10,344,3.3657969034411077,41545
166,tile_x24064_y40960_gray_matter_cell_0,2016-020_Iba1_Temporal_pole_Batch_8,tile_x24064_y40960_gray_matter,271.11957,89.4092,386.01935,223.4971,155,3,2,5,2,7,2.5,443,76.5269113779068,0.9505724410209084,1433,398.0904005765915,4758.5,305.2713930606842,0.3011453189030156,0.7668393727116533,0.1136299050746786,0.6416640684777085,990,398.0904005765915,12,19,102,5,155,3.363971625061181,17815
167,tile_x47616_y52736_gray_matter_cell_4,2014-048_Iba1_Temporal_pole_Batch_8,tile_x47616_y52736_gray_matter,344.2121,390.46375,473.20282,468.40485,114,3,10,6,10,16,0.6,2723,332.04877042770386,0.3103514312606774,2003,633.7127648591995,4953.0,287.02217411994934,0.4044013729053099,0.452921560107316,0.062676668340573,0.755522308576768,491,336.14927566051483,13,78,78,9,114,3.362837387454542,6274
168,tile_x32256_y47104_gray_matter_cell_7,2017-014_Iba1_Temporal_pole_Batch_6,tile_x32256_y47104_gray_matter,237.6564,187.37106,381.70364,309.67288,189,2,3,5,3,8,1.6666666666666667,479,108.71067690849304,0.5093320174410565,1309,443.0020879507065,6322.0,358.9091806411743,0.2070547295159759,0.8101749188168853,0.0838181294000693,0.6167302074413893,870,453.24472856521606,10,31,79,10,189,3.3610732318115737,35302
169,tile_x31744_y17920_gray_matter_cell_0,2017-160_Iba1_Temporal_pole_Batch_6,tile_x31744_y17920_gray_matter,137.3475,307.20984,262.32742,386.76733,138,5,4,5,3,8,1.6666666666666667,503,95.74011445045473,0.6895884271710637,1782,334.4924215078354,2980.5,264.8261934518814,0.5978862606945143,0.7917255412188103,0.2001451168559255,0.5340440907666725,1279,421.4041088819504,11,48,99,9,138,3.3496676669999412,86424
170,tile_x29696_y44544_gray_matter_cell_0,2017-160_Iba1_Temporal_pole_Batch_6,tile_x29696_y44544_gray_matter,240.83142,190.62479,382.5384,318.95297,339,15,3,18,3,21,6.0,493,87.25483322143555,0.8137252600964401,2550,640.0559107065201,9457.5,382.64815175533295,0.2696272799365583,0.5978355099212351,0.0782193530249241,0.8116839791798648,2080,675.8549002408981,12,89,108,12,339,3.349585052268047,85992
171,tile_x22016_y21504_gray_matter_cell_0,2017-026_Iba1_Temporal_pole_Batch_8,tile_x22016_y21504_gray_matter,297.26505,276.27734,432.32523,406.86853,319,8,6,12,7,19,1.7142857142857142,675,155.78174459934235,0.3495268237725138,2274,538.6589421033859,9071.0,370.91794753074646,0.2506890089295557,0.6885951731950556,0.0984855640875752,0.8285320923842836,1710,693.269113779068,13,18,81,12,319,3.3417938159607896,44097
172,tile_x38912_y18944_gray_matter_cell_0,2016-020_Iba1_Temporal_pole_Batch_8,tile_x38912_y18944_gray_matter,378.10077,32.424637,452.3051,104.46776,158,12,3,7,2,9,3.5,774,101.9827550649643,0.9351845949355134,1688,357.9482651948929,2961.5,202.4028837680817,0.569981428330238,0.5654528976635183,0.1655548020883683,0.90842318364617,915,432.6173119544983,17,37,48,15,158,3.3378188973883685,20520
173,tile_x28672_y41472_gray_matter_cell_0,2018-001_Iba1_Temporal_pole_Batch_6,tile_x28672_y41472_gray_matter,204.33707,157.33844,287.7233,338.13766,253,4,3,7,3,10,2.333333333333333,519,102.76955199241638,0.6175161144936108,1322,593.2863587141037,8381.5,397.23542761802673,0.1577283302511483,0.6695509205352366,0.0471968043008291,0.6674760155296107,949,559.6295045614243,20,38,89,15,253,3.3370094843461833,100477
174,tile_x33280_y46080_gray_matter_cell_4,2016-020_Iba1_Temporal_pole_Batch_8,tile_x33280_y46080_gray_matter,1.2644806,119.08652,93.03798,243.22733,105,1,3,4,3,7,1.3333333333333333,788,108.56854152679443,0.8400943697498525,1089,260.69343197345734,2907.5,267.03053534030914,0.374548581255374,1.024308642219636,0.2013620225576435,0.5123983641443642,415,279.4213538169861,19,34,65,6,105,3.33523042325898,19603
175,tile_x34816_y60416_gray_matter_cell_0,2017-063_Iba1_Temporal_pole_Batch_6,tile_x34816_y60416_gray_matter,119.87506,210.26965,228.88226,277.6634,76,0,3,3,3,6,1.0,497,99.01219260692596,0.6370725559359722,905,246.1076455116272,2624.0,216.61071741580963,0.3448932926829268,0.8801462342443807,0.1877622288945471,0.7027709697416065,417,289.90663504600525,21,26,47,4,76,3.325187559664425,55488
176,tile_x18944_y29184_gray_matter_cell_3,2017-160_Iba1_Temporal_pole_Batch_6,tile_x18944_y29184_gray_matter,172.77759,1.0778503,293.57428,159.75024,195,5,4,5,3,8,1.6666666666666667,254,56.87005722522736,0.9869070471454644,824,297.1787132024765,5066.5,346.47645902633667,0.1626369288463436,1.165885858016594,0.117246984011357,0.530359614738781,591,316.73506212234497,9,38,111,9,195,3.3228956090042097,83278
177,tile_x22528_y61952_gray_matter_cell_0,2017-160_Iba1_Temporal_pole_Batch_6,tile_x22528_y61952_gray_matter,239.85309,135.41315,325.34796,262.16092,162,3,3,6,3,9,2.0,351,69.94112491607666,0.9016785829566868,880,297.0365778207779,3914.5,253.78048360347748,0.2248052113935368,0.8543745200182056,0.1253350881340611,0.7637825293224653,565,323.66399443149567,13,34,62,10,162,3.319775619554877,84177
178,tile_x57344_y10240_gray_matter_cell_6,2017-026_Iba1_Temporal_pole_Batch_8,tile_x57344_y10240_gray_matter,378.6659,247.61314,423.3916,340.42517,85,3,4,6,4,10,1.5,417,85.69848430156708,0.7135092984859188,1032,236.6518018245697,1933.0,188.16113126277924,0.5338851526125195,0.7950969729030981,0.2315634068230114,0.6860912602406029,637,265.2792184352875,8,21,39,9,85,3.318985593735848,48155
179,tile_x20992_y47104_gray_matter_cell_2,2018-001_Iba1_Temporal_pole_Batch_6,tile_x20992_y47104_gray_matter,354.7162,260.8947,408.34637,307.1867,11,0,6,1,5,6,0.2,840,186.61017167568207,0.3031227450815983,692,215.5807341337204,1348.5,139.52841973304749,0.5131627734519837,0.6472211920685863,0.1871095978804527,0.8704332325371794,150,123.25483322143556,14,15,30,2,11,3.316659214045051,97134
180,tile_x58368_y11264_gray_matter_cell_0,2017-026_Iba1_Temporal_pole_Batch_8,tile_x58368_y11264_gray_matter,243.4538,186.49103,384.45844,317.2646,176,3,3,5,4,9,1.25,464,84.76955199241638,0.811424410645363,1673,344.14927566051483,5840.0,339.61445128917694,0.286472602739726,0.9868230890138172,0.1775056108244557,0.6362830980356617,1209,429.7472547292709,11,19,93,8,176,3.309893188208284,48310
181,tile_x32256_y61440_gray_matter_cell_1,2014-048_Iba1_Temporal_pole_Batch_8,tile_x32256_y61440_gray_matter,396.156,339.20596,457.82776,386.8038,36,2,2,3,3,6,1.0,803,111.49747383594512,0.8116996405823648,684,191.23758828639984,1286.5,140.113361120224,0.5316750874465604,0.7326664301496443,0.2350279158806081,0.823494213745969,182,96.911687374115,14,16,40,3,36,3.30823378581236,2960
182,tile_x67584_y47616_gray_matter_cell_1,2017-063_Iba1_Temporal_pole_Batch_8,tile_x67584_y47616_gray_matter,172.93811,353.27573,255.13739,463.04404,140,2,5,5,3,8,1.6666666666666667,255,57.69848430156708,0.9625454270460672,942,344.9777027368545,3542.0,257.2753522396088,0.2659514398644833,0.7457738578422147,0.0994669303011536,0.6724531896718998,719,344.14927566051483,10,24,60,7,140,3.3050991432590817,66993
183,tile_x20992_y49664_gray_matter_cell_3,2017-014_Iba1_Temporal_pole_Batch_6,tile_x20992_y49664_gray_matter,71.63757,173.70233,217.54349,349.85004,446,7,4,11,4,15,2.75,442,85.84061968326569,0.7537831847963149,1752,720.0975408554077,17250.5,511.9198224544525,0.1015622735572882,0.7109034448948961,0.0424581737787657,0.8271945386180772,1315,769.8965303897858,10,69,123,12,446,3.291844992651068,33486
184,tile_x34816_y39424_gray_matter_cell_4,2014-048_Iba1_Temporal_pole_Batch_8,tile_x34816_y39424_gray_matter,187.52655,81.145744,297.8042,227.56635,184,2,3,5,3,8,1.6666666666666667,295,63.455843687057495,0.9206374442290132,1324,435.546244263649,5859.0,314.4083663225174,0.2259771292029356,0.7218713752292093,0.0877059996361784,0.7448094428206119,1044,452.1320307254791,10,28,85,7,184,3.2868658318829143,3408
185,tile_x69120_y20992_gray_matter_cell_0,2016-020_Iba1_Temporal_pole_Batch_8,tile_x69120_y20992_gray_matter,313.79773,245.86462,363.24316,290.64868,18,1,1,2,1,3,2.0,444,78.18376553058624,0.9127664476030944,747,123.25483322143556,933.5,118.99708116054536,0.8002142474558115,0.9654556989806568,0.6179061945729086,0.8284218948314551,316,182.61017167568207,14,29,30,3,18,3.281421783633133,25901
186,tile_x43520_y27136_gray_matter_cell_2,2018-001_Iba1_Temporal_pole_Batch_6,tile_x43520_y27136_gray_matter,30.917389,228.09595,71.36631,279.7104,46,0,3,4,2,6,2.0,289,62.76955199241638,0.9217425771017136,494,148.61017167568207,807.5,118.60530006885529,0.611764705882353,0.7980967838977562,0.2810863403528056,0.7213469532484624,213,146.36753106117249,9,11,34,6,46,3.2803408398658664,105622
187,tile_x41472_y17408_gray_matter_cell_0,2017-160_Iba1_Temporal_pole_Batch_6,tile_x41472_y17408_gray_matter,354.3692,384.6266,454.32043,466.55603,78,2,3,4,2,6,2.0,446,81.35533845424652,0.8467839356083372,819,213.3380935192108,1858.5,189.3465485572815,0.4406779661016949,0.8875421423048907,0.2261293562209397,0.6514148326615694,382,233.82337474823,12,17,48,6,78,3.274313661199126,88120
188,tile_x74240_y23040_gray_matter_cell_0,2016-032_Iba1_Temporal_pole_Batch_8,tile_x74240_y23040_gray_matter,348.0501,84.81555,426.42365,271.7142,308,13,6,17,5,22,3.4,339,69.94112491607666,0.8708519647359454,1531,613.2863587141037,5615.0,348.2666525840759,0.2726625111308994,0.5678695565873947,0.0511515084006517,0.5817492624030844,1208,636.6000670194626,10,51,102,9,308,3.272847733664024,30677
189,tile_x17920_y19456_gray_matter_cell_0,2018-001_Iba1_Temporal_pole_Batch_6,tile_x17920_y19456_gray_matter,367.7232,29.711884,493.3178,102.49368,167,3,4,7,4,11,1.75,347,66.87005722522736,0.9751601581046678,1261,379.36247873306274,4166.0,272.6010663509369,0.3026884301488238,0.7185767745437782,0.1101073225126398,0.704488695941667,914,439.9898953437805,11,32,68,10,167,3.269776154666944,96246
190,tile_x71168_y60928_gray_matter_cell_0,2016-032_Iba1_Temporal_pole_Batch_8,tile_x71168_y60928_gray_matter,5.389328,145.82864,128.16206,229.655,166,5,7,11,5,16,2.2,737,136.56854152679443,0.4965648898422617,1751,452.3746713399887,4356.5,269.29177236557007,0.4019281533340985,0.5952848146159359,0.1075225236033093,0.7549208375153513,1051,516.0731556415558,7,34,68,12,166,3.262584316448242,30518
191,tile_x24064_y26112_gray_matter_cell_0,2017-014_Iba1_Temporal_pole_Batch_6,tile_x24064_y26112_gray_matter,229.80891,201.12537,343.13617,281.94678,171,3,3,7,2,9,3.5,425,81.69848430156708,0.8001488681061444,1169,350.19090580940247,5078.5,272.4037356376648,0.2301860785665058,0.7778721009560576,0.1197883679653473,0.8600410936148235,746,399.4041088819504,15,22,64,8,171,3.2547659866436396,33801
192,tile_x51200_y15360_gray_matter_cell_2,2017-129_Iba1_Tp_B8_100,tile_x51200_y15360_gray_matter,31.665464,322.7152,88.60361,386.6051,52,3,1,3,0,3,0.0,597,95.84061968326569,0.8167421498856456,1168,184.0660153627396,1572.0,158.1603113412857,0.7430025445292621,0.8592586253882805,0.4332169945076181,0.7897095377968666,622,195.722869515419,10,35,44,4,52,3.245340408420519,76744
193,tile_x33280_y16896_gray_matter_cell_0,2018-001_Iba1_Temporal_pole_Batch_6,tile_x33280_y16896_gray_matter,44.031704,329.33774,95.60669,373.2322,23,1,2,3,1,4,3.0,812,108.32590091228484,0.8695634441905483,1163,152.61017167568207,1262.5,132.1215559244156,0.9211881188118812,0.8657454118143079,0.627512840411837,0.9088535162883654,368,230.1076455116272,14,19,28,4,23,3.243958394498645,102650
194,tile_x33280_y14848_gray_matter_cell_0,2017-026_Iba1_Temporal_pole_Batch_8,tile_x33280_y14848_gray_matter,98.58505,134.95084,203.06256,240.23785,66,2,3,4,4,8,1.0,1114,175.722869515419,0.4533550749684394,2329,309.74725472927094,2733.0,267.26862585544586,0.8521770947676546,0.8628603539651941,0.3050453580946378,0.4807879054852685,1218,461.8132700920105,29,44,74,6,66,3.2429494259317515,44930
195,tile_x47104_y24576_gray_matter_cell_0,2017-063_Iba1_Temporal_pole_Batch_6,tile_x47104_y24576_gray_matter,52.526093,44.720123,231.84561,253.67389,403,5,8,12,7,19,1.7142857142857142,715,118.911687374115,0.6354286936720182,2627,1028.690467596054,14049.0,492.7411161661148,0.1869883977507296,0.4789984273088494,0.0311961145174161,0.7271393884996286,2074,953.3351291418076,12,64,98,14,403,3.2428742371456454,57182
196,tile_x46080_y37376_gray_matter_cell_0,2017-026_Iba1_Temporal_pole_Batch_8,tile_x46080_y37376_gray_matter,61.82416,39.426155,98.94049,75.712395,9,0,1,1,1,2,1.0,606,97.15432798862456,0.8067856852211412,643,117.15432798862456,677.0,96.24623119831084,0.9497784342688332,0.8215337226607297,0.5887137272480584,0.9183982929331612,107,101.9827550649643,13,14,18,3,9,3.2422972998469484,46620
197,tile_x61440_y8704_gray_matter_cell_0,2016-032_Iba1_Temporal_pole_Batch_8,tile_x61440_y8704_gray_matter,320.32166,166.05548,382.46967,322.28186,74,0,3,2,4,6,0.5,1034,190.36753106117249,0.3585458069050092,1729,358.69343197345734,3072.5,278.9219193458557,0.5627339300244101,0.7776053155233003,0.1688721406146422,0.496291075336713,778,378.3919162750244,3,22,95,9,74,3.2389199578897814,30142
198,tile_x33792_y41472_gray_matter_cell_0,2016-032_Iba1_Temporal_pole_Batch_8,tile_x33792_y41472_gray_matter,327.3225,185.03996,492.94202,255.78432,219,6,1,7,1,8,7.0,479,91.84061968326569,0.7136343836140842,1696,483.8477599620819,4806.0,325.8366446495056,0.3528922180607574,0.6734280317326274,0.0910370638723728,0.568844784675257,1395,499.4041088819504,20,33,82,14,219,3.2382839320041317,29216
199,tile_x28160_y44032_gray_matter_cell_1,2018-001_Iba1_Temporal_pole_Batch_6,tile_x28160_y44032_gray_matter,427.06094,198.70816,510.1027,248.92789,89,1,4,5,4,9,1.25,558,117.9827550649643,0.5037406477338355,1445,322.14927566051483,2511.5,201.24300491809845,0.575353374477404,0.6246886773390451,0.1749699197912097,0.7792942279369738,887,322.14927566051483,11,31,40,12,89,3.2340041840363,100220
200,tile_x62464_y43008_gray_matter_cell_1,2014-048_Iba1_Temporal_pole_Batch_8,tile_x62464_y43008_gray_matter,307.51282,211.47234,424.6255,304.6939,181,4,5,7,5,12,1.4,711,98.6690467596054,0.9177356442267884,1674,391.26197350025177,5710.0,285.0560179948807,0.293169877408056,0.72855538565313,0.1374137005689973,0.8830505067069122,963,481.1025931835175,15,38,74,7,181,3.2282889440137486,9521
201,tile_x84992_y28672_gray_matter_cell_1,2017-129_Iba1_Tp_B8_100,tile_x84992_y28672_gray_matter,24.897308,368.746,114.938385,509.47775,242,2,3,5,3,8,1.6666666666666667,231,54.041630148887634,0.9939509705167971,904,403.7056245803833,7923.0,358.74158215522766,0.114098195128108,0.8886217092667663,0.0697025544057268,0.7736349504375698,747,364.73506212234497,9,57,77,12,242,3.2264270121746628,80684
202,tile_x72192_y47616_gray_matter_cell_1,2016-020_Iba1_Temporal_pole_Batch_8,tile_x72192_y47616_gray_matter,2.8619003,130.06395,96.580666,204.22395,78,3,5,8,5,13,1.6,922,158.85281229019165,0.4591461735551586,1262,313.5634891986847,3136.0,220.48502802848816,0.4024234693877551,0.7031591228683554,0.1612940110458754,0.8106394028127676,438,325.8061298131943,12,35,44,6,78,3.2240730665198565,26390
203,tile_x48640_y66560_gray_matter_cell_1,2017-160_Iba1_Temporal_pole_Batch_6,tile_x48640_y66560_gray_matter,428.14075,467.17584,463.44617,505.19318,4,0,1,1,1,2,1.0,486,89.25483322143555,0.7666244173925509,536,105.49747383594512,572.0,93.05446314811708,0.9370629370629372,0.8820539465506284,0.605188313225827,0.8301020319957081,151,140.95331752300262,18,18,21,1,4,3.223947884792179,89026
204,tile_x98816_y16384_gray_matter_cell_0,2017-014_Iba1_Temporal_pole_Batch_6,tile_x98816_y16384_gray_matter,259.734,169.49423,370.6687,350.5001,170,3,2,5,2,7,2.5,984,179.23758828639984,0.3848989967589866,1471,604.2396762371063,4025.5,372.52302944660187,0.3654204446652589,0.616515340016206,0.050629548999978,0.364521746860908,990,455.3868639469147,35,84,140,9,170,3.222896617171948,42971
205,tile_x29696_y11264_gray_matter_cell_4,2014-048_Iba1_Temporal_pole_Batch_8,tile_x29696_y11264_gray_matter,263.09186,276.03937,356.98004,358.12396,89,1,2,3,1,4,3.0,763,105.49747383594512,0.8614900802076605,1200,266.1076455116272,2660.5,217.7607778310776,0.4510430370231159,0.818318381692505,0.2129493924054269,0.7050400842333089,476,282.9360725879669,15,24,68,6,89,3.2200343969817657,2441
206,tile_x14336_y21504_gray_matter_cell_0,2018-001_Iba1_Temporal_pole_Batch_6,tile_x14336_y21504_gray_matter,91.30403,63.0636,251.25377,171.92972,125,4,3,7,3,10,2.333333333333333,1218,235.82337474823,0.2752221937600416,2133,438.03152549266815,6334.5,348.1955922842026,0.3367274449443523,0.7949098912288922,0.1396979339313414,0.6565618832229683,1005,530.3157962560654,16,47,80,11,125,3.2195840957674626,94746
207,tile_x6656_y39936_gray_matter_cell_0,2018-001_Iba1_Temporal_pole_Batch_6,tile_x6656_y39936_gray_matter,337.9893,134.03043,455.2261,208.39194,130,3,5,7,5,12,1.4,828,134.911687374115,0.5716642747315362,1805,388.1492756605148,4529.5,264.271989107132,0.3984987305442102,0.6808514292791594,0.1505530333656402,0.8150004732700122,980,479.26197350025177,13,55,56,10,130,3.2195196570706557,106070
208,tile_x67072_y26624_gray_matter_cell_1,2014-048_Iba1_Temporal_pole_Batch_8,tile_x67072_y26624_gray_matter,178.01292,90.53833,339.93774,286.05188,380,10,4,14,4,18,3.5,574,115.63960921764374,0.5393969987232606,2229,796.5239470005035,15554.0,490.0595930814743,0.1433071878616433,0.6152477837319366,0.0441491410223584,0.8138683662642237,1732,769.5533845424652,17,71,129,14,380,3.214511816160406,10551
209,tile_x69632_y40960_gray_matter_cell_1,2017-129_Iba1_Tp_B8_100,tile_x69632_y40960_gray_matter,87.92688,255.74304,205.74591,384.2937,192,2,1,3,1,4,3.0,347,67.35533845424652,0.9611591247795072,1416,505.9726504087448,6710.5,329.0082154273987,0.2110125922062439,0.6502490108143449,0.0695054777285429,0.7790247571718695,1086,502.31579625606537,12,49,113,8,192,3.2144420609226447,78994
210,tile_x27648_y51200_gray_matter_cell_3,2017-160_Iba1_Temporal_pole_Batch_6,tile_x27648_y51200_gray_matter,189.72113,218.21426,239.84918,253.36612,4,0,3,0,2,2,0.0,601,100.6690467596054,0.7452335930988637,803,127.63960921764374,819.5,113.18994784355164,0.9798657718120806,0.886793280999056,0.619376149064965,0.8037909319052494,221,175.4385987520218,9,9,21,1,4,3.214230833899142,85559
211,tile_x80384_y21504_gray_matter_cell_1,2014-048_Iba1_Temporal_pole_Batch_8,tile_x80384_y21504_gray_matter,104.333694,383.10675,144.57372,426.17487,9,0,3,1,1,2,1.0,345,71.94112491607666,0.8376729861203962,594,117.9827550649643,687.0,103.1402359008789,0.8646288209606987,0.8741975540754857,0.536240044361825,0.8115408029185335,266,160.61017167568207,10,13,16,2,9,3.2048341401599054,13767
212,tile_x27136_y13824_gray_matter_cell_0,2017-014_Iba1_Temporal_pole_Batch_6,tile_x27136_y13824_gray_matter,248.81258,274.6021,476.56256,413.16144,296,4,9,13,9,22,1.4444444444444444,1193,226.20815074443817,0.2929771897423285,3005,816.7077125310898,13042.0,492.209220290184,0.2304094464039257,0.6026748771170041,0.0566136331863204,0.6764793908133132,1914,777.2518688440323,22,31,142,9,296,3.2015502618460645,34330
213,tile_x67584_y16896_gray_matter_cell_0,2017-129_Iba1_Tp_B8_100,tile_x67584_y16896_gray_matter,333.67346,398.11456,450.05237,509.90918,159,4,2,6,2,8,3.0,291,62.87005722522736,0.9251563663266854,864,373.7056245803833,4784.0,288.02928960323334,0.1806020066889632,0.7707384386484631,0.0777435445940501,0.7246490521303147,614,363.22034335136414,10,59,107,7,159,3.1983496221524885,78722
214,tile_x64512_y23040_gray_matter_cell_0,2016-020_Iba1_Temporal_pole_Batch_8,tile_x64512_y23040_gray_matter,84.43279,324.1529,202.7038,501.667,106,2,2,5,2,7,2.5,686,103.63960921764374,0.8025691210567897,1364,280.9360725879669,3179.5,218.05573630332947,0.4289982701682654,0.7761756412930977,0.2171746952340232,0.8402986414635005,678,377.7472547292709,14,26,57,6,106,3.1926630811267667,25189
215,tile_x87552_y11776_gray_matter_cell_1,2014-048_Iba1_Temporal_pole_Batch_8,tile_x87552_y11776_gray_matter,156.77814,434.47485,202.24097,494.29163,6,0,4,2,2,4,1.0,895,145.29646337032318,0.5327492078378311,555,175.33809351921082,896.0,121.39676547050476,0.6194196428571429,0.6923581923012297,0.2268560087661268,0.7640180920096616,37,37.79898953437805,8,8,28,1,6,3.1921130133776066,14604
216,tile_x45056_y34304_gray_matter_cell_2,2017-014_Iba1_Temporal_pole_Batch_6,tile_x45056_y34304_gray_matter,301.94464,289.97278,420.33002,348.4364,102,0,6,4,8,12,0.5,969,147.88224983215332,0.5568029694825525,824,423.1614682674408,3022.0,257.0234866142273,0.2726671078755791,0.6073886823074042,0.0578262254392473,0.5748555156760616,384,237.722869515419,15,29,79,7,102,3.1893865893550033,37809
217,tile_x69632_y27648_gray_matter_cell_1,2014-048_Iba1_Temporal_pole_Batch_8,tile_x69632_y27648_gray_matter,170.80756,160.04163,246.73254,284.96085,142,2,4,7,4,11,1.75,447,77.94112491607666,0.9246642094041194,1653,362.0487704277039,3744.0,268.67002284526825,0.4415064102564102,0.7420824065439492,0.1584705494859404,0.6517893794387447,1206,362.0487704277039,13,17,90,5,142,3.1855690804927796,11136
218,tile_x72192_y46592_gray_matter_cell_1,2017-063_Iba1_Temporal_pole_Batch_8,tile_x72192_y46592_gray_matter,164.62006,46.50735,260.39465,107.763245,83,0,4,3,5,8,0.6,615,104.42640614509584,0.7087030730433294,1243,280.30865597724915,2795.0,224.31448674201965,0.4447227191413238,0.8002410270206776,0.1987961523858351,0.6980347312400762,666,310.7939372062683,16,21,58,6,83,3.183242165236615,67534
219,tile_x30720_y58880_gray_matter_cell_0,2017-160_Iba1_Temporal_pole_Batch_6,tile_x30720_y58880_gray_matter,170.272,77.4608,293.9011,151.30777,192,5,4,8,3,11,2.6666666666666665,630,106.6690467596054,0.6957826345259686,1565,452.8183224201202,4766.0,280.16991806030273,0.3283676038606798,0.6187247825196523,0.0959127234633227,0.7629936012606181,944,509.6883796453476,15,30,68,9,192,3.1811156529548392,86252
220,tile_x14336_y4608_gray_matter_cell_0,2017-063_Iba1_Temporal_pole_Batch_8,tile_x14336_y4608_gray_matter,224.00934,396.74805,313.55432,476.48755,104,3,3,5,4,9,1.25,372,68.87005722522736,0.9855800777753192,1072,257.0365778207779,2647.5,217.5891165733337,0.4049102927289896,0.8465297757156205,0.2038988557499244,0.702702494070844,700,325.3208485841751,11,14,46,5,104,3.180074959346088,62872
221,tile_x23040_y39936_gray_matter_cell_2,2016-020_Iba1_Temporal_pole_Batch_8,tile_x23040_y39936_gray_matter,12.605255,234.04156,246.87762,355.00537,413,10,4,14,4,18,3.5,348,69.69848430156708,0.9002071132924525,1740,776.5828220844269,15918.0,536.9305113554001,0.1093102148511119,0.6914014784852236,0.0362563059287513,0.693844575067772,1433,773.9970356225967,10,27,149,11,413,3.1750929267932526,17603
222,tile_x66048_y37376_gray_matter_cell_2,2017-026_Iba1_Temporal_pole_Batch_8,tile_x66048_y37376_gray_matter,6.6363983,251.03357,79.51198,335.72424,72,1,5,5,5,10,1.0,920,176.55129659175873,0.3708991761233997,1181,289.3208485841751,2760.5,216.1734628677368,0.4278210469117913,0.7471755455080633,0.1772965566999792,0.7423228966663595,415,259.76449966430664,28,32,44,10,72,3.16929210369222,49248
223,tile_x35328_y48128_gray_matter_cell_0,2017-129_Iba1_Tp_B8_100,tile_x35328_y48128_gray_matter,174.0477,214.85452,312.15762,371.49905,271,9,3,8,4,12,2.0,353,78.08326029777527,0.727559795425518,1711,560.357426404953,6716.0,322.116308093071,0.2547647409172126,0.5748407943116782,0.0684746166482817,0.8133830647887412,1417,519.2447285652161,15,25,77,23,271,3.1670555205863447,74356
224,tile_x27648_y15872_gray_matter_cell_0,2016-020_Iba1_Temporal_pole_Batch_8,tile_x27648_y15872_gray_matter,17.648926,286.49915,54.98346,326.70935,6,0,1,1,1,2,1.0,417,76.18376553058624,0.9028613242112714,583,108.81118214130402,635.5,95.8891190290451,0.9173878835562548,0.881243243038403,0.6187730093084013,0.8685338749995768,173,147.1959581375122,13,13,19,1,6,3.1642498091196467,18533
225,tile_x84480_y14848_gray_matter_cell_2,2017-014_Iba1_Temporal_pole_Batch_6,tile_x84480_y14848_gray_matter,15.940414,226.10188,130.48,331.9433,218,7,4,9,3,12,3.0,387,74.5269113779068,0.8755774797845085,1395,445.4041088819504,5331.5,304.4789478778839,0.2616524430272906,0.6836015694650514,0.0883640542082284,0.722677838730557,1008,445.4041088819504,10,40,95,24,218,3.158069401689658,41530
226,tile_x51712_y18432_gray_matter_cell_1,2017-129_Iba1_Tp_B8_100,tile_x51712_y18432_gray_matter,302.7052,117.25598,418.02905,264.93454,124,4,2,6,2,8,3.0,544,91.25483322143556,0.8209127714258065,1302,358.29141104221344,3798.5,259.8806036710739,0.3427668816638146,0.7253330547755026,0.1274524104437935,0.7067637411444103,758,445.546244263649,18,52,75,8,124,3.1571790924997005,76832
227,tile_x27136_y53248_gray_matter_cell_0,2017-063_Iba1_Temporal_pole_Batch_6,tile_x27136_y53248_gray_matter,241.43353,243.90784,401.07764,328.00183,169,6,7,9,5,14,1.8,1296,224.5096664428711,0.3231058165691564,1859,513.2030984163284,5769.0,337.493136882782,0.3222395562489166,0.6576210040902669,0.0886973642319636,0.6364737718542905,788,428.8771975040436,10,42,73,13,169,3.1556264330631643,54483
228,tile_x87552_y34816_gray_matter_cell_0,2017-129_Iba1_Tp_B8_100,tile_x87552_y34816_gray_matter,286.78583,203.53833,433.44073,420.86084,316,5,5,10,5,15,2.0,732,138.81118214130402,0.4773885952398785,1521,764.180801153183,12284.0,472.5405204296112,0.1238196027352653,0.6183621987316699,0.0327300623805329,0.6913079658966841,1028,661.8549002408981,15,46,125,14,316,3.140262488776724,80964
229,tile_x65024_y31232_gray_matter_cell_1,2016-020_Iba1_Temporal_pole_Batch_8,tile_x65024_y31232_gray_matter,135.36066,8.737198,219.66553,156.28914,88,0,3,3,3,6,1.0,1140,157.68123936653137,0.5761753386148651,826,403.1614682674408,3355.0,272.6551681756973,0.2461997019374068,0.6762927254616233,0.063860435362593,0.5671199437015069,337,223.23758828639984,22,44,72,4,88,3.139878702755691,25266
230,tile_x33280_y53760_gray_matter_cell_0,2016-020_Iba1_Temporal_pole_Batch_8,tile_x33280_y53760_gray_matter,140.11766,218.56476,231.93153,376.6626,178,9,4,12,5,17,2.4,954,126.56854152679443,0.7483533159916567,2345,421.1614682674408,3927.0,285.46891808509827,0.5971479500891266,0.6778134743889327,0.1661328245623007,0.6055543205724379,1407,475.78888487815857,13,55,90,7,178,3.1379691204339273,19617
231,tile_x38912_y17920_gray_matter_cell_3,2017-014_Iba1_Temporal_pole_Batch_6,tile_x38912_y17920_gray_matter,227.90852,140.04175,324.8875,186.69232,54,1,2,3,2,5,1.5,509,91.49747383594512,0.7640282885675266,1020,212.30865597724917,1352.0,189.93535685539248,0.7544378698224852,0.8946189969557614,0.2843640125308092,0.4709501304056153,511,294.14927566051483,19,27,55,4,54,3.137318206801531,36649
232,tile_x2560_y33792_gray_matter_cell_1,2017-160_Iba1_Temporal_pole_Batch_6,tile_x2560_y33792_gray_matter,269.80273,317.45013,351.46204,394.15277,142,3,2,5,2,7,2.5,312,63.11269783973694,0.984307893462447,650,253.0365778207779,3463.5,222.39579844474792,0.187671430633752,0.8789077071784761,0.1275723659355114,0.8799781721489217,340,280.83556735515594,11,52,57,10,142,3.135534855957225,84961
233,tile_x57344_y39936_gray_matter_cell_0,2017-026_Iba1_Temporal_pole_Batch_8,tile_x57344_y39936_gray_matter,140.8165,275.20654,268.9241,474.27185,243,8,4,12,4,16,3.0,974,201.52185904979703,0.3013869885782563,2456,741.6366448402405,11370.5,450.3671222925186,0.2159975374873576,0.6072611506265772,0.0561120151125876,0.7044595634343156,1571,747.192993760109,16,126,143,7,243,3.1348002058440523,48209
234,tile_x69632_y18432_gray_matter_cell_1,2017-129_Iba1_Tp_B8_100,tile_x69632_y18432_gray_matter,369.28406,94.906815,420.5929,196.22044,45,2,1,3,1,4,3.0,671,115.84061968326569,0.6283630513824867,1348,229.92387998104093,1790.5,192.45199751853943,0.7528623289583916,0.8370248341947284,0.3204288395880431,0.607490293437782,713,266.4507913589477,25,31,57,6,45,3.1341671444052515,78950
235,tile_x7680_y54784_gray_matter_cell_0,2017-063_Iba1_Temporal_pole_Batch_8,tile_x7680_y54784_gray_matter,100.2258,114.88135,256.84967,262.15643,313,6,4,8,4,12,2.0,257,59.11269783973694,0.9242329047057845,1289,526.3157962560654,9499.0,384.0576071739197,0.1356984945783766,0.729709444227029,0.0584749652090132,0.8092729199022517,1044,509.8305150270462,10,48,76,10,313,3.1280700411334874,68286
236,tile_x32768_y30208_gray_matter_cell_1,2018-001_Iba1_Temporal_pole_Batch_6,tile_x32768_y30208_gray_matter,257.4728,117.27655,383.01364,265.03934,265,8,2,10,0,10,0.0,292,63.455843687057495,0.9112750295419384,2343,626.2985513210297,12104.0,422.0031399726868,0.1935723727693324,0.6738050712117573,0.0750618628505823,0.8540974283631922,2100,648.7838325500488,11,95,126,26,265,3.1263458170153746,102490
237,tile_x95744_y14848_gray_matter_cell_1,2017-014_Iba1_Temporal_pole_Batch_6,tile_x95744_y14848_gray_matter,315.1709,86.00261,440.15552,226.53642,184,5,4,6,4,10,1.5,366,70.5269113779068,0.9246581873634996,1275,387.9898953437805,4026.5,255.46445786952967,0.3166521793120576,0.6584306986736705,0.106433714341915,0.7753121585925654,976,346.7766922712326,11,65,91,6,184,3.115235679457167,42650
238,tile_x72192_y36864_gray_matter_cell_1,2017-063_Iba1_Temporal_pole_Batch_8,tile_x72192_y36864_gray_matter,82.052734,253.66898,192.94598,391.9814,190,6,5,4,6,10,0.6666666666666666,702,129.63960921764374,0.5248939289958201,1592,426.9604578018189,5878.0,306.5417788028717,0.270840421912215,0.7179629242039983,0.1097431992093885,0.7860679681316228,921,438.8599525690079,19,53,65,14,190,3.1145959004209796,67525
239,tile_x32768_y52224_gray_matter_cell_1,2017-063_Iba1_Temporal_pole_Batch_6,tile_x32768_y52224_gray_matter,259.60297,470.62256,296.31122,509.59607,3,0,1,1,1,2,1.0,439,81.01219260692596,0.8405694680658087,697,105.15432798862456,704.0,97.828875541687,0.9900568181818182,0.930336177435036,0.7921151826115548,0.9243754435557504,288,137.0538227558136,16,16,18,1,3,3.110296716659799,55240
240,tile_x73728_y15360_gray_matter_cell_1,2017-014_Iba1_Temporal_pole_Batch_6,tile_x73728_y15360_gray_matter,128.85538,192.15543,340.12,317.12424,384,8,4,12,4,16,3.0,411,77.84061968326569,0.8523915123170877,2029,713.5533845424652,12762.0,440.8836257457733,0.1589876194953769,0.6178705550229723,0.0500770768869222,0.8250507532474852,1651,744.0386657714844,10,57,97,14,384,3.1100812930165906,40465
241,tile_x41472_y30720_gray_matter_cell_4,2017-026_Iba1_Temporal_pole_Batch_8,tile_x41472_y30720_gray_matter,380.12402,146.52548,438.65466,266.00537,132,1,4,5,4,9,1.25,371,71.94112491607666,0.900801964784542,1345,375.7056245803833,2860.0,248.14252746105197,0.4702797202797202,0.6604706217486003,0.1197393109801712,0.5836782286174652,977,430.8183224201202,11,44,58,5,132,3.1067864425588216,46009
242,tile_x16384_y64000_gray_matter_cell_0,2014-048_Iba1_Temporal_pole_Batch_8,tile_x16384_y64000_gray_matter,42.82718,246.20825,126.6454,347.83496,164,4,3,7,3,10,2.333333333333333,351,70.76955199241638,0.8806920741027707,1958,392.9188276529312,3940.5,247.0835347175598,0.4968912574546377,0.6288411685270805,0.1593737796515436,0.8110984745577966,1607,461.6883796453476,12,59,82,9,164,3.103612215853145,534
243,tile_x34816_y22528_gray_matter_cell_0,2017-160_Iba1_Temporal_pole_Batch_6,tile_x34816_y22528_gray_matter,284.00995,13.90229,339.73236,89.385735,65,2,4,4,6,10,0.6666666666666666,987,138.71067690849304,0.6446251337171273,1476,230.45079135894773,1811.0,168.60663878917694,0.8150193263390392,0.7316383588657632,0.349252733488697,0.8005325088573835,584,312.04877042770386,13,22,42,5,65,3.1021299092314676,87100
244,tile_x49152_y33280_gray_matter_cell_0,2017-026_Iba1_Temporal_pole_Batch_8,tile_x49152_y33280_gray_matter,150.65906,18.298645,298.74548,184.66475,308,7,4,9,4,13,2.25,453,86.18376553058624,0.7664028929638927,1686,584.8010774850845,10502.5,440.0514028072357,0.1605332063794334,0.7524804925115058,0.0619513972732785,0.6815468810139343,1270,602.1147857904434,13,41,141,27,308,3.100360015186508,47076
245,tile_x52736_y20480_gray_matter_cell_2,2017-129_Iba1_Tp_B8_100,tile_x52736_y20480_gray_matter,144.64166,187.25241,282.87497,339.97922,339,5,4,9,4,13,2.25,526,92.18376553058624,0.777833636328733,2016,648.9848430156708,10670.5,394.73286628723145,0.1889321025256548,0.608231256146147,0.0601493978169257,0.8605736769129663,1494,723.168608546257,11,61,87,19,339,3.1001738469537594,76982
246,tile_x64512_y25600_gray_matter_cell_2,2017-160_Iba1_Temporal_pole_Batch_6,tile_x64512_y25600_gray_matter,449.21365,209.28104,508.0084,280.18915,34,0,2,2,2,4,1.0,607,95.15432798862456,0.8424448159164656,1642,192.1665205955505,1848.0,162.0835406780243,0.8885281385281385,0.8434535848164657,0.558762900685735,0.8839628237136011,1040,270.4924215078354,12,16,32,3,34,3.0984814469169293,91368
247,tile_x16384_y6144_gray_matter_cell_1,2016-020_Iba1_Temporal_pole_Batch_8,tile_x16384_y6144_gray_matter,233.42769,315.47925,331.1579,378.28748,98,1,3,4,3,7,1.3333333333333333,281,61.69848430156708,0.9276137841588128,624,271.2792184352875,1758.5,204.62490940093997,0.3548478817173727,0.7542962950910755,0.1065519501174272,0.5277584996234955,368,251.37972366809845,9,24,70,10,98,3.0975342569730433,16348
248,tile_x34304_y22016_gray_matter_cell_0,2017-129_Iba1_Tp_B8_100,tile_x34304_y22016_gray_matter,241.84216,115.099884,421.86096,318.49222,281,2,5,8,5,13,1.6,1218,141.0538227558136,0.7692852952245508,2505,618.3990565538406,12849.0,448.2893673181534,0.1949568059771188,0.7249192290433633,0.0823151848035733,0.8034564039652736,1301,730.9675980806351,16,45,95,10,281,3.0959630962988465,74114
249,tile_x18944_y20480_gray_matter_cell_1,2018-001_Iba1_Temporal_pole_Batch_6,tile_x18944_y20480_gray_matter,3.0854645,106.26128,114.50737,171.72832,86,1,1,2,1,3,2.0,749,148.32590091228485,0.427816659178675,995,324.634556889534,3407.5,255.33262979984283,0.2920029347028613,0.7865232594037329,0.1186433630901099,0.6567999211529497,537,226.45079135894773,33,58,79,7,86,3.0938764849562834,96516
250,tile_x70656_y50688_gray_matter_cell_1,2017-026_Iba1_Temporal_pole_Batch_8,tile_x70656_y50688_gray_matter,296.97784,152.37518,495.05255,294.23468,316,8,4,11,3,14,3.6666666666666665,503,104.911687374115,0.5742884801864052,2541,798.3229365348816,11095.0,442.70845890045166,0.2290220820189274,0.5545480890503115,0.0501022598242768,0.7113798019665138,2130,755.9381605386734,18,89,125,11,316,3.0929744245188155,49771
251,tile_x22016_y27136_gray_matter_cell_0,2017-063_Iba1_Temporal_pole_Batch_6,tile_x22016_y27136_gray_matter,46.39741,58.58883,104.97453,115.77503,45,2,3,4,4,8,1.0,539,87.84061968326569,0.8778248023871863,1382,187.82337474823,1583.0,149.74983382225037,0.8730259001895135,0.7972907207262369,0.4922872954276003,0.8870703852980794,843,187.82337474823,11,16,25,6,45,3.08989966961154,53740
252,tile_x23040_y41984_gray_matter_cell_1,2017-129_Iba1_Tp_B8_100,tile_x23040_y41984_gray_matter,234.36423,177.30502,367.71976,387.49277,347,8,3,11,2,13,5.5,857,111.5979790687561,0.8647250216862379,2532,726.3990565538406,13715.0,473.2419221401215,0.1846153846153846,0.6514902764126109,0.0603007928599991,0.7695542778034651,1675,813.9970356225967,14,55,174,12,347,3.0884552772050027,71862
253,tile_x2560_y57856_gray_matter_cell_0,2018-001_Iba1_Temporal_pole_Batch_6,tile_x2560_y57856_gray_matter,365.82678,211.34238,466.97852,394.48093,213,3,4,8,4,12,2.0,485,88.18376553058624,0.7837441699862052,1761,483.3036036491394,6901.5,347.3080962896347,0.2551619213214519,0.71861267672601,0.0947390778645853,0.7189911443852882,1276,560.3157962560654,13,40,83,8,213,3.0874753038278375,99042
254,tile_x58368_y24064_gray_matter_cell_0,2017-063_Iba1_Temporal_pole_Batch_8,tile_x58368_y24064_gray_matter,381.13696,245.9365,414.31458,273.65982,1,0,1,0,0,0,0.0,572,95.35533845424652,0.7905254732895106,532,90.5269113779068,525.5,85.4381091594696,1.0123691722169363,0.9437868569579948,0.8157669190194669,0.9046473756301698,57,63.69848430156708,13,13,13,1,1,3.0827221437280903,66008
255,tile_x33280_y42496_gray_matter_cell_1,2016-020_Iba1_Temporal_pole_Batch_8,tile_x33280_y42496_gray_matter,157.18689,213.1378,298.5867,304.68958,142,4,3,7,2,9,3.5,1023,143.9827550649643,0.6201040087886764,838,347.3208485841751,3707.5,288.0102639198303,0.2260283209710047,0.8292340212051206,0.0872955641151226,0.561662066423368,349,251.9655101299286,10,61,68,8,142,3.082109276942168,19594
256,tile_x21504_y40960_gray_matter_cell_2,2017-129_Iba1_Tp_B8_100,tile_x21504_y40960_gray_matter,396.32587,150.17355,477.77533,244.77036,75,1,5,8,3,11,2.6666666666666665,1413,197.09545290470123,0.4570869433516449,1005,421.0609630346298,3251.0,226.82137298583984,0.3091356505690557,0.5386901016686866,0.071233776104981,0.7940701735488219,298,194.6518018245697,14,34,45,9,75,3.0780291986877453,71570
257,tile_x8704_y30720_gray_matter_cell_0,2017-160_Iba1_Temporal_pole_Batch_6,tile_x8704_y30720_gray_matter,4.792652,286.56274,130.9605,394.7506,235,5,2,6,3,9,2.0,666,98.18376553058624,0.8681699010385745,2392,523.2863587141037,6308.5,310.1564474105835,0.3791709598161211,0.592708833787958,0.1097721606098453,0.8240894310379453,1833,529.7716399431229,14,31,93,12,235,3.0774289675817044,93260
258,tile_x32256_y49664_gray_matter_cell_0,2018-001_Iba1_Temporal_pole_Batch_6,tile_x32256_y49664_gray_matter,278.3861,50.371292,367.21014,141.78345,108,1,6,5,6,11,0.8333333333333334,545,98.6690467596054,0.7034682504973274,1467,323.4629839658737,3319.5,233.6207025051117,0.4419340262087664,0.722248646941807,0.1761938723993706,0.7642930069408094,955,393.64674949646,6,25,53,6,108,3.075920389823274,102341
259,tile_x29184_y52224_gray_matter_cell_2,2018-001_Iba1_Temporal_pole_Batch_6,tile_x29184_y52224_gray_matter,446.8407,79.01572,480.8883,142.74173,50,1,2,3,3,6,1.0,339,66.76955199241638,0.9555482858688196,752,155.78174459934235,917.5,129.39004719257355,0.8196185286103542,0.830585429155091,0.3893987725584154,0.6886748045170178,440,204.30865597724917,11,16,35,6,50,3.073623421080379,100778
260,tile_x24064_y66560_gray_matter_cell_2,2017-129_Iba1_Tp_B8_100,tile_x24064_y66560_gray_matter,160.83932,66.80078,245.44016,151.81366,106,1,4,4,5,9,0.8,882,155.4385987520218,0.4587337614416351,710,357.1198381185532,3428.5,229.25749826431277,0.2070876476593262,0.6419623717128985,0.0699584632003079,0.8197226209200078,297,220.6518018245697,9,32,54,12,106,3.06830351310223,72101
261,tile_x30208_y11776_gray_matter_cell_1,2016-032_Iba1_Temporal_pole_Batch_8,tile_x30208_y11776_gray_matter,32.09767,124.97983,130.95515,254.88223,191,7,4,12,2,14,6.0,583,97.84061968326569,0.7653146544795458,2354,427.0609630346298,4735.5,292.46028900146484,0.4970963995354239,0.6848209373277454,0.1621946677413655,0.6957318658579723,1771,427.0609630346298,12,49,65,11,191,3.060120659747163,29047
262,tile_x24064_y23040_gray_matter_cell_3,2016-020_Iba1_Temporal_pole_Batch_8,tile_x24064_y23040_gray_matter,271.7345,341.0636,352.54657,381.24377,51,1,3,3,4,7,0.75,570,89.74011445045471,0.8894294012903403,1070,172.02438521385193,1221.0,144.9637405872345,0.8763308763308764,0.8426929729004582,0.4543741469537773,0.7301410302416701,508,215.37972366809845,14,16,42,4,51,3.0559448302376806,17767
263,tile_x56832_y27648_gray_matter_cell_1,2016-020_Iba1_Temporal_pole_Batch_8,tile_x56832_y27648_gray_matter,194.98616,121.07061,342.59686,243.7265,224,6,3,9,3,12,3.0,276,58.87005722522736,1.0007602112994176,1049,441.64674949646,5928.5,342.04395854473114,0.176941890866155,0.7744740767020472,0.0675826590921783,0.6367820903796164,775,480.3746713399887,9,40,101,6,224,3.0547821202247114,23919
264,tile_x28672_y28672_gray_matter_cell_0,2016-020_Iba1_Temporal_pole_Batch_8,tile_x28672_y28672_gray_matter,201.2118,324.89902,389.69055,437.80624,224,1,2,4,1,5,4.0,448,79.35533845424652,0.8939960120194609,1816,557.0020879507065,7216.0,372.7776733636856,0.2516629711751663,0.6692572279848898,0.0735549766418756,0.6525391932977693,1368,557.0020879507065,15,19,123,6,224,3.0537421268795857,18770
265,tile_x29696_y16384_gray_matter_cell_1,2017-014_Iba1_Temporal_pole_Batch_6,tile_x29696_y16384_gray_matter,368.8098,94.61683,457.3396,180.05371,167,1,5,6,5,11,1.2,472,80.42640614509583,0.9169687541932754,1475,334.14927566051483,4563.5,257.3232344388962,0.3232168291881231,0.7700846692851386,0.1660048728146828,0.8660638585873561,1003,334.14927566051483,13,18,76,6,167,3.053067965475625,34780
266,tile_x67072_y30720_gray_matter_cell_2,2017-026_Iba1_Temporal_pole_Batch_8,tile_x67072_y30720_gray_matter,36.84487,56.44796,66.69635,89.3093,0,0,0,0,0,0,0.0,553,89.11269783973694,0.8750962272991262,500,85.84061968326569,483.0,80.2803076505661,1.0351966873706004,0.9352251643427552,0.8526959104030711,0.941757176870207,78,63.11269783973694,0,0,0,0,0,3.0515810484736092,49395
267,tile_x10240_y58880_gray_matter_cell_0,2018-001_Iba1_Temporal_pole_Batch_6,tile_x10240_y58880_gray_matter,427.836,372.1764,509.7354,440.08215,116,3,2,5,1,6,5.0,425,87.84061968326569,0.6921624137561302,787,291.4213538169861,3032.5,216.7188793420792,0.2595218466611707,0.7436616311863666,0.1164506329906728,0.8113667028226814,498,243.37972366809845,18,46,53,19,116,3.0502261601368437,93636
268,tile_x8192_y45568_gray_matter_cell_0,2017-063_Iba1_Temporal_pole_Batch_6,tile_x8192_y45568_gray_matter,252.4817,175.89865,369.15454,314.4171,215,9,2,12,2,14,6.0,338,68.5269113779068,0.90449099728962,1273,467.1442233324051,5039.5,293.5133774280548,0.2526044250421669,0.6283142609240828,0.0733054564222208,0.7350916911858877,935,510.84270763397217,11,37,60,23,215,3.0440302606090945,62211
269,tile_x13824_y44544_gray_matter_cell_1,2017-014_Iba1_Temporal_pole_Batch_6,tile_x13824_y44544_gray_matter,49.253,8.356514,124.963036,124.37177,104,2,4,5,4,9,1.25,417,83.25483322143555,0.7560090749213398,865,290.0071402788162,2780.5,228.78216934204104,0.3110951267757597,0.7888846085723517,0.1292434641010398,0.6675570948926064,560,310.3919162750244,12,19,72,7,104,3.042721266880191,32348
270,tile_x44544_y35328_gray_matter_cell_0,2017-026_Iba1_Temporal_pole_Batch_8,tile_x44544_y35328_gray_matter,308.52094,300.14307,411.6153,387.07324,117,2,3,5,3,8,1.6666666666666667,471,89.5979790687561,0.7372832086199067,717,262.14927566051483,3110.5,258.33766281604767,0.2305095643787172,0.9854601435198956,0.1311087556612841,0.585685695708684,437,234.5929267406464,12,13,96,6,117,3.0349193295245254,46372
271,tile_x11776_y46080_gray_matter_cell_0,2017-160_Iba1_Temporal_pole_Batch_6,tile_x11776_y46080_gray_matter,225.48573,373.95453,375.7245,510.0694,153,1,3,4,3,7,1.3333333333333333,474,86.66904675960541,0.7929762237179708,1005,318.634556889534,5547.5,323.04981338977814,0.1811626858945471,1.0138568036792532,0.1243913486944296,0.6679872697219427,556,328.8771975040436,12,18,74,6,153,3.0310816708646877,81849
272,tile_x14336_y55808_gray_matter_cell_0,2017-160_Iba1_Temporal_pole_Batch_6,tile_x14336_y55808_gray_matter,109.144806,166.26439,252.6759,358.6936,257,9,3,7,4,11,1.75,1209,197.13708305358887,0.3909304617372697,2522,564.9432128667831,8231.5,392.6431633234024,0.3063840126343923,0.6950135064566036,0.0992991098426075,0.67095403135771,1376,684.5828220844269,28,48,91,15,257,3.024311196299586,82401
273,tile_x36352_y37376_gray_matter_cell_0,2017-160_Iba1_Temporal_pole_Batch_6,tile_x36352_y37376_gray_matter,383.93872,211.33456,467.15118,345.1957,255,17,2,5,4,9,1.25,413,88.08326029777527,0.6689184170457789,2005,336.9777027368545,2996.0,279.13723599910736,0.6692256341789052,0.8283552108404195,0.2218819175283937,0.4831879837356915,1636,417.64674949646,10,21,65,13,255,3.0146900274737893,87395
274,tile_x70656_y20992_gray_matter_cell_3,2017-063_Iba1_Temporal_pole_Batch_6,tile_x70656_y20992_gray_matter,252.71942,219.05952,418.62006,305.352,307,6,3,9,3,12,3.0,479,87.74011445045471,0.7818959872234671,2355,708.7838325500488,8295.0,373.0092618465424,0.2839059674502712,0.5262666058628014,0.0589078497077407,0.749181463492498,1876,782.0386657714844,10,43,129,9,307,3.014362825101982,60574
275,tile_x75264_y74752_gray_matter_cell_0,2014-048_Iba1_Temporal_pole_Batch_8,tile_x75264_y74752_gray_matter,295.23602,50.578415,405.6043,123.883896,143,3,6,7,6,13,1.1666666666666667,730,103.84061968326569,0.8507426031768806,1702,400.534051656723,3850.5,258.5922636985779,0.4420205168159979,0.6456186749390385,0.133318534838636,0.7235956307813006,979,452.57568180561066,13,44,60,8,143,3.0141828114103357,12513
276,tile_x4608_y28672_gray_matter_cell_0,2017-014_Iba1_Temporal_pole_Batch_6,tile_x4608_y28672_gray_matter,244.18991,20.66388,385.67355,185.91153,335,8,3,11,3,14,3.6666666666666665,497,84.66904675960541,0.8711980849745566,1984,707.6122596263885,9862.5,392.24532318115234,0.2011660329531052,0.5543223959803262,0.049792144878961,0.8055292816792183,1491,761.8965303897858,12,98,106,13,335,3.0111290086779667,38051
277,tile_x10752_y26624_gray_matter_cell_1,2017-014_Iba1_Temporal_pole_Batch_6,tile_x10752_y26624_gray_matter,131.7107,275.02393,269.8805,431.36108,316,4,5,8,4,12,2.0,454,97.5979790687561,0.5989410325467549,840,510.41630148887634,10275.0,406.61438751220703,0.0817518248175182,0.7966328393629264,0.0405172608619652,0.7809553628155977,572,419.9898953437805,9,63,142,6,316,3.0078890930439997,31777
278,tile_x32256_y59904_gray_matter_cell_0,2014-048_Iba1_Temporal_pole_Batch_8,tile_x32256_y59904_gray_matter,106.42457,39.56642,204.93304,243.06886,303,9,5,12,4,16,3.0,771,143.1959581375122,0.4725009898497714,2220,665.9137753248215,9010.0,417.0378477573395,0.246392896781354,0.6262640347902632,0.0629110365059321,0.6510040850175487,1512,700.1980460882187,18,66,102,10,303,3.0068244914185005,2957
279,tile_x10752_y26624_gray_matter_cell_1,2017-026_Iba1_Temporal_pole_Batch_8,tile_x10752_y26624_gray_matter,190.29553,274.92493,267.72754,341.5116,79,2,5,6,4,10,1.5,408,78.42640614509583,0.8335763777036668,873,230.7939372062683,1991.0,182.3154764175415,0.4384731290808639,0.7899491582164051,0.2059564112282394,0.7527210316086963,466,296.9777027368545,9,30,56,4,79,3.006420741672315,43142
280,tile_x34304_y24576_gray_matter_cell_4,2018-001_Iba1_Temporal_pole_Batch_6,tile_x34304_y24576_gray_matter,59.092133,310.90628,158.19176,392.4144,101,3,3,5,2,7,2.5,580,113.49747383594512,0.56580328797573,1147,320.04877042770386,3023.0,232.2623587846756,0.3794244128349321,0.7257092676040809,0.1407151817053677,0.7041907996097699,640,296.0071402788162,22,36,75,4,101,3.00634101964506,103103
281,tile_x29184_y36352_gray_matter_cell_0,2016-020_Iba1_Temporal_pole_Batch_8,tile_x29184_y36352_gray_matter,106.00232,6.4334106,282.42084,189.98505,310,8,4,11,3,14,3.6666666666666665,561,87.69848430156708,0.9166183564464012,2315,626.9432128667831,10251.5,426.7581014633178,0.225820611617812,0.68069658097407,0.074012393476275,0.7073489794271288,1754,626.9432128667831,14,64,118,19,310,3.0029187747141908,18868
282,tile_x30208_y39424_gray_matter_cell_0,2017-063_Iba1_Temporal_pole_Batch_8,tile_x30208_y39424_gray_matter,345.36206,40.17242,397.56604,108.03461,59,0,3,2,4,6,0.5,471,88.42640614509583,0.7569493526087178,829,172.16652059555054,1672.0,165.22228407859802,0.4958133971291866,0.95966558136314,0.351452785090432,0.7696776821348918,485,198.0660153627396,10,27,34,8,59,2.99974370139071,64051
283,tile_x49152_y59392_gray_matter_cell_0,2017-063_Iba1_Temporal_pole_Batch_6,tile_x49152_y59392_gray_matter,171.26514,196.04626,261.83386,312.06528,98,3,5,7,4,11,1.75,352,75.35533845424652,0.7789767183969449,1014,236.75230705738068,1956.5,181.2136368751526,0.5182724252491694,0.7654144499264904,0.2273313754317707,0.7487002241797512,683,268.8944424390793,11,20,40,8,98,2.998710307070748,57493
284,tile_x31232_y18944_gray_matter_cell_0,2018-001_Iba1_Temporal_pole_Batch_6,tile_x31232_y18944_gray_matter,132.26816,95.17332,310.9613,230.96262,347,5,6,11,6,17,1.8333333333333333,1267,182.02438521385196,0.4805375536360187,3606,744.7249574661255,15232.0,463.4042514562607,0.2367384453781512,0.6222488541715605,0.0817040848275111,0.8913469183433822,2386,856.8082177639008,11,44,120,15,347,2.9982317904683575,101751
285,tile_x51200_y51712_gray_matter_cell_2,2017-026_Iba1_Temporal_pole_Batch_8,tile_x51200_y51712_gray_matter,168.42984,155.77261,253.00467,246.9631,113,4,5,8,6,14,1.3333333333333333,585,115.84061968326569,0.5478276975540309,1126,342.19090580940247,3242.5,229.52931571006772,0.3472629144178874,0.6707639268412168,0.1208401700511459,0.7734166636126937,597,320.04877042770386,19,32,48,11,113,2.9927712506044992,47374
286,tile_x34304_y48640_gray_matter_cell_2,2017-063_Iba1_Temporal_pole_Batch_8,tile_x34304_y48640_gray_matter,256.5659,105.562836,366.9551,248.37323,310,13,3,15,3,18,5.0,499,101.0538227558136,0.614051668191441,2202,654.6416971683502,7476.0,331.9768109321594,0.2945425361155698,0.5071122300460292,0.0645683740911085,0.8524396840033762,1726,690.3401814699173,17,39,66,18,310,2.9920778762775813,64283
287,tile_x44032_y62976_gray_matter_cell_1,2014-048_Iba1_Temporal_pole_Batch_8,tile_x44032_y62976_gray_matter,242.1511,100.49945,302.26675,193.72552,73,1,2,3,2,5,1.5,351,73.35533845424652,0.8196973480718576,1167,243.52185904979703,1998.5,198.9719921350479,0.5839379534650988,0.8170600902581018,0.2472890117835514,0.6343517177952273,816,313.4629839658737,10,18,70,3,73,2.9913881825230413,5497
288,tile_x49664_y8192_gray_matter_cell_0,2014-048_Iba1_Temporal_pole_Batch_8,tile_x49664_y8192_gray_matter,62.888813,313.17188,176.40752,444.96826,180,5,6,9,7,16,1.2857142857142858,838,145.53910398483276,0.4971580649232595,2262,515.3868639469147,6419.0,312.66388642787933,0.3523913382146751,0.6066586253934559,0.1070128115115654,0.8251288951772151,1428,627.369619011879,16,38,70,11,180,2.9894461898647893,6789
289,tile_x27136_y64000_gray_matter_cell_1,2014-048_Iba1_Temporal_pole_Batch_8,tile_x27136_y64000_gray_matter,151.40384,109.86156,185.91647,136.91435,3,0,1,1,1,2,1.0,310,65.69848430156708,0.9025283594841396,459,81.35533845424652,441.5,77.36021196842194,1.0396375990939977,0.9508928785531215,0.8714659785744995,0.9270545074362784,168,118.81118214130402,11,11,13,1,3,2.9868562416663904,2091
290,tile_x86016_y23040_gray_matter_cell_0,2016-020_Iba1_Temporal_pole_Batch_8,tile_x86016_y23040_gray_matter,221.43668,400.80164,257.17532,459.33032,14,0,2,2,2,4,1.0,747,108.08326029777528,0.803551271619099,710,136.56854152679443,855.0,125.42907643318176,0.8304093567251462,0.9184331547435678,0.4783732317340648,0.6829352503724191,82,64.5269113779068,18,23,31,2,14,2.9867396744545163,28349
291,tile_x15872_y38912_gray_matter_cell_0,2017-063_Iba1_Temporal_pole_Batch_8,tile_x15872_y38912_gray_matter,190.11899,301.3509,240.83017,360.6427,28,0,3,3,3,6,1.0,560,96.42640614509584,0.7568432284366082,1364,162.61017167568207,1422.0,140.90402030944824,0.959212376933896,0.8665141845522083,0.648229539452421,0.9000418238428717,819,224.30865597724917,12,12,29,4,28,2.985917354487061,62970
292,tile_x20992_y58368_gray_matter_cell_1,2014-048_Iba1_Temporal_pole_Batch_8,tile_x20992_y58368_gray_matter,260.71265,229.72522,336.7602,365.08258,224,9,2,7,1,8,7.0,329,67.69848430156708,0.902085851240661,2306,487.24472856521606,4223.0,299.03732419013977,0.5460573052332465,0.613731266155945,0.1220604223894894,0.5934445551497252,1997,493.1442233324051,14,24,89,18,224,2.9825623755458386,1098
293,tile_x26112_y10240_gray_matter_cell_2,2017-063_Iba1_Temporal_pole_Batch_8,tile_x26112_y10240_gray_matter,128.10007,39.379807,276.92734,212.64462,319,8,4,8,4,12,2.0,309,65.11269783973694,0.9158766003801035,1748,506.3746713399887,10671.0,421.4288353919983,0.1638084528160434,0.8322470677231872,0.0856657741089385,0.7550339637250303,1464,563.2447285652161,9,69,119,10,319,2.9808259387219818,63642
294,tile_x50176_y24064_gray_matter_cell_0,2017-063_Iba1_Temporal_pole_Batch_6,tile_x50176_y24064_gray_matter,261.90247,196.41623,344.5069,269.23837,109,5,3,8,3,11,2.6666666666666665,443,77.35533845424652,0.9303213954935948,1183,290.4924215078354,2292.5,186.08738839626312,0.516030534351145,0.640592919534198,0.1761671770028113,0.8319272051239293,740,368.9188276529312,11,15,49,8,109,2.978681251980313,57590
295,tile_x8704_y7168_gray_matter_cell_0,2016-020_Iba1_Temporal_pole_Batch_8,tile_x8704_y7168_gray_matter,234.57977,144.00195,346.97113,296.15485,139,4,5,9,5,14,1.8,1458,234.20815074443817,0.3340130060249629,1138,560.1147857904434,9517.5,387.505331158638,0.1195692146046756,0.6918319976355989,0.0455824906558329,0.7964846052398372,458,309.90663504600525,23,40,104,11,139,2.970710508128017,28482
296,tile_x26112_y47104_gray_matter_cell_0,2014-048_Iba1_Temporal_pole_Batch_8,tile_x26112_y47104_gray_matter,356.7698,415.77124,466.34152,481.70648,115,2,6,8,6,14,1.3333333333333333,485,81.5979790687561,0.9153618267587508,1192,304.73506212234497,2543.5,222.70243644714355,0.4686455671319048,0.7308067371575806,0.1613025627188003,0.6444536224483728,717,336.29141104221344,11,17,69,8,115,2.9663981255856346,1927
297,tile_x84480_y41472_gray_matter_cell_1,2017-129_Iba1_Tp_B8_100,tile_x84480_y41472_gray_matter,407.35513,184.28802,467.53,257.23132,62,1,1,2,1,3,2.0,377,70.76955199241638,0.9459285240363092,441,126.08326029777528,1401.0,154.43713474273682,0.3147751605995717,1.224882148335927,0.3486049846113752,0.7381498368534641,133,127.9827550649643,13,40,55,5,62,2.965713833685942,80665
298,tile_x45568_y10240_gray_matter_cell_3,2017-026_Iba1_Temporal_pole_Batch_8,tile_x45568_y10240_gray_matter,161.20126,298.03152,241.59848,361.34818,76,0,5,5,5,10,1.0,340,67.69848430156708,0.93224677635813,658,187.3380935192108,1663.5,178.85325694084167,0.395551547941088,0.9547084289213232,0.2356044913336777,0.6534900252785343,348,211.23758828639984,11,15,49,7,76,2.964858692431587,46482
299,tile_x59392_y34304_gray_matter_cell_0,2017-063_Iba1_Temporal_pole_Batch_8,tile_x59392_y34304_gray_matter,333.9983,372.0046,424.13806,424.05014,69,1,4,5,3,8,1.6666666666666667,410,74.18376553058624,0.9362158135732506,991,209.5807341337204,1505.0,159.51711308956146,0.6584717607973422,0.7611248894079335,0.2835181092177014,0.7432446665478432,581,209.5807341337204,11,13,33,5,69,2.9617484476852596,66128
300,tile_x67584_y2560_gray_matter_cell_2,2017-014_Iba1_Temporal_pole_Batch_6,tile_x67584_y2560_gray_matter,36.109573,306.3792,116.26248,509.10785,164,3,2,5,2,7,2.5,1374,203.5391039848328,0.4167742513505437,1245,436.9360725879669,6355.0,431.5556576251984,0.1959087332808812,0.987686036241182,0.0819489539017574,0.428797050996952,589,257.9238799810409,44,118,128,25,164,2.9605684968705948,39758
301,tile_x73728_y25088_gray_matter_cell_1,2017-129_Iba1_Tp_B8_100,tile_x73728_y25088_gray_matter,145.78293,110.06338,308.02597,328.72452,466,9,3,12,3,15,4.0,456,78.18376553058624,0.9374358110518264,2174,718.7249574661255,16980.5,501.8378752470017,0.1280292099761491,0.6982335454389087,0.0528863935072212,0.8472927038274078,1721,785.2518688440323,11,92,132,11,466,2.9597199371838943,79535
302,tile_x8704_y15872_gray_matter_cell_1,2017-063_Iba1_Temporal_pole_Batch_8,tile_x8704_y15872_gray_matter,187.24887,122.104866,229.15762,163.72339,18,2,1,0,2,2,0.0,945,126.76955199241638,0.7389443987312576,726,115.39696860313416,803.0,107.49070239067078,0.9041095890410958,0.931486361312886,0.685105862779848,0.8733405147259055,95,52.041630148887634,12,17,23,5,18,2.9592533421191463,68994
303,tile_x79360_y23552_gray_matter_cell_0,2017-063_Iba1_Temporal_pole_Batch_6,tile_x79360_y23552_gray_matter,347.18085,51.71873,468.61108,101.57332,83,1,3,5,4,9,1.25,742,102.56854152679443,0.8863095096337188,1185,270.83556735515594,2095.0,213.81787931919095,0.5656324582338902,0.7894748884248437,0.2030097142053561,0.575845338658127,487,325.8477599620819,15,22,51,6,83,2.959199733807352,61841
304,tile_x66048_y39424_gray_matter_cell_2,2017-160_Iba1_Temporal_pole_Batch_6,tile_x66048_y39424_gray_matter,25.753807,56.627754,101.86341,202.70953,187,5,4,10,3,13,3.333333333333333,572,103.01219260692596,0.6773741677424451,1391,451.7472547292709,4356.0,294.441831111908,0.3193296602387511,0.6517844392620935,0.0856536648821622,0.6313914771734758,890,464.2325359582901,13,32,82,9,187,2.9587453474025756,91595
305,tile_x5120_y17408_gray_matter_cell_0,2014-048_Iba1_Temporal_pole_Batch_8,tile_x5120_y17408_gray_matter,4.924408,281.78128,138.38608,478.6743,232,6,3,9,2,11,4.5,446,77.01219260692596,0.9449868086027682,1661,531.345233798027,11195.5,438.3033494949341,0.1483631816354785,0.8248937256140709,0.0739308871956668,0.7323248633953475,1216,591.0437180995941,13,48,114,11,232,2.9483786030433525,7162
306,tile_x26624_y27648_gray_matter_cell_1,2017-014_Iba1_Temporal_pole_Batch_6,tile_x26624_y27648_gray_matter,446.02277,410.57123,484.93646,439.92578,0,0,0,0,0,0,0.0,370,70.5269113779068,0.9347637413237564,544,87.25483322143555,519.5,83.9282523393631,1.0471607314725695,0.9618751104178924,0.8979037352788304,0.9267851285464618,183,136.36753106117249,0,0,0,0,0,2.9483512257201356,34274
307,tile_x46592_y11264_gray_matter_cell_1,2017-014_Iba1_Temporal_pole_Batch_6,tile_x46592_y11264_gray_matter,173.23755,47.051582,293.10532,279.8935,299,4,4,7,3,10,2.333333333333333,426,91.01219260692596,0.6462793933668318,1572,559.3868639469147,14122.5,506.568324804306,0.111311736590547,0.9055777985740812,0.0631303036794823,0.6915847159729919,1239,552.8010774850845,12,75,112,7,299,2.945926208736063,38096
308,tile_x82944_y25600_gray_matter_cell_0,2016-020_Iba1_Temporal_pole_Batch_8,tile_x82944_y25600_gray_matter,315.4204,192.31702,440.89685,345.9297,249,8,2,11,2,13,5.5,689,99.49747383594512,0.8745909457229881,1899,519.345233798027,6710.0,307.65988290309906,0.28301043219076,0.5923995502050717,0.0884753986478309,0.8908214039440394,1212,600.0142805576324,17,33,90,9,249,2.941368460333222,28035
309,tile_x21504_y30720_gray_matter_cell_0,2017-063_Iba1_Temporal_pole_Batch_6,tile_x21504_y30720_gray_matter,285.90576,59.459476,382.9546,138.34393,93,0,4,4,4,8,1.0,472,83.5979790687561,0.8487119265269781,910,208.99494767189023,2899.0,220.74671626091003,0.3139013452914798,1.0562299171340226,0.2618060519117119,0.7476004869085605,439,284.3502861261368,13,18,59,5,93,2.9365459809300614,53666
310,tile_x33280_y53248_gray_matter_cell_0,2016-020_Iba1_Temporal_pole_Batch_8,tile_x33280_y53248_gray_matter,146.73804,74.24402,330.3733,242.00705,261,5,6,10,7,17,1.4285714285714286,988,172.85281229019165,0.4155410271216909,1617,590.4995617866516,10061.0,416.3278139829636,0.1607196103767021,0.7050433919430806,0.0582747909996282,0.7294241881969361,1017,553.2863587141037,10,44,85,11,261,2.9343057166500652,19615
311,tile_x29184_y36352_gray_matter_cell_1,2016-020_Iba1_Temporal_pole_Batch_8,tile_x29184_y36352_gray_matter,80.56823,248.14374,240.98682,395.6269,311,8,1,10,0,10,0.0,219,52.62741661071777,0.9936418513180698,1473,455.1614682674408,5098.5,307.48121750354767,0.2889085025007355,0.6755431620210871,0.0893473408216071,0.6776650745665709,1473,455.1614682674408,36,57,121,20,311,2.9234137594456286,18869
312,tile_x38400_y25088_gray_matter_cell_0,2017-129_Iba1_Tp_B8_100,tile_x38400_y25088_gray_matter,95.65402,55.04609,241.88315,221.3858,226,7,3,10,3,13,3.333333333333333,873,131.53910398483276,0.6340366304822577,2270,629.5289993286133,9508.5,388.5170465707779,0.2387337645264763,0.6171551222979841,0.0719787399612541,0.7915925851895931,1436,654.6000670194626,27,43,114,10,226,2.920041496192593,74867
313,tile_x12800_y51200_gray_matter_cell_1,2018-001_Iba1_Temporal_pole_Batch_6,tile_x12800_y51200_gray_matter,224.83379,170.68741,364.16266,291.65082,197,4,3,7,3,10,2.333333333333333,818,113.15432798862456,0.8028248895268248,2664,555.2863587141037,8721.5,366.6762294769287,0.305452043799805,0.6603371822892495,0.1085700593558752,0.8151462508763286,1846,555.2863587141037,13,56,103,9,197,2.917784602886864,94270
314,tile_x16896_y10240_gray_matter_cell_1,2018-001_Iba1_Temporal_pole_Batch_6,tile_x16896_y10240_gray_matter,85.671844,128.8952,143.91888,179.44312,57,1,2,3,2,5,1.5,434,80.87005722522736,0.8339194296827213,635,145.0538227558136,1119.5,133.98035776615143,0.5672175078159892,0.9236596128300358,0.3792496877577267,0.7837033363652574,302,155.29646337032318,9,15,38,9,57,2.913498002452997,95827
315,tile_x44032_y54784_gray_matter_cell_1,2016-032_Iba1_Temporal_pole_Batch_8,tile_x44032_y54784_gray_matter,101.190506,15.685883,177.355,87.86429,65,2,8,9,7,16,1.2857142857142858,1048,127.74011445045473,0.8070799246926968,1924,252.5929267406464,2364.5,184.56251621246335,0.8137026855572003,0.7306717515568667,0.3789418418655384,0.8722925784181782,885,365.50461411476135,14,24,39,10,65,2.907924713127618,29545
316,tile_x11264_y20480_gray_matter_cell_1,2016-020_Iba1_Temporal_pole_Batch_8,tile_x11264_y20480_gray_matter,195.15204,236.60918,265.68246,424.62335,194,5,1,4,1,5,4.0,285,63.11269783973694,0.8991274026820429,1328,422.29141104221344,4890.5,347.8554046154022,0.2715468765974849,0.8237330798580452,0.093580086479877,0.5078852690691691,1049,463.50461411476135,12,72,142,8,194,2.9046596326662297,15086
317,tile_x33280_y64000_gray_matter_cell_0,2014-048_Iba1_Temporal_pole_Batch_8,tile_x33280_y64000_gray_matter,315.55112,324.3155,424.53268,437.6695,49,0,3,2,2,4,1.0,2007,255.62236428260803,0.3859753251770205,2361,387.26197350025177,5152.0,289.6138628721237,0.4582686335403726,0.7478499896451501,0.1978318182148463,0.7718750904022917,508,406.4335464239121,7,7,76,2,49,2.9017682572852976,3175
318,tile_x25600_y45568_gray_matter_cell_0,2018-001_Iba1_Temporal_pole_Batch_6,tile_x25600_y45568_gray_matter,142.60263,251.87985,289.20642,371.3162,163,3,5,8,5,13,1.6,1078,141.7401144504547,0.6742843294373534,2307,504.6589421033859,6819.0,341.7966216802597,0.3383194016717993,0.6772824043415805,0.1138312520116599,0.7334913942174841,1229,645.2274836301804,15,32,100,6,163,2.901751672039689,98888
319,tile_x11776_y21504_gray_matter_cell_2,2018-001_Iba1_Temporal_pole_Batch_6,tile_x11776_y21504_gray_matter,361.89566,131.83096,408.16672,217.48892,86,4,3,4,1,5,4.0,342,68.18376553058624,0.9244299471025366,1019,236.45079135894773,1684.5,177.71275877952576,0.6049272781240724,0.7515845379842531,0.2290353428733449,0.6702605547923086,680,266.5929267406464,11,23,56,5,86,2.8995166920979325,93892
320,tile_x46080_y29184_gray_matter_cell_0,2016-020_Iba1_Temporal_pole_Batch_8,tile_x46080_y29184_gray_matter,330.21713,5.177704,426.20853,137.20566,186,2,3,5,3,8,1.6666666666666667,394,75.25483322143555,0.8742533208104015,876,276.1076455116272,4884.0,296.670769572258,0.1793611793611793,1.074475025936089,0.1443966457903463,0.6973262322168678,482,314.4924215078354,13,46,77,12,186,2.8918025794595392,21940
321,tile_x60416_y55808_gray_matter_cell_1,2016-020_Iba1_Temporal_pole_Batch_8,tile_x60416_y55808_gray_matter,247.90768,169.53824,303.4913,310.13882,86,1,3,3,2,5,1.5,604,91.49747383594512,0.9066268885948644,1061,257.62236428260803,2607.0,239.19502389431,0.4069812044495589,0.9284715034752048,0.2008899102691521,0.572593764268561,457,336.8771975040436,15,42,87,4,86,2.889677069568308,24519
322,tile_x86528_y44544_gray_matter_cell_0,2017-129_Iba1_Tp_B8_100,tile_x86528_y44544_gray_matter,52.624374,288.03162,194.33394,467.41846,182,6,4,11,3,14,3.6666666666666665,820,105.9827550649643,0.9173885311272872,1723,440.8183224201202,9263.0,387.63821148872375,0.1860088524236208,0.8793604797562988,0.1114232614625877,0.7746550668037624,913,516.3157962560654,16,35,111,9,182,2.8894711849489703,80827
323,tile_x14848_y18432_gray_matter_cell_2,2014-048_Iba1_Temporal_pole_Batch_8,tile_x14848_y18432_gray_matter,223.4292,243.34549,279.80737,309.05612,25,1,3,4,3,7,1.3333333333333333,665,116.22539567947388,0.6186278143421423,1198,182.85281229019165,1439.0,157.8084306716919,0.8325225851285615,0.8630352943177393,0.4502600276253464,0.7261231047705872,533,182.85281229019165,14,28,32,5,25,2.888853047745516,319
324,tile_x52224_y35840_gray_matter_cell_0,2017-063_Iba1_Temporal_pole_Batch_6,tile_x52224_y35840_gray_matter,233.68332,197.15497,345.00235,286.15756,139,3,5,8,5,13,1.6,394,73.49747383594513,0.916560762180138,984,349.8061298131943,4293.0,260.87529730796814,0.2292103424178896,0.7457710859649099,0.101053214124314,0.7926926629817815,629,343.8061298131943,11,34,58,6,139,2.888625452779019,57943
325,tile_x67072_y35328_gray_matter_cell_0,2017-063_Iba1_Temporal_pole_Batch_8,tile_x67072_y35328_gray_matter,14.03624,353.34393,96.27402,471.60065,130,2,3,4,4,8,1.0,525,93.15432798862456,0.7602616660529008,1587,354.4751765727997,3807.5,263.4039410352707,0.4168089297439264,0.7430814862184704,0.1587139629527444,0.6896126809221139,1074,450.2152910232544,11,31,62,9,130,2.886687680488515,66939
326,tile_x1536_y5632_gray_matter_cell_1,2016-020_Iba1_Temporal_pole_Batch_8,tile_x1536_y5632_gray_matter,205.69852,128.33325,294.87515,220.63431,111,0,4,4,4,8,1.0,438,75.94112491607666,0.9543988830781086,1234,282.69343197345734,3060.5,228.4363784790039,0.4032020911615749,0.8080710502692269,0.1940410370664002,0.7370071734410423,796,282.69343197345734,13,26,55,7,111,2.8862080086541573,16120
327,tile_x62464_y21504_gray_matter_cell_0,2016-020_Iba1_Temporal_pole_Batch_8,tile_x62464_y21504_gray_matter,48.126587,349.8468,189.05579,506.82288,186,3,4,7,4,11,1.75,977,173.88224983215332,0.4060634742641287,1866,528.7594473361969,7680.0,353.4792960882187,0.24296875,0.6685068188738551,0.083869725859247,0.7724015223989926,999,513.345233798027,22,56,87,16,186,2.879663960310556,24876
328,tile_x27648_y27136_gray_matter_cell_0,2017-014_Iba1_Temporal_pole_Batch_6,tile_x27648_y27136_gray_matter,276.9605,92.778824,380.60028,228.0196,183,3,5,7,6,13,1.1666666666666667,1262,192.0660153627396,0.4299007134876684,2505,489.1025931835175,7194.0,332.5102335214615,0.3482068390325271,0.6798373963981407,0.1315884172906285,0.8176553178229575,1251,637.9554054737091,7,18,86,8,183,2.8788007974618957,34448
329,tile_x57856_y50688_gray_matter_cell_2,2017-063_Iba1_Temporal_pole_Batch_8,tile_x57856_y50688_gray_matter,174.34506,372.74103,235.49432,447.5299,69,1,4,5,4,9,1.25,481,92.76955199241638,0.7023345315657805,725,211.68123936653137,1636.5,168.92192137241364,0.4430186373357775,0.7980013811234404,0.2033214187141897,0.720698882235796,268,207.78174459934235,15,20,51,6,69,2.8773251598038576,65996
330,tile_x45568_y29184_gray_matter_cell_2,2016-020_Iba1_Temporal_pole_Batch_8,tile_x45568_y29184_gray_matter,262.11362,370.87347,301.8016,433.75067,28,1,4,5,4,9,1.25,430,84.18376553058624,0.762468004411046,915,146.22539567947388,999.0,132.78882145881653,0.915915915915916,0.9081105292400076,0.5377561026914631,0.7119546311772754,485,228.4091612100601,9,19,27,3,28,2.8766098115135543,21845
331,tile_x39424_y36864_gray_matter_cell_0,2016-020_Iba1_Temporal_pole_Batch_8,tile_x39424_y36864_gray_matter,20.214493,202.59839,130.78171,284.31476,102,3,2,5,2,7,2.5,508,81.35533845424652,0.9644982943700344,1133,245.0365778207779,3393.5,233.78793621063232,0.3338735818476499,0.9540940307353912,0.2371253237865635,0.7802136123641984,625,325.22034335136414,13,57,77,9,102,2.872824287937403,20630
332,tile_x40960_y19968_gray_matter_cell_0,2016-020_Iba1_Temporal_pole_Batch_8,tile_x40960_y19968_gray_matter,199.31894,1.7110596,266.98477,81.84543,107,2,3,5,3,8,1.6666666666666667,372,72.76955199241638,0.8827818622981027,1125,258.4507913589477,3448.0,227.97172462940216,0.326276102088167,0.8820701357914786,0.2116443376898497,0.8337102707113185,756,306.4924215078354,11,53,60,10,107,2.8723883533437546,20838
333,tile_x28160_y49664_gray_matter_cell_1,2016-020_Iba1_Temporal_pole_Batch_8,tile_x28160_y49664_gray_matter,396.11862,122.2651,497.94925,237.50937,216,7,1,9,0,9,0.0,1315,139.8406196832657,0.8450237927163532,634,361.7056245803833,5374.5,287.50933742523193,0.1179644618104009,0.7948710716311728,0.0608959762990825,0.8170413257898861,634,361.7056245803833,34,42,95,14,216,2.871382472501757,18713
334,tile_x63488_y24576_gray_matter_cell_0,2017-026_Iba1_Temporal_pole_Batch_8,tile_x63488_y24576_gray_matter,53.456406,294.66385,113.111115,397.3868,99,1,3,3,2,5,1.5,208,50.87005722522736,1.0100636605769209,449,183.4385987520218,2062.5,198.33301532268524,0.2176969696969697,1.0811956516894146,0.1676774869941335,0.658891328483748,251,195.09545290470123,8,40,44,12,99,2.867497288378811,48991
335,tile_x29184_y31744_gray_matter_cell_1,2017-160_Iba1_Temporal_pole_Batch_6,tile_x29184_y31744_gray_matter,93.787575,267.34772,186.62552,338.81976,107,1,2,3,1,4,3.0,630,109.39696860313416,0.6615152154449206,1167,337.26197350025177,3359.5,231.58634400367737,0.3473731210001488,0.6866660406454168,0.1289276201323441,0.7871520232611232,584,365.64674949646,15,29,75,4,107,2.867418491151151,85881
336,tile_x67072_y31232_gray_matter_cell_0,2017-014_Iba1_Temporal_pole_Batch_6,tile_x67072_y31232_gray_matter,130.2698,337.46796,225.61108,461.37952,123,1,1,2,1,3,2.0,321,64.5269113779068,0.9687977930196192,825,293.0782079696655,3396.0,256.40731394290924,0.2429328621908127,0.874876763165715,0.1206970784419487,0.6491076497062113,530,309.3208485841751,12,44,94,10,123,2.8663834390291014,39711
337,tile_x10752_y32768_gray_matter_cell_0,2016-020_Iba1_Temporal_pole_Batch_8,tile_x10752_y32768_gray_matter,162.65977,2.858261,231.79088,106.08225,80,1,2,3,2,5,1.5,644,98.32590091228484,0.8370663096173616,2412,274.69343197345734,2679.5,222.081049323082,0.9001679417801829,0.8084687272192984,0.4016896268079312,0.6827168532663737,1816,319.8061298131943,17,24,76,3,80,2.8644068694635143,15005
338,tile_x73216_y64000_gray_matter_cell_0,2017-063_Iba1_Temporal_pole_Batch_8,tile_x73216_y64000_gray_matter,34.317093,248.33075,137.76575,320.82666,144,5,5,10,5,15,2.0,552,103.25483322143556,0.6506211285621031,1631,415.7472547292709,3580.5,243.9518065452576,0.4555229716520039,0.5867791158455532,0.1185782522082149,0.7560412038538872,1091,468.3746713399887,10,32,56,10,144,2.863964451306312,67700
339,tile_x15872_y22528_gray_matter_cell_1,2016-020_Iba1_Temporal_pole_Batch_8,tile_x15872_y22528_gray_matter,436.13794,398.81018,488.188,447.37933,79,2,7,8,5,13,1.6,403,75.01219260692596,0.9000179891475872,876,188.85281229019165,1589.5,151.41271913051605,0.5511167033658383,0.8017498775599642,0.3086505514440326,0.8712557930127669,473,250.6934319734573,10,15,38,7,79,2.8600537633405616,16162
340,tile_x5632_y22528_gray_matter_cell_2,2017-160_Iba1_Temporal_pole_Batch_6,tile_x5632_y22528_gray_matter,173.94217,46.443893,222.06808,114.630005,18,1,2,3,1,4,3.0,794,122.6690467596054,0.6630715366027373,1384,172.2670258283615,1503.0,150.9327973127365,0.9208250166334,0.8761560524247897,0.5860594088326676,0.8290898575984444,595,283.2792184352875,17,18,27,3,18,2.859487040039982,90195
341,tile_x66048_y9216_gray_matter_cell_0,2017-014_Iba1_Temporal_pole_Batch_6,tile_x66048_y9216_gray_matter,140.66815,245.19238,283.89203,369.94684,198,4,4,8,4,12,2.0,451,84.42640614509583,0.7951147326827466,907,387.50461411476135,5208.0,274.2193783521652,0.1741551459293394,0.7076544855565354,0.0759037783530892,0.8703312061472578,527,370.7766922712326,11,29,67,11,198,2.8591857285743365,39570
342,tile_x38912_y37888_gray_matter_cell_3,2017-014_Iba1_Temporal_pole_Batch_6,tile_x38912_y37888_gray_matter,118.046936,263.57556,205.61462,463.21686,335,6,4,9,3,12,3.0,242,55.455843687057495,0.9888504060710668,1451,543.3868639469147,9879.0,434.5111281871796,0.1468772142929446,0.7996349507440954,0.0617531343591738,0.6575382815751382,1209,592.8427076339722,9,30,114,11,335,2.8556903015525177,36682
343,tile_x8192_y28160_gray_matter_cell_0,2017-014_Iba1_Temporal_pole_Batch_6,tile_x8192_y28160_gray_matter,2.8953705,20.240143,115.97952,158.1064,205,3,4,7,4,11,1.75,338,70.28427076339722,0.8598254149960697,1039,467.1025931835175,5520.0,324.79770493507385,0.1882246376811594,0.6953455400909448,0.0598412773023647,0.6575413033555702,745,437.8893901109696,12,27,85,15,205,2.8548296475260972,41323
344,tile_x60416_y23552_gray_matter_cell_0,2017-063_Iba1_Temporal_pole_Batch_6,tile_x60416_y23552_gray_matter,6.2424507,386.30615,124.99251,471.96106,79,2,3,3,3,6,1.0,867,138.61017167568207,0.5670727243704097,1423,240.83556735515597,2684.5,237.19688475131989,0.5300800894021233,0.984891423456278,0.3082999920359659,0.5995912832963557,581,316.19090580940247,18,32,56,5,79,2.8525265800362387,59064
345,tile_x56320_y35328_gray_matter_cell_0,2017-063_Iba1_Temporal_pole_Batch_6,tile_x56320_y35328_gray_matter,47.150974,170.34518,155.87402,301.5759,208,5,3,8,3,11,2.6666666666666665,342,68.28427076339722,0.9217106774819728,1240,385.7056245803833,4381.0,291.42167341709137,0.2830404017347637,0.7555546376440185,0.1047416967925663,0.6482453673856928,902,447.9898953437805,10,35,80,16,208,2.8502541592205586,58542
346,tile_x26112_y24576_gray_matter_cell_1,2018-001_Iba1_Temporal_pole_Batch_6,tile_x26112_y24576_gray_matter,19.09011,387.4383,82.56055,456.25885,57,0,2,2,2,4,1.0,606,105.39696860313416,0.6855296576975897,993,199.5807341337204,1547.0,164.09717094898224,0.6418875242404655,0.8222094765872344,0.3132722172719837,0.721934821745883,500,232.7939372062683,13,14,37,8,57,2.847584764271545,99102
347,tile_x73216_y41472_gray_matter_cell_0,2017-160_Iba1_Temporal_pole_Batch_6,tile_x73216_y41472_gray_matter,43.382206,235.591,126.9043,394.18182,178,2,4,6,4,10,1.5,704,126.56854152679443,0.552243956455059,1737,463.78888487815857,6704.0,334.2673466205597,0.259099045346062,0.7207316896099712,0.1014773249271329,0.7539732911883258,1062,512.7594473361969,10,55,87,9,178,2.846293680505878,92791
348,tile_x17408_y19456_gray_matter_cell_2,2017-129_Iba1_Tp_B8_100,tile_x17408_y19456_gray_matter,171.68103,127.35928,243.32245,197.61664,62,1,1,2,1,3,2.0,241,55.94112491607666,0.9677529769734036,691,173.82337474822998,1539.0,173.67509162425995,0.4489928525016244,0.9991469321995112,0.2873899365931933,0.6411703200352953,454,198.45079135894773,10,37,66,6,62,2.845769310763467,70760
349,tile_x71680_y22528_gray_matter_cell_0,2014-048_Iba1_Temporal_pole_Batch_8,tile_x71680_y22528_gray_matter,291.6441,130.12115,402.42133,252.56226,95,2,3,5,3,8,1.6666666666666667,1277,199.9655101299286,0.4013197846009362,2675,418.9604578018189,5324.0,302.06416165828705,0.5024417731029301,0.7209848949543889,0.1915082904632835,0.7332456711584308,1402,586.7838325500488,23,37,67,8,95,2.8411282397136324,11589
350,tile_x64512_y40960_gray_matter_cell_1,2017-160_Iba1_Temporal_pole_Batch_6,tile_x64512_y40960_gray_matter,242.39743,145.8682,349.6252,242.29834,101,1,3,4,3,7,1.3333333333333333,478,87.01219260692596,0.7933732175513433,1087,303.5634891986847,3202.0,246.9501552581787,0.33947532792005,0.8135041401390267,0.1482314428897289,0.6598004152353334,631,335.7056245803833,12,44,56,12,101,2.8388547735183907,91382
351,tile_x25600_y19456_gray_matter_cell_0,2017-026_Iba1_Temporal_pole_Batch_8,tile_x25600_y19456_gray_matter,329.77625,72.578995,410.80334,161.64894,54,0,7,6,6,12,1.0,1014,214.30865597724917,0.2774395642662194,1138,378.29141104221344,3492.0,235.7235255241394,0.3258877434135166,0.6231268240394574,0.0999307539931191,0.7897292856819867,332,229.722869515419,24,32,46,6,54,2.8384842969857256,44301
352,tile_x31232_y36864_gray_matter_cell_1,2017-063_Iba1_Temporal_pole_Batch_6,tile_x31232_y36864_gray_matter,56.133167,10.189205,94.70119,41.960632,0,0,0,0,0,0,0.0,730,103.84061968326569,0.8507426031768806,545,87.11269783973694,530.0,84.44474172592163,1.028301886792453,0.9693735106364908,0.9024921615662048,0.9339863090760456,8,14.485281229019163,0,0,0,0,0,2.8382494042538076,55045
353,tile_x71680_y15872_gray_matter_cell_1,2016-020_Iba1_Temporal_pole_Batch_8,tile_x71680_y15872_gray_matter,356.45367,448.34824,422.9496,505.52756,51,0,6,4,4,8,1.0,748,121.39696860313416,0.6378165405133791,702,263.76449966430664,1732.5,160.40964436531067,0.4051948051948052,0.608154791753493,0.1267985508560455,0.8461008967850426,205,152.36753106117249,12,23,43,5,51,2.83402301915332,26217
354,tile_x16896_y55808_gray_matter_cell_2,2017-063_Iba1_Temporal_pole_Batch_8,tile_x16896_y55808_gray_matter,273.55322,168.7955,379.68524,235.20279,66,1,2,2,2,4,1.0,244,56.041630148887634,0.9762884942494454,494,151.53910398483276,972.5,170.12892162799835,0.5079691516709511,1.1226734034604442,0.2703257290126556,0.4222242525895169,253,187.09545290470123,10,24,41,5,66,2.829536920717526,63059
355,tile_x90624_y28160_gray_matter_cell_0,2017-014_Iba1_Temporal_pole_Batch_6,tile_x90624_y28160_gray_matter,196.9354,376.4605,297.86154,489.65228,144,2,3,5,3,8,1.6666666666666667,362,69.94112491607666,0.9299363163256998,1271,388.4335464239121,4673.5,283.1968816518784,0.2719589172996683,0.7290742116872033,0.105857578343582,0.7322766350389707,909,449.546244263649,12,55,61,6,144,2.827085369561412,42204
356,tile_x23040_y43008_gray_matter_cell_1,2016-020_Iba1_Temporal_pole_Batch_8,tile_x23040_y43008_gray_matter,63.090828,248.60663,125.92562,306.40448,62,1,3,4,3,7,1.3333333333333333,435,75.5979790687561,0.9564862899074724,793,197.92387998104093,1543.5,153.6401011943817,0.5137674117265953,0.7762585353980471,0.2543821650602258,0.8216887269362364,369,236.55129659175876,12,35,42,6,62,2.826447167894392,17617
357,tile_x2560_y10240_gray_matter_cell_1,2017-014_Iba1_Temporal_pole_Batch_6,tile_x2560_y10240_gray_matter,131.75467,241.4986,180.25613,271.35175,20,0,1,1,1,2,1.0,387,77.01219260692596,0.8199773428907428,475,115.9827550649643,638.5,100.94383525848389,0.7439310884886453,0.8703348631608483,0.4437277933322174,0.7874285608373337,120,74.42640614509583,13,27,27,5,20,2.8255550908101323,34113
358,tile_x29696_y24064_gray_matter_cell_0,2017-063_Iba1_Temporal_pole_Batch_6,tile_x29696_y24064_gray_matter,331.4626,337.65295,396.96112,439.49377,102,1,3,3,3,6,1.0,715,120.911687374115,0.6145813001759203,842,270.9360725879669,3395.0,246.2397828102112,0.2480117820324006,0.9088482772269558,0.1441412531026409,0.7036119450834699,272,217.5807341337204,11,27,72,4,102,2.8252098451808805,54796
359,tile_x29184_y39424_gray_matter_cell_3,2018-001_Iba1_Temporal_pole_Batch_6,tile_x29184_y39424_gray_matter,128.45197,49.523033,192.56232,124.10497,101,3,3,6,3,9,2.0,789,117.49747383594512,0.7181742148106621,1499,326.5929267406464,2603.5,194.9633195400238,0.5757633954292298,0.5969612431161067,0.1766029474414548,0.8607194649551341,753,357.90663504600525,15,42,51,9,101,2.825003121144677,100714
360,tile_x49664_y53760_gray_matter_cell_1,2017-063_Iba1_Temporal_pole_Batch_6,tile_x49664_y53760_gray_matter,252.5967,46.981827,352.2594,160.5248,182,4,4,8,4,12,2.0,459,90.911687374115,0.6978837923027373,1386,470.0731556415558,4651.0,263.812761425972,0.2980004300150505,0.561216394214046,0.0788210458023906,0.8397782141352121,933,514.1147857904434,11,74,79,11,182,2.82428361064137,57558
361,tile_x77824_y47104_gray_matter_cell_2,2017-129_Iba1_Tp_B8_100,tile_x77824_y47104_gray_matter,164.70648,144.17464,266.16022,186.51186,66,1,2,3,2,5,1.5,508,112.42640614509584,0.5050529592410792,1332,263.722869515419,2311.0,219.40098190307617,0.5763738641280831,0.8319376408508573,0.2406680857910517,0.6032990976532988,834,324.1076455116272,22,31,53,6,66,2.823396764913097,80089
362,tile_x82944_y26112_gray_matter_cell_0,2016-020_Iba1_Temporal_pole_Batch_8,tile_x82944_y26112_gray_matter,190.41248,251.95134,346.8133,395.83685,203,1,4,5,4,9,1.25,519,82.76955199241638,0.951997949320038,1045,287.9655101299286,7695.0,377.47058844566345,0.1358024691358024,1.3108187444925283,0.1583598947175383,0.678659998608637,528,357.90663504600525,12,22,72,6,203,2.8226582109792715,28038
363,tile_x40960_y14848_gray_matter_cell_1,2014-048_Iba1_Temporal_pole_Batch_8,tile_x40960_y14848_gray_matter,161.10559,97.19778,278.4322,238.58206,214,2,4,6,4,10,1.5,302,65.11269783973694,0.8951285867792598,1062,510.7005722522736,4891.0,298.6218264102936,0.217133510529544,0.5847297665896911,0.0511683828785397,0.6892304118552942,779,515.2863587141037,10,24,82,10,214,2.821138753546916,4751
364,tile_x9728_y55296_gray_matter_cell_0,2017-063_Iba1_Temporal_pole_Batch_8,tile_x9728_y55296_gray_matter,143.42831,64.96048,303.85626,292.592,371,12,4,11,3,14,3.6666666666666665,297,63.11269783973694,0.9369853985844449,2181,693.3107439279556,12940.0,508.4782851934433,0.1685471406491499,0.7334060371149839,0.0570176966336377,0.6289256663134472,1924,672.9259679317474,9,53,138,22,371,2.820926058370044,69190
365,tile_x38912_y11776_gray_matter_cell_0,2017-014_Iba1_Temporal_pole_Batch_6,tile_x38912_y11776_gray_matter,382.4853,203.31119,486.31543,307.87576,117,3,5,9,4,13,2.25,466,83.01219260692596,0.8497907717516017,1080,295.52185904979706,2404.5,206.76688468456268,0.4491578290704928,0.6996669733649764,0.15540121114944,0.7067611629531066,622,352.3919162750244,10,15,49,7,117,2.8172443103161426,36625
366,tile_x66560_y14848_gray_matter_cell_0,2017-026_Iba1_Temporal_pole_Batch_8,tile_x66560_y14848_gray_matter,76.036766,426.09985,124.17564,471.33258,8,0,1,1,1,2,1.0,614,90.911687374115,0.9335526110542064,1283,138.81118214130402,1277.5,129.40830373764038,1.0043052837573383,0.9322613765071758,0.8367343820939401,0.958619995770212,669,138.81118214130402,16,16,24,1,8,2.8141853779033177,49283
367,tile_x56832_y36864_gray_matter_cell_4,2017-063_Iba1_Temporal_pole_Batch_6,tile_x56832_y36864_gray_matter,343.84375,446.3806,370.43213,469.36395,4,0,3,0,2,2,0.0,313,65.4558436870575,0.918031010219844,312,77.11269783973694,327.0,66.22524189949036,0.9541284403669724,0.8588111135357507,0.6593449179111182,0.9369372595728276,51,56.87005722522736,9,10,11,2,4,2.8116379171412347,58613
368,tile_x20992_y10752_gray_matter_cell_2,2018-001_Iba1_Temporal_pole_Batch_6,tile_x20992_y10752_gray_matter,394.0031,60.35928,483.21844,126.52612,124,2,6,8,6,14,1.3333333333333333,414,94.76955199241638,0.5792586796345839,1144,379.6051193475723,2919.5,209.2185627222061,0.3918479191642404,0.5511478956916868,0.0997635206826274,0.8381426001786945,755,388.7766922712326,8,23,56,17,124,2.805406367092067,96991
369,tile_x33792_y12800_gray_matter_cell_1,2017-014_Iba1_Temporal_pole_Batch_6,tile_x33792_y12800_gray_matter,204.8709,288.02176,360.71967,401.56186,330,11,4,14,3,17,4.666666666666667,765,117.74011445045473,0.6934615594601943,2630,757.2102386951447,7634.5,335.96849286556244,0.3444888335843866,0.4436924855169906,0.0576411526925351,0.8499499665836139,1887,793.0092282295227,13,36,67,18,330,2.804733237938841,35537
370,tile_x28160_y19968_gray_matter_cell_0,2018-001_Iba1_Temporal_pole_Batch_6,tile_x28160_y19968_gray_matter,146.98633,18.735489,285.1455,149.85513,302,7,3,7,3,10,2.333333333333333,423,76.76955199241638,0.9019287256151064,1556,539.3868639469147,10341.5,397.9082981348038,0.1504617318570807,0.7377048362341376,0.0672076523994742,0.8207812143140267,1147,587.3279888629913,12,30,90,16,302,2.8019647632564975,100069
371,tile_x20992_y44032_gray_matter_cell_0,2017-063_Iba1_Temporal_pole_Batch_6,tile_x20992_y44032_gray_matter,322.35474,225.09106,383.09668,307.43146,106,3,5,6,4,10,1.5,691,111.63960921764374,0.6967088001553735,1239,307.0782079696655,2482.0,196.05277967453003,0.4991941982272361,0.6384457593744227,0.165113725035035,0.8114572275252312,554,389.1614682674408,10,28,51,8,106,2.8008356252760485,53613
372,tile_x41472_y49152_gray_matter_cell_1,2017-014_Iba1_Temporal_pole_Batch_6,tile_x41472_y49152_gray_matter,34.751926,8.316071,112.33212,126.09195,136,4,5,6,2,8,3.0,568,106.81118214130402,0.6256403587300813,1505,351.8061298131943,4051.5,266.52263355255127,0.3714673577687276,0.7575838251996129,0.1528057016572219,0.7167331890295832,966,375.9482651948929,10,21,93,8,136,2.799680203735529,37247
373,tile_x43520_y41472_gray_matter_cell_0,2014-048_Iba1_Temporal_pole_Batch_8,tile_x43520_y41472_gray_matter,410.5518,312.39423,476.15848,383.42236,119,5,2,4,4,8,1.0,315,70.28427076339722,0.8013165849815442,1173,240.6934319734573,2223.5,190.5271657705307,0.5275466606701147,0.7915760900012478,0.2544364908742537,0.7697207310880125,871,281.4213538169861,9,17,41,12,119,2.7942142379401376,5342
374,tile_x12288_y40960_gray_matter_cell_1,2017-160_Iba1_Temporal_pole_Batch_6,tile_x12288_y40960_gray_matter,365.8156,134.46289,473.41022,204.913,105,4,3,6,4,10,1.5,910,124.32590091228484,0.7398233366613481,1956,344.3919162750244,3718.5,246.3453053236008,0.5260185558693021,0.7153051325597155,0.2072396339851752,0.7699970643837,1049,448.4751765727997,20,55,78,6,105,2.793763208730734,81962
375,tile_x16896_y8704_gray_matter_cell_5,2016-020_Iba1_Temporal_pole_Batch_8,tile_x16896_y8704_gray_matter,272.0885,395.38675,419.2531,479.68198,194,5,2,7,2,9,3.5,288,65.4558436870575,0.8447058496591535,796,436.4751765727997,6256.5,333.2392656803131,0.1272276832094621,0.7634781622563411,0.0525053832779664,0.7079930188049365,546,431.8893901109696,12,83,112,9,194,2.7896005890141544,16451
376,tile_x51200_y30720_gray_matter_cell_0,2014-048_Iba1_Temporal_pole_Batch_8,tile_x51200_y30720_gray_matter,7.9796295,212.76492,96.900986,392.34274,295,8,8,13,9,22,1.4444444444444444,577,132.95331752300262,0.410192126590157,2543,669.6122596263885,8076.0,391.4311821460724,0.3148836057454185,0.5845639420707025,0.0712704386028757,0.6623618881050874,1989,769.3523740768433,11,54,92,13,295,2.7857203838277,7078
377,tile_x48640_y31744_gray_matter_cell_5,2017-160_Iba1_Temporal_pole_Batch_6,tile_x48640_y31744_gray_matter,444.10583,403.4333,483.78735,456.16827,30,2,2,4,1,5,4.0,522,85.5979790687561,0.8952685831095081,609,133.88224983215332,715.5,108.65588903427124,0.8511530398322851,0.8115780035851796,0.4269540651047677,0.761575497622782,244,146.71067690849304,14,16,26,5,30,2.784105351859713,89003
378,tile_x8192_y29184_gray_matter_cell_3,2018-001_Iba1_Temporal_pole_Batch_6,tile_x8192_y29184_gray_matter,328.46655,212.52422,380.11804,247.32607,36,0,3,3,3,6,1.0,327,68.04163014888763,0.8875814084719419,661,143.29646337032318,824.5,118.22711312770844,0.8016979987871438,0.8250525543130283,0.4045203549705393,0.7412528118168189,357,170.61017167568207,11,14,30,5,36,2.781644177360738,106321
379,tile_x59904_y13312_gray_matter_cell_0,2017-129_Iba1_Tp_B8_100,tile_x59904_y13312_gray_matter,336.5094,263.7588,431.50256,434.43835,139,1,3,4,3,7,1.3333333333333333,637,107.39696860313416,0.694009235992055,1395,375.36247873306274,5692.5,361.6792559623718,0.2450592885375494,0.9635466421234348,0.1244177533686771,0.546846834011102,773,434.4751765727997,12,78,123,4,139,2.7809670708782,77830
380,tile_x4096_y40448_gray_matter_cell_0,2017-160_Iba1_Temporal_pole_Batch_6,tile_x4096_y40448_gray_matter,2.138115,63.312668,123.30496,157.70772,282,13,5,13,5,18,2.6,311,71.94112491607666,0.7551197063288209,1492,536.558436870575,5407.5,289.6585199832916,0.2759130836800739,0.5398452434607065,0.0651245343287542,0.8099044356700805,1196,554.7005722522736,9,54,84,15,282,2.780332036503929,88115
381,tile_x36864_y15872_gray_matter_cell_4,2017-026_Iba1_Temporal_pole_Batch_8,tile_x36864_y15872_gray_matter,225.20477,144.40543,348.6682,280.25842,341,7,1,8,1,9,8.0,134,46.14213538169861,0.7908958272640014,1235,613.8132700920105,10632.5,403.7908942699432,0.1161533035504349,0.6578399554793187,0.0411911839626795,0.8194684038399074,1222,602.7422024011612,6,105,123,29,341,2.7797903166371336,45490
382,tile_x28160_y16384_gray_matter_cell_0,2016-032_Iba1_Temporal_pole_Batch_8,tile_x28160_y16384_gray_matter,205.01038,142.46301,305.93518,365.52557,345,6,5,12,4,16,3.0,512,99.35533845424652,0.651774568468946,2152,638.7005722522736,12135.0,508.0522204637528,0.1773382777091059,0.795446634206369,0.0662914503030031,0.5907897299099586,1662,670.7422024011612,8,24,132,9,345,2.7792069535754274,28999
383,tile_x72192_y47104_gray_matter_cell_0,2017-063_Iba1_Temporal_pole_Batch_8,tile_x72192_y47104_gray_matter,183.52014,228.51611,294.206,355.06897,210,2,3,6,3,9,2.0,253,57.69848430156708,0.9549960511476668,884,420.57568180561066,6089.0,314.6523710489273,0.1451798324848086,0.748146848857417,0.0628020490500056,0.7728475253754254,646,440.71781718730927,9,58,112,6,210,2.7778599679178764,67536
384,tile_x80384_y35328_gray_matter_cell_0,2017-026_Iba1_Temporal_pole_Batch_8,tile_x80384_y35328_gray_matter,368.7127,72.288925,455.2235,169.46591,197,7,6,13,6,19,2.1666666666666665,471,84.08326029777527,0.8371661991375274,1808,459.1025931835175,3963.0,247.0306783914566,0.4562200353267726,0.5380729319747293,0.1077925630414908,0.8160789096435983,1337,536.357426404953,9,48,69,10,197,2.777824882206694,50922
385,tile_x71680_y67072_gray_matter_cell_0,2017-063_Iba1_Temporal_pole_Batch_6,tile_x71680_y67072_gray_matter,397.3049,323.87506,442.8657,383.5064,1,0,1,0,0,0,0.0,767,104.56854152679443,0.8814610501360927,1226,146.71067690849304,1243.5,135.01599204540253,0.9859268194611982,0.9202874316339992,0.7157756045128898,0.8572060549041812,466,219.62236428260803,21,21,21,1,1,2.7773243148089555,60780
386,tile_x87552_y9216_gray_matter_cell_0,2014-048_Iba1_Temporal_pole_Batch_8,tile_x87552_y9216_gray_matter,188.44025,226.23837,287.25922,364.77463,148,5,4,8,5,13,1.6,809,131.88224983215332,0.5845015820087799,1896,432.3330411911011,5753.5,323.75801980495453,0.3295385417571913,0.7488625410470214,0.1274709848552385,0.6897646149275661,1107,460.3746713399887,14,19,69,6,148,2.775101638779812,14631
387,tile_x34816_y46592_gray_matter_cell_1,2014-048_Iba1_Temporal_pole_Batch_8,tile_x34816_y46592_gray_matter,92.66495,308.87384,209.9638,398.11517,83,2,3,5,3,8,1.6666666666666667,635,117.0538227558136,0.5823879577319554,1429,310.9777027368545,2494.5,239.0542649030685,0.5728602926438164,0.768718344753332,0.1856878940664773,0.5485299936835442,799,414.3746713399887,9,9,63,5,83,2.7737034530381557,3425
388,tile_x52736_y7168_gray_matter_cell_1,2017-129_Iba1_Tp_B8_100,tile_x52736_y7168_gray_matter,234.45514,398.21793,282.06934,485.52243,38,0,1,1,1,2,1.0,992,130.81118214130402,0.7285037562351984,1049,194.02438521385196,1460.0,172.99653339385986,0.7184931506849315,0.891622633944618,0.3501649881276167,0.6130387382234888,190,170.85281229019165,23,31,56,3,38,2.770572645088865,77009
389,tile_x33280_y16896_gray_matter_cell_2,2018-001_Iba1_Temporal_pole_Batch_6,tile_x33280_y16896_gray_matter,42.463528,327.8278,114.71216,376.60446,44,1,3,4,2,6,2.0,734,100.08326029777528,0.920837580520692,1183,171.68123936653137,1461.5,147.15022432804108,0.8094423537461513,0.8571130128777918,0.5043696310034166,0.8481776545795142,449,171.68123936653137,15,16,34,4,44,2.7703656382517536,102652
390,tile_x27648_y15360_gray_matter_cell_1,2017-014_Iba1_Temporal_pole_Batch_6,tile_x27648_y15360_gray_matter,347.09515,253.29514,432.74725,321.89713,68,2,5,8,4,12,2.0,671,126.95331752300262,0.5231717386127509,854,286.83556735515594,2217.5,208.7820380926132,0.3851183765501691,0.727880576379505,0.130437278759142,0.6392742729551915,353,218.89444243907928,10,53,56,7,68,2.7695953320783233,34424
391,tile_x29184_y28160_gray_matter_cell_1,2017-063_Iba1_Temporal_pole_Batch_6,tile_x29184_y28160_gray_matter,365.62582,461.30023,399.60904,499.97418,4,0,1,1,1,2,1.0,611,102.18376553058624,0.7353384392579178,568,99.49747383594512,586.0,92.3842589855194,0.969283276450512,0.92850858844764,0.7209980510459468,0.8628027500432459,84,71.35533845424652,18,18,21,2,4,2.7665859115689173,54727
392,tile_x70144_y57856_gray_matter_cell_0,2014-048_Iba1_Temporal_pole_Batch_8,tile_x70144_y57856_gray_matter,10.493744,252.95935,144.03708,353.1195,143,1,4,5,3,8,1.6666666666666667,611,141.1959581375122,0.3851292861124027,1760,458.71781718730927,6268.5,314.2518948316574,0.2807689239850043,0.6850658140085678,0.1051069209393951,0.7976597612745779,1171,489.34523379802704,15,39,71,9,143,2.7661134150519353,11269
393,tile_x52224_y25600_gray_matter_cell_1,2017-026_Iba1_Temporal_pole_Batch_8,tile_x52224_y25600_gray_matter,357.37677,196.16135,453.35297,296.3381,180,4,5,7,4,11,1.75,666,113.11269783973694,0.6541259395481235,1382,437.2030984163284,5678.5,293.05492413043976,0.2433741304922074,0.6702947101517954,0.0908555464686019,0.8308936652197862,779,447.546244263649,9,25,59,11,180,2.765333874719737,47516
394,tile_x69632_y32256_gray_matter_cell_1,2017-014_Iba1_Temporal_pole_Batch_6,tile_x69632_y32256_gray_matter,151.53793,79.37416,288.03238,221.24382,247,2,6,8,7,15,1.1428571428571428,398,74.76955199241638,0.8946298388679593,1172,499.34523379802704,6483.5,314.7313562631607,0.1807665612709184,0.6302880952108213,0.0590657411537538,0.8225065264929668,803,501.1025931835175,9,18,65,9,247,2.7641534822873055,40007
395,tile_x32768_y11776_gray_matter_cell_0,2017-129_Iba1_Tp_B8_100,tile_x32768_y11776_gray_matter,199.57892,326.3871,318.92047,510.50305,298,5,3,9,2,11,4.5,256,57.455843687057495,0.9744990427090556,1894,676.0386657714844,8766.0,392.64801466465,0.216062057951175,0.5808070374444728,0.0520770969963593,0.7145037600217607,1638,732.3229365348816,10,36,102,11,298,2.763875483972265,73792
396,tile_x63488_y63488_gray_matter_cell_0,2014-048_Iba1_Temporal_pole_Batch_8,tile_x63488_y63488_gray_matter,388.94208,55.880196,420.99884,87.275505,0,0,0,0,0,0,0.0,571,90.42640614509584,0.8775167814959272,534,83.35533845424652,506.0,80.79379785060883,1.0553359683794463,0.9692696274631082,0.9657935097474588,0.974101773691072,66,61.35533845424652,0,0,0,0,0,2.7637320595388766,9806
397,tile_x3072_y7680_gray_matter_cell_0,2017-014_Iba1_Temporal_pole_Batch_6,tile_x3072_y7680_gray_matter,94.62573,249.28798,230.36472,365.5326,156,6,5,10,5,15,2.0,911,164.55129659175873,0.4227908926711868,1629,458.2741661071777,5514.0,315.8515522480011,0.2954298150163221,0.6892196322804112,0.0974720716752284,0.6945613212617088,735,508.7005722522736,8,44,74,11,156,2.7587554676299755,35080
398,tile_x45056_y50176_gray_matter_cell_1,2016-020_Iba1_Temporal_pole_Batch_8,tile_x45056_y50176_gray_matter,310.80054,91.2229,456.5282,270.25903,375,10,5,13,4,17,3.25,524,85.94112491607666,0.8915364072350491,2290,714.8254626989365,11742.5,429.5510921478272,0.1950180966574409,0.6009174470730088,0.0563177529380552,0.7997251935651656,1766,801.5950146913528,11,37,101,14,375,2.754871445092985,21774
399,tile_x9216_y4096_gray_matter_cell_2,2017-026_Iba1_Temporal_pole_Batch_8,tile_x9216_y4096_gray_matter,9.036705,104.06538,91.03199,178.72058,121,0,4,4,4,8,1.0,481,108.08326029777528,0.5174138710157786,879,341.8061298131943,3020.5,211.99664795398712,0.2910114219500083,0.6202248276525897,0.0945451042950989,0.8445604035565053,542,291.52185904979706,12,50,56,19,121,2.7529816165286483,51973
400,tile_x49664_y50688_gray_matter_cell_1,2017-014_Iba1_Temporal_pole_Batch_6,tile_x49664_y50688_gray_matter,444.43753,15.579325,487.3392,76.61277,40,0,3,3,3,6,1.0,315,63.94112491607666,0.9681883949365536,561,137.0538227558136,931.0,126.85341095924376,0.602577873254565,0.9255736790739232,0.3753102436978379,0.7270348785997331,270,150.1248904466629,10,14,36,4,40,2.7514186473847704,38574
401,tile_x16896_y8704_gray_matter_cell_2,2017-014_Iba1_Temporal_pole_Batch_6,tile_x16896_y8704_gray_matter,53.001846,91.9163,147.08847,225.27542,200,3,4,8,4,12,2.0,324,67.35533845424652,0.8974511712638626,1243,484.3746713399887,4853.0,300.3079184293747,0.2561302287245003,0.6199909619522297,0.0665760680443404,0.6762177836225114,945,498.8599525690079,9,20,121,7,200,2.7505179093483516,32961
402,tile_x12800_y11264_gray_matter_cell_2,2017-160_Iba1_Temporal_pole_Batch_6,tile_x12800_y11264_gray_matter,378.39246,294.56006,468.08472,385.85687,150,5,3,6,3,9,2.0,311,65.35533845424652,0.9149726592912014,760,303.3208485841751,3084.5,228.85994017124176,0.2463932566056086,0.7545143739360548,0.1038051574867548,0.7400398023147674,502,269.0365778207779,11,23,56,9,150,2.74800468424553,82020
403,tile_x10240_y18432_gray_matter_cell_3,2017-129_Iba1_Tp_B8_100,tile_x10240_y18432_gray_matter,60.940125,350.6184,220.93124,479.10754,257,6,2,8,2,10,4.0,245,57.69848430156708,0.9247985475540648,1033,462.4751765727997,8048.5,378.7581058740616,0.1283468969373175,0.8189804016744671,0.0606922630963835,0.7050191933934212,848,431.9898953437805,10,69,102,10,257,2.7478735500525557,69205
404,tile_x18432_y62464_gray_matter_cell_0,2014-048_Iba1_Temporal_pole_Batch_8,tile_x18432_y62464_gray_matter,172.09299,90.88486,274.69763,263.7224,295,9,2,8,4,12,2.0,497,86.5269113779068,0.8341878297703019,2035,522.9015827178955,8623.0,371.44073843956,0.2359967528702307,0.7103454086119139,0.0935264316541479,0.7853968986577076,1538,574.457931637764,11,124,132,15,295,2.747526242652257,756
405,tile_x89600_y44032_gray_matter_cell_4,2017-129_Iba1_Tp_B8_100,tile_x89600_y44032_gray_matter,299.85797,66.30235,463.47577,163.59233,177,3,4,7,4,11,1.75,614,94.76955199241638,0.8590937905691656,1599,425.26197350025177,4717.5,326.13926923274994,0.3389507154213036,0.7669137838691727,0.1111079736689526,0.5573340609138199,985,520.8599525690079,16,30,86,7,177,2.747380624695388,81126
406,tile_x22016_y45568_gray_matter_cell_0,2017-014_Iba1_Temporal_pole_Batch_6,tile_x22016_y45568_gray_matter,2.8666344,13.724815,127.94473,112.41327,234,5,6,11,6,17,1.8333333333333333,643,103.49747383594512,0.7543299261477461,2069,587.4284940958023,5870.5,318.3821595907212,0.3524401669363768,0.5419930473083197,0.0753460235657634,0.7277588709390389,1430,666.7838325500488,11,32,68,21,234,2.7473041605499158,33565
407,tile_x24576_y39936_gray_matter_cell_2,2016-020_Iba1_Temporal_pole_Batch_8,tile_x24576_y39936_gray_matter,437.76996,409.22034,481.74884,467.3059,45,0,1,1,1,2,1.0,325,65.35533845424652,0.9561611391306768,861,177.29646337032318,1162.0,135.6467524766922,0.7409638554216867,0.7650843671560652,0.3442015885345384,0.7935918344333319,540,205.5807341337204,12,31,34,15,45,2.747157484199721,17924
408,tile_x77824_y20992_gray_matter_cell_1,2014-048_Iba1_Temporal_pole_Batch_8,tile_x77824_y20992_gray_matter,95.57022,243.97281,147.76065,316.43118,55,1,3,4,3,7,1.3333333333333333,390,77.35533845424652,0.8190188357618554,957,206.6518018245697,1237.5,151.82152819633484,0.7733333333333333,0.7346731403059276,0.2816069761245585,0.6746652700355428,568,276.5929267406464,15,23,35,7,55,2.747059206824721,13075
409,tile_x19456_y10240_gray_matter_cell_1,2017-160_Iba1_Temporal_pole_Batch_6,tile_x19456_y10240_gray_matter,143.62778,211.43097,205.57193,382.39874,201,3,4,6,5,11,1.2,578,93.01219260692596,0.8395719838187939,1337,344.5929267406464,5999.0,357.05356335639954,0.2228704784130688,1.0361604538247864,0.141490914605316,0.5913192027211559,771,429.36247873306274,11,95,102,17,201,2.7466720033590266,83370
410,tile_x29696_y7680_gray_matter_cell_0,2018-001_Iba1_Temporal_pole_Batch_6,tile_x29696_y7680_gray_matter,3.5386696,314.87393,63.88959,415.4224,111,0,6,6,6,12,1.0,569,109.25483322143556,0.5990192976599535,1226,348.3330411911011,3339.0,232.47045719623569,0.3671758011380653,0.6673798626777373,0.1269728860960273,0.7764093264350692,708,371.1614682674408,13,48,49,10,111,2.7442336280368864,101064
411,tile_x8192_y61440_gray_matter_cell_1,2018-001_Iba1_Temporal_pole_Batch_6,tile_x8192_y61440_gray_matter,167.52664,69.642426,241.98947,147.63068,74,2,6,4,8,12,0.5,1125,196.1665205955505,0.3673775455656965,891,429.6883796453476,2418.0,199.58074510097504,0.3684863523573201,0.4644778740949504,0.060642954280124,0.7628319618459637,287,222.7939372062683,8,28,41,6,74,2.7433575460536894,106408
412,tile_x22528_y17408_gray_matter_cell_0,2016-020_Iba1_Temporal_pole_Batch_8,tile_x22528_y17408_gray_matter,197.76343,249.27364,243.34662,288.38593,9,0,1,1,1,2,1.0,641,94.42640614509584,0.9034018423544516,589,116.56854152679443,680.5,95.46931099891664,0.8655400440852314,0.8189972161311811,0.5447063439605011,0.9382323797706712,110,91.74011445045473,16,18,18,6,9,2.742970407401297,17448
413,tile_x78336_y24064_gray_matter_cell_1,2017-063_Iba1_Temporal_pole_Batch_6,tile_x78336_y24064_gray_matter,299.4699,45.582794,452.28632,198.19217,389,6,2,8,2,10,4.0,550,88.38477599620819,0.8847439923929694,1911,792.1391710042953,12991.0,431.3649535179138,0.1471018397352013,0.5445570290016307,0.0382708027625968,0.8773294974260524,1593,744.5828220844269,14,38,146,23,389,2.742221870903484,61716
414,tile_x43520_y17920_gray_matter_cell_0,2016-020_Iba1_Temporal_pole_Batch_8,tile_x43520_y17920_gray_matter,200.8031,5.506531,280.89233,74.90117,80,3,1,5,1,6,5.0,383,73.94112491607666,0.8803118155286588,826,223.13708305358887,1287.5,170.88849818706512,0.6415533980582524,0.7658453532173509,0.2084713642028797,0.5540276446645992,511,193.5807341337204,14,47,58,7,80,2.7420140824652184,21445
415,tile_x8704_y3072_gray_matter_cell_0,2017-063_Iba1_Temporal_pole_Batch_8,tile_x8704_y3072_gray_matter,220.13988,220.74875,397.15015,362.5369,262,5,5,10,5,15,2.0,477,81.94112491607666,0.8927387775318816,1258,449.8893901109696,8095.0,371.0331627130509,0.1554045707226683,0.8247208555452529,0.0781050298622288,0.7389265316487006,806,464.71781718730927,13,45,88,10,262,2.738494112645409,69004
416,tile_x61952_y21504_gray_matter_cell_0,2017-063_Iba1_Temporal_pole_Batch_6,tile_x61952_y21504_gray_matter,323.70508,138.46545,455.2953,254.04236,173,3,3,6,3,9,2.0,394,72.5269113779068,0.941255917962484,1029,324.83556735515594,4318.0,319.6259524822235,0.2383047707271885,0.9839623015566008,0.1225457030335139,0.5311392934985599,635,380.534051656723,12,27,93,8,173,2.738256480713376,59314
417,tile_x82432_y27136_gray_matter_cell_0,2016-032_Iba1_Temporal_pole_Batch_8,tile_x82432_y27136_gray_matter,113.05658,46.63382,229.81857,170.23117,123,1,6,6,5,11,1.2,641,102.56854152679443,0.7656663014490751,1057,308.2497808933258,3932.5,278.3882224559784,0.2687857596948506,0.9031254512142496,0.1397910278610467,0.6376419472157987,486,280.3502861261368,15,21,69,7,123,2.7373737543876313,31143
418,tile_x65536_y38400_gray_matter_cell_0,2017-063_Iba1_Temporal_pole_Batch_8,tile_x65536_y38400_gray_matter,331.66913,159.90509,466.1327,302.87268,116,0,5,3,7,10,0.4285714285714285,1028,183.5391039848328,0.383482689241312,1338,474.0731556415558,5153.0,333.42811942100525,0.2596545701533087,0.7033263019708049,0.074812686294997,0.5824592686728648,556,344.534051656723,26,49,81,7,116,2.7352105289369852,66770
419,tile_x83456_y28672_gray_matter_cell_0,2017-014_Iba1_Temporal_pole_Batch_6,tile_x83456_y28672_gray_matter,3.3767776,259.39374,124.97341,415.50708,258,9,1,10,0,10,0.0,156,51.65685415267944,0.7346467357382924,964,484.8599525690079,6388.5,349.7207410335541,0.1508961415042654,0.7212819684953872,0.0515293030575068,0.6563960867374972,964,484.8599525690079,22,140,164,11,258,2.728632976196544,41468
420,tile_x48640_y58880_gray_matter_cell_2,2016-020_Iba1_Temporal_pole_Batch_8,tile_x48640_y58880_gray_matter,207.1113,325.10132,308.9957,466.2188,113,2,7,9,7,16,1.2857142857142858,2833,444.4751765727997,0.1802027508243833,1342,659.269113779068,7637.5,336.52718591690063,0.1757119476268412,0.5104549551667249,0.0388004640814785,0.8474630650997205,331,238.0660153627396,23,53,73,6,113,2.728416127331367,22518
421,tile_x23552_y53760_gray_matter_cell_0,2016-032_Iba1_Temporal_pole_Batch_8,tile_x23552_y53760_gray_matter,312.23096,291.09802,382.06873,390.1178,183,9,3,5,3,8,1.6666666666666667,421,76.42640614509583,0.9057432038241596,1548,281.8650048971176,2939.0,220.9942382574081,0.5267097652262674,0.7840428375919613,0.2448490943961244,0.7562189362599103,1132,334.3919162750244,14,37,50,13,183,2.728332479919934,28887
422,tile_x28672_y41472_gray_matter_cell_0,2017-129_Iba1_Tp_B8_100,tile_x28672_y41472_gray_matter,317.07568,245.95697,445.9729,351.49878,165,3,7,8,8,16,1.0,954,162.32590091228485,0.4549698261218682,1920,504.9015827178955,6139.5,310.6550017595291,0.3127290495968727,0.6152783282778931,0.0946449897560045,0.7994405382967749,992,521.1442233324051,25,40,72,18,165,2.727306505308571,73028
423,tile_x14336_y40960_gray_matter_cell_3,2018-001_Iba1_Temporal_pole_Batch_6,tile_x14336_y40960_gray_matter,390.4779,343.7168,495.71887,466.70642,250,6,5,11,5,16,2.2,545,106.22539567947388,0.6069454378446146,1820,594.9432128667831,7217.5,331.00496912002563,0.2521648770349844,0.5563639721597138,0.0646145349793681,0.8278042075117362,1344,600.357426404953,10,46,78,21,250,2.726424423127028,94815
424,tile_x26624_y24064_gray_matter_cell_1,2017-063_Iba1_Temporal_pole_Batch_6,tile_x26624_y24064_gray_matter,1.1261902,74.89998,79.68109,141.42287,85,3,3,5,3,8,1.6666666666666667,230,54.28427076339722,0.9808208377790156,608,169.4385987520218,1567.0,161.31598830223083,0.3880025526483727,0.9520616287574556,0.2661268790674569,0.7567005229676542,378,219.722869515419,9,20,49,7,85,2.725315303118225,54366
425,tile_x16384_y66048_gray_matter_cell_0,2017-129_Iba1_Tp_B8_100,tile_x16384_y66048_gray_matter,127.75428,403.52878,269.6997,510.79214,234,6,5,11,5,16,2.2,511,87.5979790687561,0.8368403075136205,2282,613.1858534812927,6344.5,310.03383815288544,0.3596816139963748,0.5056115309782567,0.0762678054932737,0.8294478239755928,1771,613.1858534812927,12,52,83,8,234,2.7223935600253744,70611
426,tile_x67072_y24576_gray_matter_cell_3,2014-048_Iba1_Temporal_pole_Batch_8,tile_x67072_y24576_gray_matter,181.49396,168.19022,234.95154,240.4461,37,1,1,1,1,2,1.0,1063,124.5269113779068,0.8614234607971628,899,190.2670258283615,1457.0,152.6959799528122,0.6170212765957447,0.8025351701800296,0.3120631562512632,0.7852613256239882,127,78.5269113779068,20,43,44,4,37,2.7220661536050126,10544
427,tile_x59392_y70144_gray_matter_cell_1,2014-048_Iba1_Temporal_pole_Batch_8,tile_x59392_y70144_gray_matter,258.43396,236.25462,394.44977,315.29346,165,4,3,7,3,10,2.333333333333333,491,84.42640614509583,0.8656348863574913,1091,390.0904005765915,5255.0,308.1295119524002,0.2076117982873453,0.7898925774562893,0.0900957050302898,0.695530200665754,696,337.8061298131943,15,51,84,7,165,2.7217772919085994,8808
428,tile_x24064_y24064_gray_matter_cell_0,2017-160_Iba1_Temporal_pole_Batch_6,tile_x24064_y24064_gray_matter,392.6844,307.54593,507.53168,442.75546,288,7,3,10,2,12,5.0,494,95.39696860313416,0.6821308069761,1525,594.8427076339722,10419.0,395.5509133338928,0.1463672137441213,0.6649672396711793,0.0541595969985613,0.8368182031738721,1105,577.7716399431229,14,75,101,15,288,2.7142298153437054,84446
429,tile_x32768_y72704_gray_matter_cell_0,2014-048_Iba1_Temporal_pole_Batch_8,tile_x32768_y72704_gray_matter,269.7129,213.92746,369.02222,318.90024,153,5,4,7,6,13,1.1666666666666667,503,103.01219260692596,0.5956629482070802,1998,401.1198381185532,4367.5,274.41388404369354,0.4574699484831139,0.6841194525078289,0.1560475897905585,0.7288373426402194,1523,473.9898953437805,9,58,74,9,153,2.7131627177520508,3081
430,tile_x25600_y49664_gray_matter_cell_0,2014-048_Iba1_Temporal_pole_Batch_8,tile_x25600_y49664_gray_matter,330.1119,435.32504,393.34097,500.1674,65,0,4,4,4,8,1.0,840,124.1248904466629,0.6851274903670843,1420,257.8650048971176,2347.5,187.19886529445648,0.6048988285410011,0.7259568446255228,0.2683572873092333,0.8418002319745272,665,325.4629839658737,19,28,49,5,65,2.7088124091648917,1831
431,tile_x18432_y46592_gray_matter_cell_0,2014-048_Iba1_Temporal_pole_Batch_8,tile_x18432_y46592_gray_matter,367.2692,88.07272,407.32224,142.00992,16,0,2,2,2,4,1.0,449,84.5269113779068,0.7897073949278829,816,133.63960921764374,911.5,118.38788163661955,0.8952276467361492,0.8858741979992967,0.5741556312960209,0.8172445588710726,367,207.3380935192108,11,12,26,2,16,2.7051251723061,744
432,tile_x4096_y29184_gray_matter_cell_1,2018-001_Iba1_Temporal_pole_Batch_6,tile_x4096_y29184_gray_matter,160.33313,408.08557,239.73193,460.82318,137,2,1,1,1,2,1.0,95,37.65685415267944,0.8418707036008384,601,262.73506212234497,2392.0,192.03932452201843,0.2512541806020067,0.73092385527362,0.1094077959388934,0.8150621014794623,566,249.3208485841751,7,53,67,12,137,2.704671168404359,105379
433,tile_x29696_y54784_gray_matter_cell_0,2018-001_Iba1_Temporal_pole_Batch_6,tile_x29696_y54784_gray_matter,428.17175,17.79515,496.2401,123.63524,111,1,3,4,3,7,1.3333333333333333,715,106.08326029777528,0.7984030523343318,1324,283.1787132024765,3761.0,249.31978261470795,0.3520340335017282,0.8804326419706591,0.20748019201601,0.7603257838314351,609,384.4335464239121,12,58,69,7,111,2.7015037495006853,101054
434,tile_x66048_y55808_gray_matter_cell_0,2016-032_Iba1_Temporal_pole_Batch_8,tile_x66048_y55808_gray_matter,226.82645,158.84805,330.91275,286.37848,148,2,6,6,6,12,1.0,644,104.911687374115,0.7352719308947215,1321,271.66399443149567,5262.5,303.81797873973846,0.251021377672209,1.1183593886835488,0.2249305874355488,0.7164320939229298,696,345.6051193475723,10,19,89,10,148,2.700663908384427,30312
435,tile_x37888_y46592_gray_matter_cell_2,2017-026_Iba1_Temporal_pole_Batch_8,tile_x37888_y46592_gray_matter,310.63495,1.5814819,510.39496,243.64949,257,4,3,7,3,10,2.333333333333333,333,69.35533845424652,0.8699500284814726,1965,571.9554054737091,8539.0,477.9250376224518,0.2301206230237732,0.8355984278645312,0.0754828137951618,0.4697830157982659,1640,602.9259679317474,12,16,172,8,257,2.696421288547449,45654
436,tile_x56320_y27648_gray_matter_cell_2,2017-063_Iba1_Temporal_pole_Batch_6,tile_x56320_y27648_gray_matter,63.13678,106.03665,107.49179,180.4596,46,0,1,1,1,2,1.0,409,75.94112491607666,0.8912080894496494,552,130.81118214130402,997.5,155.11913001537323,0.5533834586466165,1.185824693853859,0.4053770901631345,0.5209452082947291,179,141.53910398483276,14,16,58,2,46,2.69576198716134,58524
437,tile_x18944_y53760_gray_matter_cell_2,2014-048_Iba1_Temporal_pole_Batch_8,tile_x18944_y53760_gray_matter,85.01253,209.96585,155.62605,278.47083,135,4,4,8,4,12,2.0,345,71.69848430156708,0.8433522529373184,1001,278.4507913589477,3347.0,222.37419962883,0.2990737974305348,0.798612201974926,0.1622359247075489,0.8505439904940182,658,300.9360725879669,8,38,58,8,135,2.692361276800512,801
438,tile_x16896_y63488_gray_matter_cell_1,2014-048_Iba1_Temporal_pole_Batch_8,tile_x16896_y63488_gray_matter,345.178,29.25589,438.95523,151.5191,79,2,3,4,3,7,1.3333333333333333,724,135.1959581375122,0.4977611696025054,1450,288.14927566051483,2922.5,237.38044500350952,0.4961505560307955,0.8238106601495713,0.2194536466286631,0.6517401924996977,741,351.5046141147613,18,39,61,10,79,2.690059565952718,600
439,tile_x19456_y33792_gray_matter_cell_3,2017-160_Iba1_Temporal_pole_Batch_6,tile_x19456_y33792_gray_matter,130.79471,271.031,162.45493,312.77332,2,0,1,1,1,2,1.0,529,104.76955199241638,0.6056132417015431,523,102.08326029777528,530.5,94.42372763156892,0.9858623939679548,0.924967789587993,0.6306704592502328,0.7477096220676204,44,53.79898953437805,17,17,17,2,2,2.6889621154623193,83427
440,tile_x9728_y7680_gray_matter_cell_1,2014-048_Iba1_Temporal_pole_Batch_8,tile_x9728_y7680_gray_matter,452.43945,58.757187,509.6599,156.84482,66,2,2,4,2,6,2.0,500,94.08326029777528,0.7098313085560808,934,248.7939372062683,1907.5,202.262344956398,0.4896461336828309,0.8129713578539005,0.1896169490080728,0.5859281111022842,456,268.1076455116272,20,47,65,5,66,2.6853937187281876,14907
441,tile_x41472_y45056_gray_matter_cell_0,2017-014_Iba1_Temporal_pole_Batch_6,tile_x41472_y45056_gray_matter,133.67545,250.46863,223.50955,444.0974,344,10,3,11,2,13,5.5,258,58.28427076339722,0.9543921001141548,1406,692.8427076339722,8438.0,398.9928569793701,0.1666271628347949,0.5758779771846245,0.0368066154870813,0.6660688807827565,1188,676.8427076339722,10,68,116,19,344,2.685319548913264,37239
442,tile_x71168_y46592_gray_matter_cell_3,2017-160_Iba1_Temporal_pole_Batch_6,tile_x71168_y46592_gray_matter,40.301453,246.65582,138.64249,344.0102,119,2,3,5,3,8,1.6666666666666667,735,105.01219260692596,0.8375635138027414,1262,275.8650048971176,3566.5,255.3308002948761,0.3538483106687228,0.925564300517568,0.2083895786833077,0.6874572230971184,549,321.76449966430664,15,16,88,5,119,2.681485521342041,92437
443,tile_x79872_y59904_gray_matter_cell_1,2017-063_Iba1_Temporal_pole_Batch_6,tile_x79872_y59904_gray_matter,188.04684,84.184814,253.6807,240.97,161,6,3,10,2,12,5.0,432,88.76955199241638,0.6889148632689924,982,343.52185904979706,3728.0,273.4796359539032,0.263412017167382,0.7961054842634031,0.1045713216614804,0.6263769697714314,576,394.97770273685455,9,54,62,10,161,2.681253287569317,61955
444,tile_x68608_y16384_gray_matter_cell_0,2017-129_Iba1_Tp_B8_100,tile_x68608_y16384_gray_matter,116.44641,84.587265,200.6612,186.00984,123,2,2,4,2,6,2.0,318,64.28427076339722,0.9670023749042737,1126,311.22034335136414,3679.0,261.25467479228973,0.3060614297363414,0.8394524341788809,0.1460872451832697,0.6773474673308004,808,359.5046141147613,12,48,84,6,123,2.680390999322365,78827
445,tile_x69632_y20992_gray_matter_cell_0,2017-160_Iba1_Temporal_pole_Batch_6,tile_x69632_y20992_gray_matter,108.76206,258.21246,198.21628,409.32208,200,5,3,6,3,9,2.0,296,63.69848430156708,0.9167340829579572,1395,437.6051193475723,4440.0,299.22193026542664,0.3141891891891892,0.6837715489058678,0.091541765413426,0.6231692192353179,1110,465.50461411476135,10,40,74,10,200,2.678676353209374,92151
446,tile_x90112_y17408_gray_matter_cell_0,2017-026_Iba1_Temporal_pole_Batch_8,tile_x90112_y17408_gray_matter,3.1141968,17.778564,129.76755,187.49524,228,5,4,9,4,13,2.25,567,103.15432798862456,0.6696039619171535,1999,513.9310202598572,6260.5,327.8062789440155,0.3193035700023959,0.6378410059355202,0.09510711200179,0.7321235011911458,1432,613.0853482484818,16,31,75,13,228,2.6755744573183216,51850
447,tile_x5120_y27136_gray_matter_cell_1,2017-129_Iba1_Tp_B8_100,tile_x5120_y27136_gray_matter,310.84253,374.14532,345.72522,404.42255,3,0,1,1,1,2,1.0,480,81.94112491607666,0.8983534868245348,440,88.18376553058624,466.5,83.03516972064972,0.9431939978563773,0.9416151512814368,0.7110256387503718,0.8502318244917456,55,60.5269113779068,15,15,17,1,3,2.6752915678918376,76804
448,tile_x55296_y24064_gray_matter_cell_5,2017-160_Iba1_Temporal_pole_Batch_6,tile_x55296_y24064_gray_matter,269.5172,353.37512,336.97662,391.02832,17,0,3,3,3,6,1.0,695,110.08326029777528,0.7206959835728762,787,162.5096664428711,1073.0,136.4436250925064,0.7334575955265611,0.8396031330263792,0.3744779050790904,0.7242743201958424,141,143.4385987520218,17,20,31,3,17,2.6747236759156316,89973
449,tile_x20992_y32256_gray_matter_cell_0,2017-026_Iba1_Temporal_pole_Batch_8,tile_x20992_y32256_gray_matter,155.65295,175.89276,294.47595,288.812,272,6,4,10,4,14,2.5,518,94.56854152679443,0.7278572986932338,1991,656.9259679317474,7525.5,352.04817056655884,0.2645671383961198,0.5359023508766753,0.0579760021984564,0.7630289933209002,1501,698.4823168516159,11,81,100,11,272,2.674511689355063,44034
450,tile_x26112_y51200_gray_matter_cell_3,2018-001_Iba1_Temporal_pole_Batch_6,tile_x26112_y51200_gray_matter,73.91379,131.7969,170.96207,233.89828,207,5,2,8,1,9,8.0,430,81.01219260692596,0.8233368366020449,1454,442.4751765727997,5856.0,303.45704197883606,0.2482923497267759,0.6858170990048947,0.0933246668094891,0.7991282649931725,1025,498.1736608743668,12,50,82,13,207,2.674026221993326,99243
451,tile_x22016_y64000_gray_matter_cell_1,2017-063_Iba1_Temporal_pole_Batch_6,tile_x22016_y64000_gray_matter,459.9067,70.411224,493.20584,102.755066,0,0,0,0,0,0,0.0,402,75.5979790687561,0.8839252610179402,483,85.25483322143555,480.0,79.26514065265656,1.00625,0.929743659773262,0.8350624906327774,0.960034040170321,136,72.18376553058624,0,0,0,0,0,2.6729399961453773,53787
452,tile_x16896_y44544_gray_matter_cell_0,2017-129_Iba1_Tp_B8_100,tile_x16896_y44544_gray_matter,357.58795,294.43262,509.3697,461.12952,257,6,4,7,5,12,1.4,669,106.56854152679443,0.7402491842429192,1874,470.6173119544983,8734.0,374.3820562362671,0.2145637737577284,0.7955127164392632,0.1063270225769329,0.7830563236346105,1251,497.0020879507065,14,54,81,9,257,2.672321623950661,70693
453,tile_x46080_y44032_gray_matter_cell_0,2017-014_Iba1_Temporal_pole_Batch_6,tile_x46080_y44032_gray_matter,318.8935,211.7063,425.61365,311.85693,111,3,3,3,4,7,0.75,1213,208.634556889534,0.3501855143829266,1547,370.3746713399887,5117.5,302.70684480667114,0.3022960429897411,0.8172989899970744,0.1417155868345642,0.7018159477260899,550,271.76449966430664,17,57,62,7,111,2.669804853426169,38000
454,tile_x24064_y17408_gray_matter_cell_1,2017-014_Iba1_Temporal_pole_Batch_6,tile_x24064_y17408_gray_matter,300.25317,317.39197,411.22998,388.5749,110,1,4,3,4,7,0.75,384,71.84061968326569,0.9349770456350416,1043,267.90663504600525,2032.5,229.6499481201172,0.5131611316113162,0.8572014204899457,0.1826111255273401,0.4842924683400446,663,310.534051656723,11,19,59,8,110,2.66948156462661,33798
455,tile_x29696_y33792_gray_matter_cell_4,2017-014_Iba1_Temporal_pole_Batch_6,tile_x29696_y33792_gray_matter,209.87628,146.15283,286.08292,287.29388,166,5,5,10,4,14,2.5,592,143.25483322143555,0.3625041676712204,1297,463.0609630346298,4146.5,288.4447791576385,0.3127939225853129,0.6229088655354161,0.0760104841556254,0.6262765758920459,787,480.2325359582901,17,32,68,12,166,2.665590455310217,34807
456,tile_x4608_y28160_gray_matter_cell_0,2017-160_Iba1_Temporal_pole_Batch_6,tile_x4608_y28160_gray_matter,398.85077,255.82838,496.12628,371.26477,117,3,5,8,5,13,1.6,774,136.1248904466629,0.5248989913407286,1717,419.4041088819504,4737.0,277.97168731689453,0.3624656955879248,0.6627776920400539,0.1226633432316016,0.7703926348190665,992,435.1614682674408,19,47,57,7,117,2.665247333559207,88763
457,tile_x68096_y17920_gray_matter_cell_1,2017-160_Iba1_Temporal_pole_Batch_6,tile_x68096_y17920_gray_matter,143.70813,162.94287,177.58209,222.74066,27,0,2,2,2,4,1.0,459,87.01219260692596,0.7618374620419802,805,156.22539567947388,1031.0,133.4874871969223,0.7807953443258971,0.8544544669984212,0.4144789487689043,0.7270887308672613,346,239.23758828639984,17,30,31,7,27,2.6624100359332568,91927
458,tile_x39936_y44544_gray_matter_cell_0,2016-032_Iba1_Temporal_pole_Batch_8,tile_x39936_y44544_gray_matter,57.352036,135.28252,100.379776,167.4441,0,0,0,0,0,0,0.0,697,99.74011445045473,0.8804463911260456,670,99.25483322143556,649.5,94.8163764476776,1.031562740569669,0.9552822101483378,0.8546363071471538,0.9078671694078608,66,80.42640614509583,0,0,0,0,0,2.6600583481781412,29378
459,tile_x37376_y49664_gray_matter_cell_2,2017-063_Iba1_Temporal_pole_Batch_6,tile_x37376_y49664_gray_matter,27.478004,86.439224,105.82928,140.93877,55,0,4,4,4,8,1.0,271,59.69848430156708,0.9555480821275996,640,155.63960921764374,1226.0,147.31183433532715,0.5220228384991843,0.9464932164493476,0.3320087844314425,0.7099455795135563,369,155.63960921764374,10,11,43,4,55,2.656846766316785,55872
460,tile_x64512_y60928_gray_matter_cell_0,2016-032_Iba1_Temporal_pole_Batch_8,tile_x64512_y60928_gray_matter,50.833588,53.209564,107.85573,215.26538,109,0,3,3,3,6,1.0,373,90.911687374115,0.5671256089954706,933,349.90663504600525,2900.0,281.1069917678833,0.3217241379310345,0.8033771401074568,0.0957606647468654,0.4611737365863787,595,341.0782079696655,13,19,73,5,109,2.655111689833162,30262
461,tile_x60928_y33792_gray_matter_cell_0,2017-063_Iba1_Temporal_pole_Batch_6,tile_x60928_y33792_gray_matter,224.88672,131.19226,317.94464,286.9658,135,4,3,6,3,9,2.0,305,63.69848430156708,0.9446077543992464,1177,372.57568180561066,3592.0,275.45776879787445,0.3276726057906459,0.7393337307011708,0.1065509477703388,0.5948892776746842,877,419.78888487815857,11,41,99,6,135,2.653754624655886,59148
462,tile_x18944_y47104_gray_matter_cell_1,2017-160_Iba1_Temporal_pole_Batch_6,tile_x18944_y47104_gray_matter,166.18321,332.22864,236.71107,406.84717,82,2,4,5,4,9,1.25,345,80.87005722522736,0.662908302397555,788,269.76449966430664,2023.5,181.90376794338223,0.389424264887571,0.6743058043951011,0.1360712854263362,0.7684748919284843,501,249.62236428260803,8,13,49,4,82,2.652972796807402,83321
463,tile_x51712_y43008_gray_matter_cell_1,2017-160_Iba1_Temporal_pole_Batch_6,tile_x51712_y43008_gray_matter,387.79297,195.86664,468.79272,280.26166,141,3,4,4,7,11,0.5714285714285714,799,130.36753106117249,0.5907690865745913,2109,335.0193328857422,3148.0,223.9586637020111,0.6699491740787802,0.668494745580524,0.2361275737943164,0.7886945733856656,1385,463.9726504087448,5,33,44,8,141,2.6528897523755215,89493
464,tile_x29696_y57856_gray_matter_cell_1,2017-129_Iba1_Tp_B8_100,tile_x29696_y57856_gray_matter,438.94965,73.80452,507.7115,150.60716,52,1,4,5,4,9,1.25,546,91.35533845424652,0.8221189234599672,1213,232.30865597724917,2037.0,182.5145629644394,0.5954835542464408,0.7856554556551424,0.2824488952932626,0.7684327172283933,667,322.4924215078354,13,16,46,5,52,2.652661047242515,73260
465,tile_x54272_y58880_gray_matter_cell_0,2016-020_Iba1_Temporal_pole_Batch_8,tile_x54272_y58880_gray_matter,111.33766,1.7296448,220.46931,211.71313,282,6,3,7,2,9,3.5,674,109.15432798862456,0.7108661591265487,1668,599.0437180995941,9784.0,455.5573332309723,0.1704824202780049,0.7604742683491984,0.0584102242732844,0.5924343399345896,1045,572.558436870575,21,103,122,18,282,2.6510361653993493,23484
466,tile_x26624_y27648_gray_matter_cell_1,2016-032_Iba1_Temporal_pole_Batch_8,tile_x26624_y27648_gray_matter,161.0726,338.91498,240.70132,429.01105,112,5,4,8,3,11,2.6666666666666665,468,98.42640614509584,0.6070611792310544,1224,341.4629839658737,2726.5,201.1649203300476,0.4489271960388777,0.589126581141083,0.1319179881658674,0.8466635572016902,808,347.22034335136414,13,21,45,7,112,2.647261491770933,28963
467,tile_x8704_y22528_gray_matter_cell_1,2017-014_Iba1_Temporal_pole_Batch_6,tile_x8704_y22528_gray_matter,420.81244,77.46326,455.36383,103.50101,0,0,0,0,0,0,0.0,589,91.4558436870575,0.8849163876484215,494,85.01219260692596,475.5,80.64707016944885,1.038906414300736,0.9486529837236372,0.8589628437960102,0.9187200538551984,74,46.87005722522736,0,0,0,0,0,2.647131233350854,41827
468,tile_x79360_y40960_gray_matter_cell_1,2017-026_Iba1_Temporal_pole_Batch_8,tile_x79360_y40960_gray_matter,161.04562,207.60838,331.98257,376.6582,325,14,4,12,5,17,2.4,457,83.01219260692596,0.8333785036276437,2855,674.7838325500488,7705.0,425.5843847990036,0.3705386112913692,0.630697364503673,0.0787928191383242,0.5345780684827696,2417,704.5828220844269,10,18,123,12,325,2.6468833409681896,50835
469,tile_x77824_y57856_gray_matter_cell_0,2016-020_Iba1_Temporal_pole_Batch_8,tile_x77824_y57856_gray_matter,374.38763,403.24075,416.61615,486.74722,47,2,2,4,3,7,1.3333333333333333,462,92.42640614509584,0.679609915445206,813,165.0538227558136,998.0,147.28806221485138,0.814629258517034,0.8923638347519797,0.3750155144721137,0.5781031135737007,396,186.1248904466629,17,26,30,8,47,2.645630741642628,27276
470,tile_x72192_y59904_gray_matter_cell_1,2017-063_Iba1_Temporal_pole_Batch_6,tile_x72192_y59904_gray_matter,48.85724,261.5581,200.79672,393.50293,246,3,5,8,5,13,1.6,550,96.6690467596054,0.7396013263585518,1728,474.2741661071777,7026.0,341.6757025718689,0.2459436379163108,0.7204181188621944,0.0965371923780385,0.7562925411809572,1178,474.2741661071777,15,25,98,8,246,2.6437252032894025,60844
471,tile_x46592_y39424_gray_matter_cell_0,2017-160_Iba1_Temporal_pole_Batch_6,tile_x46592_y39424_gray_matter,21.912918,84.380005,131.59389,141.95105,46,1,4,4,5,9,0.8,955,168.71067690849304,0.4216266946447269,1006,297.8061298131943,2050.0,210.1162279844284,0.4907317073170731,0.705547021870331,0.1425412553761636,0.5835049352344567,280,198.99494767189023,18,40,51,5,46,2.641114166541755,88823
472,tile_x22528_y53760_gray_matter_cell_3,2018-001_Iba1_Temporal_pole_Batch_6,tile_x22528_y53760_gray_matter,282.4994,359.46213,374.70813,421.83328,137,5,4,8,2,10,4.0,362,73.69848430156708,0.8375318320390049,807,284.69343197345734,2847.5,222.8110111951828,0.283406496927129,0.7826348843058523,0.1251205091607808,0.7207759671641111,476,300.5929267406464,10,15,50,13,137,2.640618996824876,97599
473,tile_x64512_y62976_gray_matter_cell_0,2017-063_Iba1_Temporal_pole_Batch_6,tile_x64512_y62976_gray_matter,2.9019775,110.468414,138.54196,242.45523,189,4,7,9,7,16,1.2857142857142858,634,162.06601536273956,0.3033298937396303,1615,522.357426404953,6151.5,343.9117225408554,0.2625375924571242,0.6583839056482388,0.0743784020486158,0.6535772603874914,1011,581.8549002408981,8,42,99,5,189,2.6390538443047515,59718
474,tile_x73728_y44032_gray_matter_cell_1,2017-129_Iba1_Tp_B8_100,tile_x73728_y44032_gray_matter,21.425194,70.540726,91.29506,127.44325,26,0,1,1,1,2,1.0,865,141.29646337032318,0.544456752196084,899,148.85281229019165,1540.5,161.93346881866455,0.5835767607919506,1.0878764487362986,0.5098653131383074,0.7382412844327847,147,136.95331752300262,18,21,42,2,26,2.638589989062109,79559
475,tile_x32768_y26624_gray_matter_cell_2,2017-160_Iba1_Temporal_pole_Batch_6,tile_x32768_y26624_gray_matter,93.61211,342.58844,169.80577,406.60382,93,3,3,5,3,8,1.6666666666666667,297,65.4558436870575,0.8711029074610022,664,212.1665205955505,1906.5,175.83552968502045,0.3482821924993443,0.8287619045241014,0.185363505856642,0.7748781334609556,391,216.0660153627396,10,25,47,6,93,2.6364978541066924,86707
476,tile_x13824_y63488_gray_matter_cell_1,2014-048_Iba1_Temporal_pole_Batch_8,tile_x13824_y63488_gray_matter,263.1482,236.60144,439.6505,496.57745,404,6,4,10,4,14,2.5,955,125.15432798862456,0.766163556399572,3174,777.6538897752762,17781.0,610.170951128006,0.1785051459422979,0.7846304881267052,0.0659544478836401,0.6001543937885205,2219,901.6366448402404,16,116,140,23,404,2.6319617098614803,234
477,tile_x62976_y50688_gray_matter_cell_1,2016-020_Iba1_Temporal_pole_Batch_8,tile_x62976_y50688_gray_matter,264.80402,49.03421,373.69086,140.57268,144,2,4,7,3,10,2.333333333333333,362,81.11269783973694,0.6914180957266431,1128,430.71781718730927,4351.0,279.06889057159424,0.259250746954723,0.6479158266402376,0.0764070248044944,0.7020630162716436,813,430.8183224201202,10,54,91,5,144,2.631794998446325,24983
478,tile_x14848_y10752_gray_matter_cell_0,2014-048_Iba1_Temporal_pole_Batch_8,tile_x14848_y10752_gray_matter,200.69745,67.180176,237.07465,103.90057,0,0,0,0,0,0,0.0,312,65.35533845424652,0.9179146935654496,510,86.76955199241638,494.5,83.61340296268463,1.031344792719919,0.963626076690962,0.8512268811695057,0.8888415782967645,203,106.911687374115,0,0,0,0,0,2.630621412206475,306
479,tile_x28160_y24576_gray_matter_cell_0,2018-001_Iba1_Temporal_pole_Batch_6,tile_x28160_y24576_gray_matter,353.72827,140.76187,431.0332,221.31116,99,3,3,6,3,9,2.0,332,68.28427076339722,0.8947600728772368,910,269.8650048971176,2303.0,206.1413767337799,0.3951367781155015,0.7638685008912828,0.1570211361200807,0.6810413128788498,578,302.83556735515594,10,44,73,6,99,2.6303163438304393,100099
480,tile_x66048_y50176_gray_matter_cell_0,2017-063_Iba1_Temporal_pole_Batch_8,tile_x66048_y50176_gray_matter,114.99545,299.34683,162.84451,355.7429,0,0,0,0,0,0,0.0,954,121.9827550649643,0.8056777363876997,1520,154.95331752300262,1526.5,143.85506856441498,0.9957418932197838,0.92837682254244,0.7955210837685259,0.9269500579897624,591,252.6934319734573,0,0,0,0,0,2.626741471182189,66821
481,tile_x26112_y10240_gray_matter_cell_1,2017-063_Iba1_Temporal_pole_Batch_8,tile_x26112_y10240_gray_matter,126.84964,96.548164,276.4146,212.63629,241,5,4,8,5,13,1.6,309,65.11269783973694,0.9158766003801035,1708,492.2741661071777,6217.5,345.72804713249207,0.2747084841174105,0.7023079229740045,0.0885693872335349,0.6536668065409451,1428,527.2447285652161,9,40,119,8,241,2.626368050873867,63641
482,tile_x26624_y12800_gray_matter_cell_1,2017-014_Iba1_Temporal_pole_Batch_6,tile_x26624_y12800_gray_matter,303.50293,205.43275,408.8037,337.4607,204,4,4,7,4,11,1.75,612,112.81118214130402,0.6043061106388798,1085,413.9898953437805,5922.0,304.26907658576965,0.1832151300236406,0.734967398982292,0.0795536518147652,0.8038270821385637,700,407.7472547292709,7,35,77,8,204,2.620532915014652,34244
483,tile_x76288_y44544_gray_matter_cell_0,2014-048_Iba1_Temporal_pole_Batch_8,tile_x76288_y44544_gray_matter,364.90613,344.97546,436.7157,488.59033,86,2,6,8,6,14,1.3333333333333333,1168,198.75230705738068,0.371559482868496,2040,354.534051656723,3268.0,272.1103504896164,0.6242350061199511,0.7675154169763269,0.2039501944479643,0.5546279969406809,890,480.8599525690079,10,13,76,5,86,2.619928207826438,12712
484,tile_x37376_y17920_gray_matter_cell_2,2018-001_Iba1_Temporal_pole_Batch_6,tile_x37376_y17920_gray_matter,296.57233,73.92136,495.56476,200.73828,302,5,7,11,8,19,1.375,631,169.1959581375122,0.276986916126493,2815,739.1513636112213,13351.0,497.1976435184479,0.2108456295408583,0.6726601180701653,0.0647472754796857,0.6786807587136218,2192,850.6488374471664,5,44,107,12,302,2.619452033577985,104298
485,tile_x47616_y58368_gray_matter_cell_0,2014-048_Iba1_Temporal_pole_Batch_8,tile_x47616_y58368_gray_matter,67.91205,443.98315,108.94873,485.71118,19,0,2,1,3,4,0.3333333333333333,630,96.42640614509584,0.8514486319911844,793,113.9827550649643,872.0,110.14930748939514,0.9094036697247706,0.9663681793497244,0.7670165789112404,0.9031560735057188,190,139.88224983215332,12,17,23,6,19,2.619361176364131,6281
486,tile_x81920_y31744_gray_matter_cell_0,2017-063_Iba1_Temporal_pole_Batch_8,tile_x81920_y31744_gray_matter,138.71927,318.57623,244.7955,392.13745,92,1,2,3,2,5,1.5,333,66.5269113779068,0.9454953022800956,951,284.0071402788162,2298.5,224.993145942688,0.4137480965847291,0.7922094695288546,0.1481603049513749,0.570579015938255,649,319.8061298131943,11,41,56,10,92,2.6189724935466905,68666
487,tile_x27648_y16896_gray_matter_cell_6,2018-001_Iba1_Temporal_pole_Batch_6,tile_x27648_y16896_gray_matter,366.31586,201.11679,454.15002,316.59262,138,1,3,4,3,7,1.3333333333333333,872,137.1959581375122,0.5821618136548571,1807,310.73506212234497,6311.5,309.11901903152466,0.286302780638517,0.9947992895305005,0.2351730200747931,0.8300246639502328,939,409.0609630346298,19,52,77,6,138,2.6168677371294553,99765
488,tile_x5632_y11264_gray_matter_cell_0,2016-032_Iba1_Temporal_pole_Batch_8,tile_x5632_y11264_gray_matter,62.863205,361.62177,130.16379,415.99622,16,1,1,2,1,3,2.0,1355,142.46803629398346,0.8389078972189346,1588,176.1248904466629,1776.5,158.54554545879364,0.8938924852237545,0.9001881849675702,0.6433079081001163,0.888110463624483,427,150.95331752300262,24,27,34,4,16,2.616730192293058,29929
489,tile_x16384_y25088_gray_matter_cell_0,2017-160_Iba1_Temporal_pole_Batch_6,tile_x16384_y25088_gray_matter,172.5423,228.19421,249.0365,299.92407,35,0,6,5,5,10,1.0,1201,176.5096664428711,0.4844131040893712,1812,277.4213538169861,2697.0,198.97785222530365,0.6718576195773082,0.7172405782309341,0.2958613835601404,0.8560149172897094,672,323.22034335136414,11,23,37,3,35,2.616058894934118,82760
490,tile_x35328_y33792_gray_matter_cell_0,2017-129_Iba1_Tp_B8_100,tile_x35328_y33792_gray_matter,173.32953,269.02344,275.2757,424.4414,229,7,4,10,3,13,3.333333333333333,1981,247.27921843528748,0.4071168717121337,2627,579.0437180995941,7174.0,349.2399899959564,0.3661834402007248,0.6031323353997392,0.098457142675941,0.7391342075649886,1511,529.7300097942352,22,62,85,11,229,2.6117937726052305,74335
491,tile_x34816_y38400_gray_matter_cell_1,2018-001_Iba1_Temporal_pole_Batch_6,tile_x34816_y38400_gray_matter,229.4824,14.443485,320.68762,121.190125,125,2,7,8,7,15,1.1428571428571428,786,169.78174459934235,0.3426497555332954,2131,378.634556889534,4020.0,262.6210646629333,0.5300995024875622,0.6936003591968828,0.1867896538293426,0.7324480073961909,1352,509.1025931835175,10,20,66,9,125,2.6114869439862933,103381
492,tile_x42496_y20992_gray_matter_cell_0,2017-160_Iba1_Temporal_pole_Batch_6,tile_x42496_y20992_gray_matter,2.1538544,379.2333,99.40907,499.8774,262,8,7,11,7,18,1.5714285714285714,1003,163.29646337032318,0.4726691295097511,2298,610.7422024011612,7315.5,331.53492081165314,0.3141275374205454,0.5428393837992663,0.0774183706049268,0.836363977387035,1424,647.7127648591995,10,19,73,14,262,2.6106285405658958,88262
493,tile_x31232_y3072_gray_matter_cell_1,2014-048_Iba1_Temporal_pole_Batch_8,tile_x31232_y3072_gray_matter,21.87513,194.20029,92.92432,268.67264,5,0,2,2,2,4,1.0,790,185.92387998104093,0.2871882104432362,1217,222.30865597724917,1688.5,185.51108253002167,0.7207580692922713,0.8344753006333981,0.3094480114160077,0.6165541276560366,463,307.8061298131943,13,13,41,1,5,2.607011308236729,2770
494,tile_x30208_y48128_gray_matter_cell_2,2018-001_Iba1_Temporal_pole_Batch_6,tile_x30208_y48128_gray_matter,218.18927,353.6466,264.1311,384.0006,8,0,2,2,2,4,1.0,542,92.32590091228484,0.7990280806579866,676,116.911687374115,696.0,104.02238965034483,0.971264367816092,0.8897518459166135,0.6214993840986177,0.808286733808641,158,113.25483322143556,16,18,21,2,8,2.6062249499084174,101278
495,tile_x77824_y18432_gray_matter_cell_0,2014-048_Iba1_Temporal_pole_Batch_8,tile_x77824_y18432_gray_matter,209.99883,117.457,321.9804,181.65924,96,2,6,7,5,12,1.4,1178,188.02438521385196,0.418722983547838,2140,397.0193328857422,3820.0,264.3562903404236,0.5602094240837696,0.6658524370058887,0.1706083672849728,0.6869006529231603,964,545.4873691797256,12,12,65,7,96,2.6056157168470695,13070
496,tile_x32256_y22528_gray_matter_cell_0,2017-014_Iba1_Temporal_pole_Batch_6,tile_x32256_y22528_gray_matter,46.420345,381.17084,128.05185,468.12152,112,3,5,5,7,12,0.7142857142857143,574,128.1248904466629,0.4393946273294313,1221,339.26197350025177,2924.0,231.19523119926453,0.417578659370725,0.6814652075915397,0.1333076767853935,0.6874315948920626,708,364.3330411911011,8,31,61,9,112,2.6055684149157203,35249
497,tile_x35328_y33792_gray_matter_cell_0,2017-014_Iba1_Temporal_pole_Batch_6,tile_x35328_y33792_gray_matter,174.5072,201.065,256.87906,374.0963,196,6,3,9,3,12,3.0,448,81.5979790687561,0.8455300997689079,1416,435.50461411476135,4317.5,332.837507724762,0.3279675738274464,0.7642571328464841,0.093818307959123,0.4897536569547945,986,483.78888487815857,15,28,105,8,196,2.6051862869816107,35904
498,tile_x29696_y50176_gray_matter_cell_1,2017-014_Iba1_Temporal_pole_Batch_6,tile_x29696_y50176_gray_matter,92.84448,252.68652,269.6168,378.60785,211,2,3,5,3,8,1.6666666666666667,553,91.74011445045473,0.8256888883071325,1386,480.8183224201202,8095.0,398.6970111131668,0.1712168004941321,0.8292051124557623,0.0753374778140485,0.6399422107071211,856,515.7888848781586,10,36,91,7,211,2.604723093835032,34846
499,tile_x39936_y28672_gray_matter_cell_1,2016-020_Iba1_Temporal_pole_Batch_8,tile_x39936_y28672_gray_matter,386.81512,269.06946,478.16656,393.00964,186,3,4,9,4,13,2.25,345,69.11269783973694,0.9076392469306476,1242,325.66399443149567,4721.0,283.5674591064453,0.2630798559627197,0.8707362924828784,0.1471607420395545,0.7377871399819307,899,370.0487704277039,10,29,76,11,186,2.6029526395591476,20693
500,tile_x29696_y41984_gray_matter_cell_0,2018-001_Iba1_Temporal_pole_Batch_6,tile_x29696_y41984_gray_matter,332.27014,52.308395,387.3288,168.39609,120,5,4,9,3,12,3.0,437,89.25483322143555,0.6893310090546189,1346,348.43354642391205,2614.0,233.43701422214508,0.5149196633511859,0.6699613645643074,0.1393204926060377,0.6028038366446186,944,387.4041088819504,11,28,57,8,120,2.602314968944612,100987
