rank,global_cell_id,scan_name,image_name,xmin,ymin,xmax,ymax,skeleton_length,num_junctions,num_components,num_end_nodes,num_start_nodes,total_nodes,end_to_start_ratio,soma_area,soma_perimeter,soma_circularity,cell_area,cell_perimeter,cell_convex_hull_area,cell_convex_hull_perimeter,cell_solidity,cell_convexity,cell_circularity,cell_convex_circularity,branch_area,branch_perimeter,sholl_min_radius,sholl_peak_radius,sholl_max_radius,sholl_peak,sholl_sum,min_dist_to_known,x_row_position
1,tile_x77312_y6144_gray_matter_cell_0,2014-048_Iba1_Temporal_pole_Batch_8,tile_x77312_y6144_gray_matter,69.004105,229.81204,111.18883,279.06015,1,0,1,0,0,0,0.0,994,122.32590091228484,0.8347557177845493,1063,127.9827550649643,1080.0,121.49742114543916,0.9842592592592592,0.9493265017131942,0.8155305203778648,0.9193894158064954,132,118.08326029777528,19,19,19,1,1,7.730297850546477,13007
2,tile_x13824_y52736_gray_matter_cell_1,2017-160_Iba1_Temporal_pole_Batch_6,tile_x13824_y52736_gray_matter,379.8092,429.49878,439.29004,494.96533,71,2,1,3,1,4,3.0,610,95.49747383594512,0.8405352512720037,507,236.83556735515597,1448.0,160.67125463485718,0.3501381215469613,0.6784084689185066,0.1135857826949431,0.7048586859858785,214,144.5096664428711,19,45,49,9,71,6.931629638521705,82291
3,tile_x37376_y19456_gray_matter_cell_5,2016-020_Iba1_Temporal_pole_Batch_8,tile_x37376_y19456_gray_matter,191.36981,42.13775,257.24103,247.48352,218,5,1,5,0,5,0.0,546,94.87005722522736,0.7623320550081111,1094,437.5634891986847,2707.5,379.7572033405304,0.4040627885503232,0.8678905180959782,0.0718034038317847,0.2359208305460912,1094,437.5634891986847,23,23,101,18,218,6.473134883474428,20265
4,tile_x75776_y12800_gray_matter_cell_0,2017-026_Iba1_Temporal_pole_Batch_8,tile_x75776_y12800_gray_matter,210.73473,380.7922,249.13164,470.78268,47,0,1,1,1,2,1.0,464,79.84061968326569,0.9147028798837824,576,144.1248904466629,1096.5,166.39941430091858,0.5253077975376197,1.1545501528932571,0.3484611512193621,0.497639578326753,140,125.63960921764374,15,49,61,2,47,6.420398003610614,50322
5,tile_x40960_y47104_gray_matter_cell_3,2016-020_Iba1_Temporal_pole_Batch_8,tile_x40960_y47104_gray_matter,59.009933,86.62103,190.86452,176.98257,156,2,4,6,4,10,1.5,340,68.28427076339722,0.9163205565610256,875,275.5634891986847,4033.5,268.6689097881317,0.2169331845791496,0.9749800692733211,0.1448020021123357,0.7021939757201102,541,308.3919162750244,12,44,71,11,156,6.373099896080588,20878
6,tile_x46592_y13824_gray_matter_cell_0,2017-026_Iba1_Temporal_pole_Batch_8,tile_x46592_y13824_gray_matter,100.87193,347.5949,167.37428,418.76416,97,4,2,3,2,5,1.5,217,52.28427076339722,0.9975334961122924,531,211.722869515419,1675.5,177.11259877681732,0.3169203222918532,0.8365303152285061,0.1488568560749046,0.6712053124227934,352,185.5807341337204,10,20,58,11,97,6.058376000622329,46714
7,tile_x13824_y17408_gray_matter_cell_1,2016-020_Iba1_Temporal_pole_Batch_8,tile_x13824_y17408_gray_matter,374.59314,357.46027,471.51746,464.88007,96,4,1,5,1,6,5.0,279,60.28427076339722,0.9647305772050234,521,165.88224983215332,2010.5,194.9897636175156,0.259139517532952,1.1754709368531864,0.2379292049221613,0.6644928555350931,257,197.68123936653137,11,39,68,6,96,5.784789493554098,15656
8,tile_x7168_y23552_gray_matter_cell_4,2017-160_Iba1_Temporal_pole_Batch_6,tile_x7168_y23552_gray_matter,136.67606,155.72186,170.63217,185.12933,0,0,0,0,0,0,0.0,734,104.87005722522736,0.8386927985566123,487,81.5979790687561,466.0,78.00173425674438,1.0450643776824031,0.955927280883005,0.9191365147041476,0.9624701368878572,17,21.899494767189022,0,0,0,0,0,5.7494407555734615,92538
9,tile_x80384_y58368_gray_matter_cell_0,2016-032_Iba1_Temporal_pole_Batch_8,tile_x80384_y58368_gray_matter,287.3844,223.04869,397.55347,317.35754,195,6,4,9,2,11,4.5,300,64.5269113779068,0.9054184981491769,1440,464.3746713399887,4095.0,280.5348254442215,0.3516483516483517,0.6041131068469276,0.0839141710339723,0.6538681842208733,1161,476.8599525690079,10,24,69,13,195,5.621263706873103,31038
10,tile_x17408_y39424_gray_matter_cell_2,2018-001_Iba1_Temporal_pole_Batch_6,tile_x17408_y39424_gray_matter,79.19632,1.0820007,132.48532,39.293274,15,0,2,3,1,4,3.0,465,95.5979790687561,0.6393893439388909,553,145.0538227558136,813.5,114.72444069385529,0.6797787338660111,0.7909094604627182,0.3302757123307446,0.7767039666375362,166,119.5979790687561,13,15,22,3,15,5.590959923230168,96156
11,tile_x10752_y53248_gray_matter_cell_2,2016-032_Iba1_Temporal_pole_Batch_8,tile_x10752_y53248_gray_matter,158.87811,95.53519,315.43927,258.053,196,1,4,6,3,9,2.0,311,65.11269783973694,0.9218046042660588,706,311.4213538169861,10235.5,397.2442589998245,0.0689756240535391,1.27558452280467,0.0914782374723323,0.8150864391480498,431,291.2792184352875,12,73,93,7,196,5.460415955013975,28626
12,tile_x68608_y32768_gray_matter_cell_0,2014-048_Iba1_Temporal_pole_Batch_8,tile_x68608_y32768_gray_matter,154.50195,147.04684,188.50055,186.30429,2,0,2,0,0,0,0.0,518,87.94112491607666,0.8416966339926838,624,118.32590091228484,680.0,101.56111919879912,0.9176470588235294,0.8583168893350454,0.5600603327812369,0.8284452657573919,193,109.74011445045473,11,11,12,1,2,5.432541871103504,10906
13,tile_x68096_y45568_gray_matter_cell_0,2017-026_Iba1_Temporal_pole_Batch_8,tile_x68096_y45568_gray_matter,212.37755,71.51218,326.43323,225.5694,264,10,3,11,2,13,5.5,468,87.49747383594513,0.7681829929749162,1386,541.8305150270462,6391.0,315.3919714689255,0.216867469879518,0.5820860263899723,0.0593261511598702,0.8073789343413639,985,563.1442233324051,15,34,74,16,264,5.376960963805433,49491
14,tile_x16896_y15360_gray_matter_cell_1,2018-001_Iba1_Temporal_pole_Batch_6,tile_x16896_y15360_gray_matter,20.798923,18.495205,113.41403,132.63925,144,4,3,8,2,10,4.0,545,100.6690467596054,0.6757941900813323,1456,405.0609630346298,4115.5,261.24710714817047,0.3537844733325234,0.6449575026706182,0.1115142729388444,0.757756184951151,916,474.6589421033859,10,23,73,9,144,5.35617235407981,95856
15,tile_x32768_y49152_gray_matter_cell_1,2017-129_Iba1_Tp_B8_100,tile_x32768_y49152_gray_matter,151.04898,255.18964,306.65417,491.67175,407,12,2,12,2,14,6.0,426,81.5979790687561,0.8040085323695418,2084,700.7422024011612,16543.0,519.4605674743652,0.1259747325152632,0.7413005320564156,0.053332388131158,0.7704047690131177,1658,769.5117543935776,16,92,100,19,407,5.329673774453167,73840
16,tile_x69632_y36352_gray_matter_cell_1,2017-129_Iba1_Tp_B8_100,tile_x69632_y36352_gray_matter,222.5572,287.70572,339.07794,442.5811,200,7,4,11,4,15,2.75,497,86.18376553058624,0.8408437920597234,1046,297.66399443149567,5843.5,310.9634054899216,0.1790023102592624,1.0446792736347783,0.1483504738382077,0.7593890749591653,557,348.29141104221344,10,81,106,11,200,5.289969406110676,78985
17,tile_x67072_y20480_gray_matter_cell_2,2017-063_Iba1_Temporal_pole_Batch_6,tile_x67072_y20480_gray_matter,388.17114,7.384445,506.0868,64.704895,59,1,3,3,2,5,1.5,642,129.63960921764374,0.4800312000218184,1427,255.8650048971176,1943.5,221.70622861385343,0.7342423462824801,0.8664968806617408,0.2739126286178184,0.4968652458480672,816,292.9777027368545,25,30,58,6,59,5.187953054531319,60066
18,tile_x39424_y20480_gray_matter_cell_0,2017-063_Iba1_Temporal_pole_Batch_6,tile_x39424_y20480_gray_matter,211.50894,375.76746,268.93314,440.985,23,0,3,2,4,6,0.5,918,125.29646337032318,0.734809766157224,911,233.48022890090945,1453.0,155.30049073696136,0.6269786648313833,0.665154781918909,0.2100042191625455,0.7570591663489025,197,168.85281229019165,14,25,35,3,23,4.966027302625589,56098
19,tile_x78848_y38912_gray_matter_cell_0,2016-020_Iba1_Temporal_pole_Batch_8,tile_x78848_y38912_gray_matter,416.22406,62.36194,461.9676,174.47021,76,2,2,4,2,6,2.0,402,74.76955199241638,0.9036210935299488,695,189.78174459934235,1177.5,206.70377242565155,0.5902335456475584,1.0891657301498314,0.2424855141228529,0.3463171304764831,321,214.99494767189023,14,28,69,4,76,4.943260801069198,27406
20,tile_x47104_y30720_gray_matter_cell_1,2017-026_Iba1_Temporal_pole_Batch_8,tile_x47104_y30720_gray_matter,78.28584,310.82452,148.41191,352.84686,34,0,3,3,3,6,1.0,388,71.35533845424652,0.9576099473694348,728,118.81118214130402,923.0,127.21880221366882,0.7887323943661971,1.0707645519625038,0.6480770007515384,0.7166530614135667,344,181.3380935192108,10,13,35,3,34,4.929983742706695,46803
21,tile_x14336_y56832_gray_matter_cell_2,2017-160_Iba1_Temporal_pole_Batch_6,tile_x14336_y56832_gray_matter,186.46881,62.901993,270.22876,196.14052,287,8,3,11,2,13,5.5,240,56.87005722522736,0.932510595727998,739,512.3157962560654,7094.5,328.17869997024536,0.1041651983931214,0.6405789209868815,0.0353817092220806,0.8277722754296901,607,471.1025931835175,10,24,78,9,287,4.885107553429396,82405
22,tile_x22016_y26624_gray_matter_cell_3,2017-129_Iba1_Tp_B8_100,tile_x22016_y26624_gray_matter,217.2485,128.96994,265.42252,204.43588,49,0,4,4,4,8,1.0,391,73.35533845424652,0.9131101512709296,946,180.1665205955505,1418.0,165.7648822069168,0.6671368124118476,0.9200648470036036,0.3662290728390076,0.6484866443290033,555,180.1665205955505,11,13,52,4,49,4.831902617718912,71691
23,tile_x71680_y64512_gray_matter_cell_3,2017-063_Iba1_Temporal_pole_Batch_6,tile_x71680_y64512_gray_matter,232.23378,132.23189,292.48938,191.75352,81,2,1,3,1,4,3.0,200,50.041630148887634,1.0036376899408088,688,209.82337474823,1503.0,158.40069496631622,0.4577511643379907,0.7549239695357272,0.1963769753321306,0.7527567859016643,500,210.6518018245697,9,33,49,15,81,4.784424551847356,60769
24,tile_x92672_y23040_gray_matter_cell_0,2017-014_Iba1_Temporal_pole_Batch_6,tile_x92672_y23040_gray_matter,363.83105,248.74335,480.68677,463.5705,310,7,2,10,2,12,5.0,255,60.97056245803833,0.862004715472465,1613,652.2396762371063,8244.0,430.6229156255722,0.1956574478408539,0.6602218958986319,0.0476463683525887,0.5586677129215102,1505,615.0264731645584,8,35,130,12,310,4.744008621087598,42423
25,tile_x29184_y65536_gray_matter_cell_1,2014-048_Iba1_Temporal_pole_Batch_8,tile_x29184_y65536_gray_matter,142.47083,206.3952,165.07556,228.34601,0,0,0,0,0,0,0.0,467,81.31370830535889,0.8875630412809459,301,62.28427076339722,281.0,60.22810685634613,1.0711743772241993,0.9669874290595462,0.9750336217837126,0.9734592123339064,0,0.0,0,0,0,0,0,4.735953820534883,2420
26,tile_x61440_y34304_gray_matter_cell_1,2017-026_Iba1_Temporal_pole_Batch_8,tile_x61440_y34304_gray_matter,176.93527,388.75034,213.6388,432.2208,16,0,2,1,1,2,1.0,487,88.66904675960541,0.778385515938983,704,127.9827550649643,922.5,116.4445949792862,0.7631436314363144,0.909845978234948,0.5401067604383977,0.854943804679896,233,180.2670258283615,14,16,26,3,16,4.719408315631218,48721
27,tile_x64000_y19456_gray_matter_cell_1,2017-160_Iba1_Temporal_pole_Batch_6,tile_x64000_y19456_gray_matter,453.59705,142.92184,485.86005,180.47598,0,0,0,0,0,0,0.0,818,110.911687374115,0.8356194547170792,640,95.84061968326569,617.0,91.09114718437196,1.0372771474878444,0.950444054779802,0.87556947391426,0.9344212041086848,19,33.69848430156708,0,0,0,0,0,4.642235858069941,91282
28,tile_x61440_y25088_gray_matter_cell_0,2016-032_Iba1_Temporal_pole_Batch_8,tile_x61440_y25088_gray_matter,2.768982,176.39285,137.9885,270.1445,189,4,3,6,2,8,3.0,789,131.9827550649643,0.5691837435229987,1214,466.6173119544983,7210.5,328.9795256853104,0.1683655779765619,0.7050306905831013,0.0700659243357512,0.8372159719550961,719,310.0071402788162,15,47,80,9,189,4.586542532971219,30123
29,tile_x23552_y49664_gray_matter_cell_0,2017-014_Iba1_Temporal_pole_Batch_6,tile_x23552_y49664_gray_matter,216.6011,43.95941,376.10446,237.82126,704,23,1,20,1,21,20.0,428,81.4558436870575,0.810604742830586,4170,1260.312831878662,20573.5,570.1475404500961,0.2026879237854521,0.4523857299780215,0.0329905231829113,0.7953229864167405,3936,1230.8986183404922,15,123,196,21,704,4.547750535138135,33763
30,tile_x37888_y29696_gray_matter_cell_0,2017-063_Iba1_Temporal_pole_Batch_6,tile_x37888_y29696_gray_matter,303.9524,367.05762,379.2848,457.265,125,6,2,5,3,8,1.6666666666666667,309,63.94112491607666,0.9497467112234762,981,235.48022890090945,2596.0,213.97724997997284,0.3778890600924499,0.9086845676118944,0.2223156175916505,0.7124909441118698,685,293.4213538169861,10,11,75,8,125,4.532028154348153,55914
31,tile_x19456_y9728_gray_matter_cell_0,2014-048_Iba1_Temporal_pole_Batch_8,tile_x19456_y9728_gray_matter,49.396362,309.29044,179.75107,419.73544,260,7,3,6,2,8,3.0,320,67.5979790687561,0.8800197473635454,1415,467.24472856521606,6868.5,320.45809853076935,0.206012957705467,0.6858463647408302,0.0814474483821417,0.8404836388748428,1114,474.41630148887634,13,35,72,9,260,4.490448322730859,900
32,tile_x19968_y21504_gray_matter_cell_1,2017-129_Iba1_Tp_B8_100,tile_x19968_y21504_gray_matter,386.1543,3.522972,494.2119,107.28022,104,4,1,5,1,6,5.0,747,150.61017167568207,0.4138298929937775,1738,401.64674949646,3651.0,273.01659774780273,0.4760339632977266,0.6797430779412023,0.135385178827237,0.61552202303744,1019,470.5168067216873,35,61,86,7,104,4.4264289445728995,71255
33,tile_x72704_y31232_gray_matter_cell_2,2016-020_Iba1_Temporal_pole_Batch_8,tile_x72704_y31232_gray_matter,170.30655,192.76257,276.5555,283.7016,83,1,3,4,2,6,2.0,695,140.61017167568207,0.4417343699433002,1251,313.0782079696655,2478.5,235.07754695415497,0.5047407706273956,0.750858862003362,0.1603841678405646,0.5636071407945615,556,397.3036036491394,12,44,68,3,83,4.372124139222944,26468
34,tile_x67584_y60928_gray_matter_cell_0,2017-063_Iba1_Temporal_pole_Batch_6,tile_x67584_y60928_gray_matter,201.0256,36.579494,322.18008,126.81085,148,2,3,5,3,8,1.6666666666666667,190,48.62741661071777,1.009720257636787,871,322.9360725879669,4170.0,263.2040151357651,0.208872901678657,0.8150344216007922,0.1049530104958493,0.7564163347404016,687,320.3502861261368,8,34,74,6,148,4.369461956173341,60181
35,tile_x23040_y16384_gray_matter_cell_0,2017-026_Iba1_Temporal_pole_Batch_8,tile_x23040_y16384_gray_matter,12.138123,402.38525,132.37985,508.20813,160,4,4,8,2,10,4.0,508,94.18376553058624,0.7196502434148229,1491,410.2325359582901,4017.0,277.9078583717346,0.3711725168035847,0.6774398274445754,0.1113338696064715,0.653596986045254,1023,435.3036036491394,12,86,94,10,160,4.35229746477174,44144
36,tile_x49152_y37888_gray_matter_cell_1,2017-160_Iba1_Temporal_pole_Batch_6,tile_x49152_y37888_gray_matter,302.5484,388.5022,348.91486,445.69922,30,0,2,1,3,4,0.3333333333333333,609,118.08326029777528,0.5488459773505204,1026,150.95331752300262,1209.0,134.91573405265808,0.8486352357320099,0.8937579926462981,0.5658116701613553,0.8346626188107925,474,182.5096664428711,15,20,21,9,30,4.323299949485175,89053
37,tile_x43008_y14848_gray_matter_cell_1,2016-020_Iba1_Temporal_pole_Batch_8,tile_x43008_y14848_gray_matter,171.46591,124.3763,314.32678,255.52837,278,6,2,7,2,9,3.5,538,100.911687374115,0.6639099894897856,1221,653.1269783973694,9819.0,383.0508040189743,0.124350748548732,0.5864874927673285,0.0359691588084777,0.8409387549267334,956,537.1442233324051,15,46,111,8,278,4.309420418917634,21324
38,tile_x16384_y4608_gray_matter_cell_0,2014-048_Iba1_Temporal_pole_Batch_8,tile_x16384_y4608_gray_matter,305.81326,110.59994,366.28268,190.74417,88,1,4,4,3,7,1.3333333333333333,301,65.11269783973694,0.8921645848362821,489,198.5096664428711,1896.0,182.06002807617188,0.2579113924050633,0.9171343206531796,0.1559392366399097,0.7188180703380407,229,180.02438521385193,9,34,56,7,88,4.280079745764906,512
39,tile_x71680_y40960_gray_matter_cell_2,2017-160_Iba1_Temporal_pole_Batch_6,tile_x71680_y40960_gray_matter,443.92584,186.05865,490.1053,249.01062,28,0,1,1,1,2,1.0,584,89.84061968326569,0.9092372786227688,638,132.56854152679443,1051.0,140.79867041110992,0.6070409134157945,1.0620820655453318,0.4561940178936775,0.6662166351656699,151,112.08326029777528,16,27,43,2,28,4.277864866573887,92486
40,tile_x17920_y7168_gray_matter_cell_3,2017-014_Iba1_Temporal_pole_Batch_6,tile_x17920_y7168_gray_matter,1.9168091,146.89905,150.39597,260.62088,299,4,6,9,5,14,1.8,421,75.5979790687561,0.9257028231058528,1551,504.03152549266815,9271.0,363.50335109233856,0.167295868838313,0.7211916967634721,0.076719587643466,0.8816974956944588,1130,576.457931637764,12,91,99,31,299,4.260349036286795,33111
41,tile_x74240_y4608_gray_matter_cell_2,2014-048_Iba1_Temporal_pole_Batch_8,tile_x74240_y4608_gray_matter,440.19537,137.41385,508.88824,297.62662,162,5,6,10,7,17,1.4285714285714286,1009,147.15432798862457,0.5855378190171066,2279,457.64674949646,3843.0,298.2214114665985,0.5930262815508717,0.651641056764253,0.1367393229054574,0.5430034710502493,1272,575.7300097942352,13,36,78,8,162,4.25647735311884,12238
42,tile_x73216_y4608_gray_matter_cell_2,2014-048_Iba1_Temporal_pole_Batch_8,tile_x73216_y4608_gray_matter,333.9599,387.52045,404.28387,450.6928,57,0,2,2,2,4,1.0,290,61.94112491607666,0.9498383169303076,422,152.71067690849304,1380.5,152.81571173667908,0.305686345526983,1.000687802780476,0.2273963610560604,0.7428656173538732,157,139.15432798862457,11,33,38,6,57,4.195374996685589,12046
43,tile_x14336_y57856_gray_matter_cell_1,2017-129_Iba1_Tp_B8_100,tile_x14336_y57856_gray_matter,116.78519,268.2821,182.99063,321.08575,24,0,1,1,1,2,1.0,500,83.5979790687561,0.8990592442023073,1077,185.48022890090945,1454.0,149.81603908538818,0.7407152682255846,0.8077197228682826,0.3933963452945528,0.8140623119256988,577,246.9360725879669,12,12,35,2,24,4.170066677547102,70166
44,tile_x18432_y51712_gray_matter_cell_2,2017-160_Iba1_Temporal_pole_Batch_6,tile_x18432_y51712_gray_matter,388.9147,92.4241,425.13235,171.14038,33,2,2,2,1,3,2.0,528,97.94112491607666,0.6916933666976804,733,156.911687374115,795.0,129.77635550498962,0.9220125786163522,0.8270662158872318,0.374113390743945,0.5931791060521492,228,180.46803629398343,18,21,33,3,33,4.0775384099544905,83214
45,tile_x75776_y13312_gray_matter_cell_3,2017-063_Iba1_Temporal_pole_Batch_8,tile_x75776_y13312_gray_matter,349.89072,290.38464,378.5823,343.32306,26,0,2,2,2,4,1.0,326,69.4558436870575,0.8491997974177516,321,100.6690467596054,475.5,103.19605267047882,0.6750788643533123,1.0251021142269066,0.3980365780112067,0.5610921778616564,70,79.11269783973694,8,14,33,3,26,4.07624562666959,68021
46,tile_x37376_y49664_gray_matter_cell_0,2014-048_Iba1_Temporal_pole_Batch_8,tile_x37376_y49664_gray_matter,168.31018,128.91165,269.3529,257.11795,139,4,3,8,1,9,8.0,601,112.32590091228484,0.5985831879855769,1719,431.0020879507065,4029.0,288.9807050228119,0.426656738644825,0.670485626640079,0.1162858823578388,0.60627469086934,1176,455.1442233324051,12,25,93,6,139,4.070140215396158,4042
47,tile_x42496_y3584_gray_matter_cell_0,2014-048_Iba1_Temporal_pole_Batch_8,tile_x42496_y3584_gray_matter,347.6937,289.83154,478.03683,471.89282,206,2,7,9,7,16,1.2857142857142858,1043,194.811182141304,0.3453555256153532,2495,539.9310202598572,10719.0,416.203790307045,0.2327642503964922,0.7708462279250692,0.1075483755926276,0.7775925178033489,1470,667.7716399431229,23,84,90,10,206,4.065145695388854,5121
48,tile_x51712_y26624_gray_matter_cell_2,2017-063_Iba1_Temporal_pole_Batch_6,tile_x51712_y26624_gray_matter,273.9612,361.93503,310.02957,397.5781,1,0,1,0,0,0,0.0,513,89.94112491607666,0.796912426459995,570,95.25483322143556,562.5,89.38486516475677,1.0133333333333334,0.938376165721344,0.7894246400434517,0.8847170808584933,94,97.84061968326569,16,16,16,1,1,4.044879246331264,57865
49,tile_x72704_y30208_gray_matter_cell_0,2016-020_Iba1_Temporal_pole_Batch_8,tile_x72704_y30208_gray_matter,381.5982,186.5455,432.34503,247.0614,45,1,2,2,0,2,0.0,202,52.041630148887634,0.9372586335999414,359,136.46803629398346,871.0,127.54915857315063,0.4121699196326062,0.9346449325201726,0.2422380869103521,0.6727796135885893,186,149.88224983215332,10,13,37,3,45,4.0340900203963,26465
50,tile_x31232_y31232_gray_matter_cell_5,2018-001_Iba1_Temporal_pole_Batch_6,tile_x31232_y31232_gray_matter,323.18658,278.20584,395.85126,358.6365,86,2,3,5,3,8,1.6666666666666667,407,74.18376553058624,0.9293654539617392,922,217.82337474823,2442.0,200.4877108335495,0.3775593775593776,0.9204141248168712,0.2441922184951812,0.7634489628216216,516,269.8650048971176,12,26,54,6,86,3.988155563409711,101803
51,tile_x46080_y76800_gray_matter_cell_2,2014-048_Iba1_Temporal_pole_Batch_8,tile_x46080_y76800_gray_matter,161.64362,279.24814,237.25623,417.6185,179,4,4,8,3,11,2.6666666666666665,310,70.5269113779068,0.7831804319199039,1413,440.6173119544983,4311.5,291.6151651144028,0.327728168850748,0.661833199019918,0.091459518891527,0.6371153138551502,1137,443.34523379802704,13,14,94,10,179,3.988069508504531,6002
52,tile_x38400_y20992_gray_matter_cell_0,2018-001_Iba1_Temporal_pole_Batch_6,tile_x38400_y20992_gray_matter,37.982704,377.12866,121.56576,503.52386,130,2,4,6,4,10,1.5,608,102.32590091228484,0.7296965438763987,1499,347.5634891986847,4407.0,273.18428575992584,0.3401406852734286,0.78599822550337,0.1559348547009736,0.7420642109335043,905,354.3919162750244,18,32,69,8,130,3.9809523747333624,104640
53,tile_x70656_y37888_gray_matter_cell_2,2017-014_Iba1_Temporal_pole_Batch_6,tile_x70656_y37888_gray_matter,34.402695,245.35785,106.51256,303.97778,47,1,2,3,2,5,1.5,628,100.32590091228484,0.7840492994447101,840,218.6518018245697,1422.5,151.238050699234,0.5905096660808435,0.6916844473139829,0.2207918452066186,0.7815198204927584,287,203.92387998104093,18,32,42,5,47,3.9679034769593775,40137
54,tile_x80384_y61952_gray_matter_cell_1,2016-020_Iba1_Temporal_pole_Batch_8,tile_x80384_y61952_gray_matter,125.4253,216.56995,168.11719,271.90594,25,0,4,3,3,6,1.0,586,95.01219260692596,0.8157344412367926,940,155.29646337032318,1124.0,130.95799493789673,0.8362989323843416,0.8432773811829286,0.489795269869921,0.8235920410523366,373,205.92387998104093,15,17,25,4,25,3.9471328414262516,27666
55,tile_x29184_y18432_gray_matter_cell_0,2017-014_Iba1_Temporal_pole_Batch_6,tile_x29184_y18432_gray_matter,25.29657,236.48132,106.16821,351.51764,140,4,2,6,2,8,3.0,471,80.08326029777527,0.9228843471225776,1788,226.55129659175876,3588.5,258.3753933906555,0.4982583252055176,1.140471925244565,0.4377682641507562,0.6754924711255433,1323,288.9777027368545,13,20,73,8,140,3.9421596311492433,34716
56,tile_x81920_y11776_gray_matter_cell_1,2016-020_Iba1_Temporal_pole_Batch_8,tile_x81920_y11776_gray_matter,254.30766,58.495712,461.9533,174.65564,176,3,6,8,5,13,1.6,1312,201.62236428260803,0.4055704390050327,1567,483.9310202598572,9703.0,417.81603276729584,0.1614964443986395,0.8633793149753874,0.0840837238904783,0.6984666802354724,507,337.8061298131943,15,40,96,8,176,3.9371472892972847,27807
57,tile_x1024_y32256_gray_matter_cell_0,2018-001_Iba1_Temporal_pole_Batch_6,tile_x1024_y32256_gray_matter,156.60925,395.19696,297.91583,508.90192,280,12,3,15,3,18,5.0,466,89.25483322143555,0.7350760874587011,1834,651.7127648591995,8323.5,351.5576058626175,0.2203400012014176,0.5394364278541796,0.0542621178747507,0.8462970975694735,1375,698.0975408554077,13,82,90,13,280,3.9362744204898172,93659
58,tile_x22528_y61440_gray_matter_cell_1,2017-160_Iba1_Temporal_pole_Batch_6,tile_x22528_y61440_gray_matter,382.179,48.73442,411.87125,78.2354,0,0,0,0,0,0,0.0,536,90.5269113779068,0.8219005048767561,341,68.5269113779068,343.0,66.95445442199707,0.9941690962099126,0.9770534389440366,0.9125190238927822,0.9614905784192488,1,0.0,0,0,0,0,0,3.9317608119385956,84176
59,tile_x86016_y28160_gray_matter_cell_0,2017-129_Iba1_Tp_B8_100,tile_x86016_y28160_gray_matter,95.786835,307.01123,217.6933,467.963,237,7,3,7,2,9,3.5,913,118.46803629398346,0.8174821192033541,2343,597.9137753248215,5629.0,345.5110663175583,0.41623734233434,0.5778610237401817,0.0823578563643484,0.5925393393309764,1430,704.1391710042953,19,39,114,17,237,3.90997586388278,80774
60,tile_x54784_y25088_gray_matter_cell_3,2017-160_Iba1_Temporal_pole_Batch_6,tile_x54784_y25088_gray_matter,50.705822,189.182,123.51131,310.14606,150,5,6,10,6,16,1.6666666666666667,640,164.16652059555054,0.2984150008360811,1051,462.6589421033859,4668.5,279.8122401237488,0.2251258434186569,0.604791596270978,0.0617007806877848,0.7492966836103633,575,366.4335464239121,12,27,88,8,150,3.894817517810876,89893
61,tile_x36352_y11264_gray_matter_cell_1,2014-048_Iba1_Temporal_pole_Batch_8,tile_x36352_y11264_gray_matter,370.64227,2.9924622,469.5346,103.872345,148,1,4,5,4,9,1.25,836,122.81118214130402,0.6965307881510014,1787,464.7594473361969,3976.5,254.59766733646396,0.4493901672324908,0.5478052545154473,0.1039627989512786,0.7709070374739742,972,508.55843687057495,16,34,60,11,148,3.893494792881642,3711
62,tile_x46592_y34816_gray_matter_cell_2,2016-020_Iba1_Temporal_pole_Batch_8,tile_x46592_y34816_gray_matter,93.357185,97.24861,193.28516,237.23817,188,5,3,9,3,12,3.0,411,73.94112491607666,0.9446688150973336,1417,346.04877042770386,4310.5,281.7481929063797,0.3287321656420369,0.8141863719329188,0.1486979883911242,0.6823626309322713,1008,403.50461411476135,12,35,68,9,188,3.878354131984547,22122
63,tile_x5632_y21504_gray_matter_cell_0,2017-160_Iba1_Temporal_pole_Batch_6,tile_x5632_y21504_gray_matter,150.69327,35.38527,326.3362,155.20619,311,11,3,12,2,14,6.0,546,112.911687374115,0.5381764770881347,1973,758.5411919355392,8453.5,369.54339122772217,0.2333944520021293,0.4871764317568213,0.0430902099142123,0.7778852581311552,1445,802.9259679317474,14,54,103,12,311,3.8670174235691577,90189
64,tile_x57856_y38912_gray_matter_cell_1,2016-032_Iba1_Temporal_pole_Batch_8,tile_x57856_y38912_gray_matter,300.95993,43.602043,384.08615,225.42938,185,4,3,8,3,11,2.6666666666666665,320,67.35533845424652,0.8863715271741853,1290,432.9188276529312,3804.5,359.2461882829666,0.3390721513996583,0.8298234341773013,0.0864941284513887,0.3704444689688798,1002,455.4041088819504,12,70,83,8,185,3.8500696600651096,29978
65,tile_x46080_y47616_gray_matter_cell_0,2017-129_Iba1_Tp_B8_100,tile_x46080_y47616_gray_matter,4.390396,45.127777,171.0869,128.5293,181,5,4,10,3,13,3.333333333333333,699,117.49747383594512,0.6362532017143888,1798,463.546244263649,5307.5,313.9730476140976,0.3387658973151201,0.6773284251560469,0.1051510026129756,0.676573728119681,1118,552.3157962560654,15,24,76,8,181,3.8456749334370754,76182
66,tile_x70144_y47616_gray_matter_cell_3,2017-160_Iba1_Temporal_pole_Batch_6,tile_x70144_y47616_gray_matter,429.50592,241.94879,461.89648,289.3308,23,1,1,1,2,3,0.5,366,74.18376553058624,0.835743872604414,482,110.56854152679443,572.0,98.11517679691316,0.8426573426573427,0.8873697296001375,0.4954430496559865,0.7466782678061588,148,101.49747383594512,13,18,23,4,23,3.8306734122456363,92281
67,tile_x53248_y6656_gray_matter_cell_2,2014-048_Iba1_Temporal_pole_Batch_8,tile_x53248_y6656_gray_matter,324.9494,346.1292,469.51288,450.46185,176,3,4,6,3,9,2.0,392,95.49747383594512,0.5401472434403696,1125,479.1025931835175,6239.0,352.25216138362885,0.1803173585510498,0.7352332598389855,0.0615893106832507,0.6318551309363988,816,447.445739030838,15,25,97,10,176,3.802125301877855,7560
68,tile_x83968_y23040_gray_matter_cell_0,2017-063_Iba1_Temporal_pole_Batch_8,tile_x83968_y23040_gray_matter,43.503983,402.84583,112.3253,473.81464,98,2,1,3,0,3,0.0,230,55.11269783973694,0.9515560138810636,740,151.53910398483276,1154.5,162.17966759204865,0.6409701169337375,1.0702166195220533,0.404941375444059,0.5515831483508383,740,151.53910398483276,30,34,51,16,98,3.7910516614958203,68805
69,tile_x64000_y71680_gray_matter_cell_0,2014-048_Iba1_Temporal_pole_Batch_8,tile_x64000_y71680_gray_matter,185.53781,83.11216,250.77264,212.21616,85,0,5,4,6,10,0.6666666666666666,860,154.71067690849304,0.4515103838174331,1450,340.634556889534,3294.5,250.24252367019653,0.4401274852026104,0.7346363385889496,0.1570364458329219,0.6611152169486557,724,313.90663504600525,5,6,73,4,85,3.788009048713669,9946
70,tile_x55296_y54272_gray_matter_cell_1,2016-020_Iba1_Temporal_pole_Batch_8,tile_x55296_y54272_gray_matter,44.75592,232.89648,131.03712,425.36774,121,2,2,4,2,6,2.0,916,163.78174459934235,0.4291156482222167,1283,344.3919162750244,4048.0,322.0999850034714,0.3169466403162055,0.9352716187050362,0.1359347905945705,0.490307976610681,572,359.22034335136414,26,39,73,5,121,3.7837928736616075,23631
71,tile_x9728_y25088_gray_matter_cell_2,2017-014_Iba1_Temporal_pole_Batch_6,tile_x9728_y25088_gray_matter,283.58075,45.13565,400.31464,154.29074,325,9,4,11,1,12,11.0,373,73.5979790687561,0.86534027535383,1617,795.5950146913528,6592.0,296.8944685459137,0.2452973300970873,0.3731728619002124,0.0321022725572764,0.9397727547233278,1311,767.2102386951447,11,58,83,14,325,3.779017639346274,42819
72,tile_x4096_y14848_gray_matter_cell_1,2016-020_Iba1_Temporal_pole_Batch_8,tile_x4096_y14848_gray_matter,79.309875,374.604,277.34857,501.63068,378,7,4,11,4,15,2.75,391,72.5269113779068,0.9340889947292672,2267,763.6538897752762,13416.0,462.4002859592438,0.1689773404889684,0.605510286990506,0.0488504138901412,0.7884909728995566,1876,763.6538897752762,12,117,124,29,378,3.7555724218877966,20926
73,tile_x58368_y27136_gray_matter_cell_0,2017-026_Iba1_Temporal_pole_Batch_8,tile_x58368_y27136_gray_matter,91.69891,31.788345,256.5543,164.3252,214,5,2,7,2,9,3.5,250,58.87005722522736,0.9064856986407768,1177,413.9482651948929,6001.0,362.30835723876953,0.1961339776703882,0.8752503336816485,0.0863165737529648,0.5744824780316652,942,395.9482651948929,12,107,108,9,214,3.7511108019339843,48328
74,tile_x15360_y36352_gray_matter_cell_1,2017-063_Iba1_Temporal_pole_Batch_6,tile_x15360_y36352_gray_matter,230.59619,247.26167,378.2868,449.5417,267,4,2,6,2,8,3.0,305,64.5269113779068,0.9205088064516632,980,418.57568180561066,9734.5,400.0424907207489,0.1006728645539062,0.9557232015846808,0.0702890952328881,0.7643834375178981,702,431.3036036491394,12,71,90,12,267,3.7468690445396486,52762
75,tile_x61952_y22528_gray_matter_cell_2,2014-048_Iba1_Temporal_pole_Batch_8,tile_x61952_y22528_gray_matter,402.87573,377.46332,463.39563,508.5722,128,4,1,2,0,2,0.0,307,66.87005722522736,0.8627497652395765,816,300.5929267406464,2663.0,251.36292684078217,0.3064213293278258,0.8362236915097467,0.1134860574779624,0.529637322345777,616,253.62236428260803,12,86,109,9,128,3.7417650349093643,9329
76,tile_x15872_y20480_gray_matter_cell_1,2017-026_Iba1_Temporal_pole_Batch_8,tile_x15872_y20480_gray_matter,342.15228,256.40063,428.59943,323.5995,115,4,4,7,3,10,2.333333333333333,346,67.5979790687561,0.9515213518368334,1027,267.4802289009094,2721.5,205.03114926815036,0.3773654234796987,0.7665282406502877,0.1803835523007013,0.8135392496181534,686,304.9360725879669,11,49,57,10,115,3.7336571523616446,43650
77,tile_x57344_y27648_gray_matter_cell_2,2016-020_Iba1_Temporal_pole_Batch_8,tile_x57344_y27648_gray_matter,3.1664124,244.8628,114.74722,338.49304,185,6,2,6,3,9,2.0,1091,202.46803629398343,0.3344426632402303,1250,440.3330411911011,5136.5,287.5309040546417,0.2433563710697946,0.6529850752895365,0.0810134873620589,0.780742995763572,970,415.50461411476135,7,17,99,8,185,3.7300781766667264,24009
78,tile_x75264_y17408_gray_matter_cell_1,2017-026_Iba1_Temporal_pole_Batch_8,tile_x75264_y17408_gray_matter,14.908573,146.90234,125.780975,253.12357,184,5,3,6,3,9,2.0,277,61.11269783973694,0.932023195015732,1099,402.71781718730927,4467.5,278.6243119239807,0.2459988808058198,0.6918599079374453,0.0851541597515483,0.7231633488520579,841,416.3746713399887,10,50,63,11,184,3.7023012673286466,50270
79,tile_x76288_y56832_gray_matter_cell_1,2016-020_Iba1_Temporal_pole_Batch_8,tile_x76288_y56832_gray_matter,275.86017,315.67743,381.17206,462.1966,97,1,2,3,1,4,3.0,472,86.32590091228485,0.7959203774596528,674,323.36247873306274,2887.0,251.50615310668945,0.233460339452719,0.777783972005945,0.0810010241570606,0.5735343303348802,387,258.2497808933258,17,19,55,5,97,3.6894419427641876,26978
80,tile_x37888_y15360_gray_matter_cell_0,2017-160_Iba1_Temporal_pole_Batch_6,tile_x37888_y15360_gray_matter,272.97473,111.952126,358.4168,190.98605,93,2,5,7,5,12,1.4,431,80.5269113779068,0.835228009861286,898,273.66399443149567,1912.0,195.1041648387909,0.4696652719665272,0.7129332641807576,0.1506783574584427,0.6311966299235978,529,271.1787132024765,13,13,63,8,93,3.6417462826719826,87583
81,tile_x58368_y11264_gray_matter_cell_4,2017-129_Iba1_Tp_B8_100,tile_x58368_y11264_gray_matter,17.82486,202.03561,138.51544,273.58197,117,1,5,5,4,9,1.25,602,90.6690467596054,0.9202127696323088,1222,301.76449966430664,2718.0,220.09264528751373,0.4495952906548933,0.7293523444021828,0.168633858050888,0.7050960081823693,620,301.76449966430664,13,23,49,9,117,3.6368476230534807,77635
82,tile_x56832_y38400_gray_matter_cell_4,2016-020_Iba1_Temporal_pole_Batch_8,tile_x56832_y38400_gray_matter,1.8584595,164.15039,97.52683,275.4524,133,2,4,6,4,10,1.5,664,95.35533845424652,0.917672927035376,1177,283.1787132024765,4355.0,260.993488907814,0.270264064293915,0.921656454880492,0.1844442492468608,0.8034126719003899,520,302.4924215078354,16,29,55,10,133,3.632995965302768,23931
83,tile_x9216_y35840_gray_matter_cell_0,2017-026_Iba1_Temporal_pole_Batch_8,tile_x9216_y35840_gray_matter,197.77007,74.294464,351.08868,295.88834,258,8,2,10,2,12,5.0,253,56.87005722522736,0.9830215863299312,950,377.5634891986847,7136.5,491.8439340591431,0.1331184754431444,1.3026787497461672,0.0837439588387476,0.3707152868397146,706,388.0487704277039,10,127,149,9,258,3.61607235850332,51969
84,tile_x64000_y19456_gray_matter_cell_4,2017-129_Iba1_Tp_B8_100,tile_x64000_y19456_gray_matter,297.5794,126.22189,422.19226,300.87103,254,5,3,8,3,11,2.6666666666666665,856,134.76955199241638,0.5922431678313326,1310,481.64674949646,9179.5,409.2600128650665,0.142709297892042,0.8497099031456757,0.0709616805763047,0.6887002855638504,676,374.3919162750244,10,36,119,12,254,3.6155809716822147,78356
85,tile_x4608_y14848_gray_matter_cell_1,2014-048_Iba1_Temporal_pole_Batch_8,tile_x4608_y14848_gray_matter,280.4992,372.77032,355.93903,434.023,91,3,2,5,1,6,5.0,414,85.35533845424652,0.7140832196070862,1159,257.62236428260803,2492.5,188.97970712184903,0.4649949849548646,0.7335531899495381,0.2194452459961803,0.8770304817840896,745,303.66399443149567,15,21,40,9,91,3.6144086538109153,6023
86,tile_x67584_y38400_gray_matter_cell_1,2017-063_Iba1_Temporal_pole_Batch_8,tile_x67584_y38400_gray_matter,176.63507,48.747406,261.82306,239.03854,127,3,2,4,3,7,1.3333333333333333,1488,268.99494767189026,0.2584190639985744,1432,405.4629839658737,6751.0,392.1253740787506,0.212116723448378,0.967105234227138,0.1094587432766111,0.5517318813125065,334,248.89444243907928,19,66,111,10,127,3.596039036539352,66987
87,tile_x6144_y20480_gray_matter_cell_2,2017-129_Iba1_Tp_B8_100,tile_x6144_y20480_gray_matter,172.98965,10.505592,290.19476,106.80919,260,6,3,9,3,12,3.0,242,56.28427076339722,0.9599555918974624,1153,556.8427076339722,6267.5,301.7984812259674,0.1839648982848025,0.5419815633544182,0.0467276669925659,0.8647092541959506,936,554.0142805576324,9,44,63,22,260,3.5922795003466184,78054
88,tile_x70144_y21504_gray_matter_cell_0,2017-063_Iba1_Temporal_pole_Batch_6,tile_x70144_y21504_gray_matter,48.494965,192.47519,194.82083,318.26755,288,5,6,9,6,15,1.5,998,170.2670258283615,0.4325928184470581,1913,775.3523740768433,9007.0,382.232828617096,0.2123903630509603,0.4929795037671656,0.039987715358092,0.7747008957296101,1207,635.8132700920105,15,35,88,14,288,3.559004442416616,60506
89,tile_x30208_y41984_gray_matter_cell_0,2014-048_Iba1_Temporal_pole_Batch_8,tile_x30208_y41984_gray_matter,367.8753,252.79736,439.52942,391.2622,108,1,3,4,3,7,1.3333333333333333,436,80.66904675960541,0.8419426368164035,1375,324.9777027368545,3305.0,278.47317945957184,0.416036308623298,0.8568993414451607,0.1636083382268751,0.5355679517652012,949,380.6761870384216,13,17,88,3,108,3.5578943933663982,2538
90,tile_x23552_y10752_gray_matter_cell_1,2017-014_Iba1_Temporal_pole_Batch_6,tile_x23552_y10752_gray_matter,71.01022,390.00452,203.12585,471.17847,236,5,5,11,2,13,5.5,729,111.49747383594512,0.7368979302422712,2091,475.2030984163284,6291.5,324.30884635448456,0.3323531749185409,0.6824636611909368,0.1163604439405373,0.751703330268779,1362,587.5289993286133,15,28,69,9,236,3.5346366091643566,33711
91,tile_x89088_y18432_gray_matter_cell_1,2014-048_Iba1_Temporal_pole_Batch_8,tile_x89088_y18432_gray_matter,213.22968,168.81226,309.393,305.7891,125,3,5,8,4,12,2.0,743,101.25483322143556,0.9106828383480752,1285,341.90663504600525,3389.0,271.5797300338745,0.379167896134553,0.7943096219742332,0.138133155873869,0.5774132271754219,548,396.7766922712326,15,17,87,6,125,3.5274720225745493,14718
92,tile_x36864_y37888_gray_matter_cell_2,2017-014_Iba1_Temporal_pole_Batch_6,tile_x36864_y37888_gray_matter,30.38298,49.72249,147.83603,158.90068,263,9,3,13,2,15,6.5,391,74.04163014888763,0.8962613688432713,1420,567.1858534812927,7704.0,343.5525529384613,0.1843198338525441,0.6057142483892938,0.0554686284994425,0.8202377968886988,1119,570.0142805576324,11,54,103,14,263,3.525798160139146,36277
93,tile_x57856_y31232_gray_matter_cell_0,2014-048_Iba1_Temporal_pole_Batch_8,tile_x57856_y31232_gray_matter,107.22084,237.23419,237.3217,378.86383,156,2,5,7,5,12,1.4,1398,158.22539567947388,0.7017212924916366,3335,504.2741661071777,7424.0,343.4221775531769,0.44921875,0.6810227464243853,0.1648057130142348,0.7910267167483558,1938,640.8427076339722,17,38,73,6,156,3.518559969137983,8395
94,tile_x65536_y38400_gray_matter_cell_0,2017-063_Iba1_Temporal_pole_Batch_8,tile_x65536_y38400_gray_matter,331.66913,159.90509,466.1327,302.87268,116,0,5,3,7,10,0.4285714285714285,1028,183.5391039848328,0.383482689241312,1338,474.0731556415558,5153.0,333.42811942100525,0.2596545701533087,0.7033263019708049,0.074812686294997,0.5824592686728648,556,344.534051656723,26,49,81,7,116,3.504253443900154,66770
95,tile_x13312_y19456_gray_matter_cell_1,2017-063_Iba1_Temporal_pole_Batch_6,tile_x13312_y19456_gray_matter,142.99005,384.4001,229.93115,488.16864,99,1,5,6,5,11,1.2,313,63.69848430156708,0.9693843512359478,516,181.4385987520218,2114.0,205.9731193780899,0.2440870387890255,1.135222167691012,0.19697005188021,0.6261721596733493,235,200.1665205955505,9,13,55,6,99,3.499996632523253,52372
96,tile_x94208_y3584_gray_matter_cell_3,2017-014_Iba1_Temporal_pole_Batch_6,tile_x94208_y3584_gray_matter,102.84659,395.26776,141.37926,434.8081,17,0,1,1,1,2,1.0,375,74.28427076339722,0.8539794167411859,358,96.56854152679443,575.5,91.6640350818634,0.6220677671589921,0.9492121723349192,0.4824158252578536,0.8607107946924398,67,61.11269783973694,10,24,25,3,17,3.498668210883856,42559
97,tile_x7168_y46080_gray_matter_cell_0,2017-160_Iba1_Temporal_pole_Batch_6,tile_x7168_y46080_gray_matter,297.5666,109.402794,483.963,225.59372,322,5,4,9,4,13,2.25,461,86.91168737411499,0.76692770344117,1444,587.5878744125366,12374.5,448.07739210128784,0.1166915834983231,0.7625708623570054,0.0525571016390017,0.7745179014048942,1049,571.1025931835175,11,139,148,15,322,3.48204617251207,92602
98,tile_x61952_y39424_gray_matter_cell_0,2017-160_Iba1_Temporal_pole_Batch_6,tile_x61952_y39424_gray_matter,277.3615,323.4834,321.9693,354.96393,15,1,2,2,1,3,2.0,634,95.25483322143556,0.878061792609734,611,117.5979790687561,665.0,99.23819136619568,0.9187969924812032,0.8438766733242414,0.555202428936287,0.8485429473303502,94,87.01219260692596,14,21,22,5,15,3.480276435669783,91050
99,tile_x83968_y24576_gray_matter_cell_1,2017-063_Iba1_Temporal_pole_Batch_6,tile_x83968_y24576_gray_matter,359.78098,2.9155273,436.0845,128.26758,156,3,3,3,4,7,0.75,325,65.94112491607666,0.9392485248595968,1047,363.9898953437805,4135.5,286.06972658634186,0.2531737395719985,0.7859276596570222,0.0993065491857223,0.6350297729736408,749,386.9604578018189,10,25,95,17,156,3.4754270246401595,62354
100,tile_x74752_y47104_gray_matter_cell_1,2017-129_Iba1_Tp_B8_100,tile_x74752_y47104_gray_matter,195.84659,325.12988,307.44363,461.41187,232,3,6,9,6,15,1.5,782,118.22539567947388,0.7030643302333884,1547,478.6173119544983,8485.5,353.0430269241333,0.1823110011195569,0.7376311263845315,0.0848639751869145,0.8555236621335242,783,541.3868639469147,15,23,94,8,232,3.4738409749346904,79701
101,tile_x14336_y11776_gray_matter_cell_1,2017-026_Iba1_Temporal_pole_Batch_8,tile_x14336_y11776_gray_matter,194.44601,242.56934,299.8717,354.39984,171,5,3,7,3,10,2.333333333333333,244,60.28427076339722,0.8437070280932821,774,352.29141104221344,5008.0,301.2850692272186,0.154552715654952,0.8552154829318761,0.0783694347753909,0.6932964308861977,605,328.04877042770386,11,15,102,5,171,3.464525478536155,43495
102,tile_x80384_y16384_gray_matter_cell_3,2017-014_Iba1_Temporal_pole_Batch_6,tile_x80384_y16384_gray_matter,22.110283,30.97496,127.49955,142.14789,125,1,7,8,7,15,1.1428571428571428,643,141.53910398483276,0.4033368971852433,843,400.19090580940247,3917.0,257.4409132003784,0.2152157263211641,0.6432952609947337,0.0661459119133324,0.7426912391586772,482,314.3502861261368,17,20,56,8,125,3.458739469868836,41164
103,tile_x62464_y40448_gray_matter_cell_3,2017-129_Iba1_Tp_B8_100,tile_x62464_y40448_gray_matter,316.06134,239.03082,377.14313,366.23212,86,0,1,1,1,2,1.0,399,76.76955199241638,0.850755464587299,1003,234.1665205955505,2190.0,261.78143978118896,0.4579908675799087,1.117928554070864,0.2298588296652829,0.401583883213761,604,306.9360725879669,16,56,103,2,86,3.4560699382850384,78213
104,tile_x17408_y46080_gray_matter_cell_1,2017-129_Iba1_Tp_B8_100,tile_x17408_y46080_gray_matter,119.013885,232.82417,302.85898,372.37396,268,6,2,8,2,10,4.0,407,94.6690467596054,0.5706742345287976,1271,587.1269783973694,10477.5,436.29591369628906,0.1213075638272488,0.7431031612398546,0.046333098179471,0.6916800389302605,920,566.8843377828598,19,43,101,20,268,3.4554131864290665,70816
105,tile_x74752_y30720_gray_matter_cell_1,2016-020_Iba1_Temporal_pole_Batch_8,tile_x74752_y30720_gray_matter,45.16381,109.479385,241.76141,209.09209,381,11,3,14,2,16,7.0,440,80.76955199241638,0.8475536384018616,1620,720.8254626989365,12599.0,454.5395265817642,0.1285816334629732,0.6305819509758487,0.0391800187712663,0.7663067117907697,1208,732.4823168516159,10,120,126,21,381,3.4552467347183264,26742
106,tile_x17408_y41472_gray_matter_cell_0,2017-063_Iba1_Temporal_pole_Batch_6,tile_x17408_y41472_gray_matter,405.78583,353.4143,488.05963,423.12634,74,1,3,4,3,7,1.3333333333333333,413,81.01219260692596,0.7907863105038246,785,245.0365778207779,2185.0,194.37436604499817,0.3592677345537757,0.7932463298894317,0.1642924794108141,0.7267471302119509,424,239.13708305358887,14,22,40,7,74,3.4534362089329265,53101
107,tile_x76800_y25088_gray_matter_cell_0,2017-063_Iba1_Temporal_pole_Batch_8,tile_x76800_y25088_gray_matter,48.80857,174.30411,209.017,240.72049,194,7,4,12,2,14,6.0,602,117.15432798862456,0.5511752158683221,1458,494.9604578018189,4668.5,324.9270738363266,0.3123058798329228,0.6564707719872579,0.074787045854694,0.5556680524358711,1086,476.2325359582901,10,23,123,8,194,3.4489882567114796,68202
108,tile_x24064_y49664_gray_matter_cell_7,2017-160_Iba1_Temporal_pole_Batch_6,tile_x24064_y49664_gray_matter,28.919476,16.523117,57.852703,98.632355,44,2,3,3,1,4,3.0,732,116.28427076339722,0.6802663640691888,761,249.9655101299286,1314.0,171.6516615152359,0.5791476407914764,0.6867013830268575,0.1530503551823747,0.5604142968162165,261,148.22539567947388,21,53,53,6,44,3.443867199256892,84501
109,tile_x57856_y40960_gray_matter_cell_2,2016-020_Iba1_Temporal_pole_Batch_8,tile_x57856_y40960_gray_matter,18.958618,172.79834,155.80084,332.71127,207,1,4,5,4,9,1.25,303,63.94112491607666,0.931305027510399,647,318.20815074443817,6660.0,349.83425426483154,0.0971471471471471,1.0993881000420795,0.0802955625860233,0.6838477624514134,447,264.6518018245697,10,12,106,5,207,3.4421889097657767,24106
110,tile_x40448_y35328_gray_matter_cell_0,2017-129_Iba1_Tp_B8_100,tile_x40448_y35328_gray_matter,284.05957,352.83328,393.01013,465.9147,95,0,2,2,2,4,1.0,1141,172.61017167568207,0.481241131722727,1844,379.64674949646,4735.0,286.7339833974838,0.3894403379091869,0.7552652137224672,0.1607723682130951,0.723721560838474,729,438.6173119544983,28,44,69,12,95,3.4409833387567077,75258
111,tile_x24064_y65024_gray_matter_cell_3,2017-129_Iba1_Tp_B8_100,tile_x24064_y65024_gray_matter,64.175064,125.87635,133.91437,267.68616,176,4,1,5,1,6,5.0,773,105.84061968326569,0.8671307953989994,1790,521.0437180995941,4271.5,294.9676797389984,0.419056537516095,0.5661092716266416,0.0828542072835855,0.6169378430810384,1038,602.2985513210297,16,41,111,7,176,3.440447665216118,72092
112,tile_x71168_y23040_gray_matter_cell_2,2016-020_Iba1_Temporal_pole_Batch_8,tile_x71168_y23040_gray_matter,135.5423,295.11804,212.78735,363.62225,91,0,3,2,4,6,0.5,303,62.87005722522736,0.9633071443195385,611,160.95331752300262,1928.5,174.27855217456818,0.3168265491314493,1.0827894376868696,0.2963815800142225,0.7978874250282992,317,185.68123936653137,9,14,48,11,91,3.4396663980603135,26181
113,tile_x59392_y73216_gray_matter_cell_0,2014-048_Iba1_Temporal_pole_Batch_8,tile_x59392_y73216_gray_matter,259.9561,329.51373,380.88022,434.9328,179,4,4,7,5,12,1.4,452,77.5979790687561,0.9432948800499134,1304,378.6761870384216,4042.0,269.3123582601547,0.3226125680356259,0.7111943329904435,0.114275061705398,0.7003152884909104,857,449.2030984163284,12,32,60,10,179,3.431913979622053,8818
114,tile_x48640_y18432_gray_matter_cell_0,2016-020_Iba1_Temporal_pole_Batch_8,tile_x48640_y18432_gray_matter,193.0896,90.46962,311.34033,225.81648,139,2,5,8,4,12,2.0,735,111.29646337032318,0.7456490602572753,935,325.0782079696655,7780.0,354.1140077114105,0.1201799485861182,1.0893194284633636,0.1111848874846388,0.7796563995175213,477,273.37972366809845,14,18,82,9,139,3.4086077678720774,22473
115,tile_x45056_y17408_gray_matter_cell_1,2016-020_Iba1_Temporal_pole_Batch_8,tile_x45056_y17408_gray_matter,2.0824966,112.960434,94.778404,207.28069,106,1,3,4,3,7,1.3333333333333333,420,77.35533845424652,0.8820202846666136,789,158.71067690849304,2895.0,212.8615815639496,0.2725388601036269,1.3411925757627383,0.3936176637741934,0.8029044460424339,372,190.5096664428711,11,52,56,21,106,3.4037949964822234,21732
116,tile_x36864_y15360_gray_matter_cell_1,2017-160_Iba1_Temporal_pole_Batch_6,tile_x36864_y15360_gray_matter,128.23483,285.54108,206.37564,445.26178,102,0,2,2,2,4,1.0,427,74.5269113779068,0.9660764441033208,985,265.82337474823,2626.0,263.55474078655243,0.3750952018278751,0.9914656340367876,0.1751700121052788,0.4750758132601553,558,330.1076455116272,12,21,86,3,102,3.388976530544933,87455
117,tile_x37376_y23040_gray_matter_cell_0,2018-001_Iba1_Temporal_pole_Batch_6,tile_x37376_y23040_gray_matter,237.28572,155.56654,282.00568,195.48457,2,0,1,0,2,2,0.0,618,103.63960921764374,0.7230141644505772,750,116.911687374115,799.5,108.41858077049255,0.9380863039399624,0.92735451181673,0.6895333403460995,0.8547141546127921,242,123.88224983215332,17,17,18,1,2,3.383324715299203,104337
118,tile_x55296_y24064_gray_matter_cell_3,2017-160_Iba1_Temporal_pole_Batch_6,tile_x55296_y24064_gray_matter,300.50446,113.17656,349.87628,192.4034,98,1,1,2,1,3,2.0,89,36.485281229019165,0.840164784954689,515,216.7939372062683,1743.0,186.56858599185944,0.2954675846242111,0.8605802745043972,0.137696476627476,0.6292601233815046,487,196.30865597724917,4,24,72,6,98,3.376137724004794,89972
119,tile_x44544_y78336_gray_matter_cell_1,2014-048_Iba1_Temporal_pole_Batch_8,tile_x44544_y78336_gray_matter,10.983917,94.39422,185.2641,247.51044,456,18,2,13,2,15,6.5,375,73.35533845424652,0.8757450299913008,3375,790.7665876150131,11911.5,451.2462911605835,0.2833396297695504,0.5706441043766938,0.0678245654228371,0.7351044101850841,3002,827.979790687561,15,47,102,19,456,3.375302043757653,5641
120,tile_x38400_y28160_gray_matter_cell_0,2016-020_Iba1_Temporal_pole_Batch_8,tile_x38400_y28160_gray_matter,4.358032,146.16211,196.40259,337.1501,350,5,4,10,3,13,3.333333333333333,640,93.35533845424652,0.9228083645521178,1455,506.5168067216873,18155.5,538.9600735902786,0.0801410041034397,1.064051708527843,0.0712664518125981,0.785425307183101,831,551.4873691797256,16,69,131,13,350,3.3738591091945644,20460
121,tile_x24576_y49152_gray_matter_cell_0,2018-001_Iba1_Temporal_pole_Batch_6,tile_x24576_y49152_gray_matter,306.95892,389.6053,414.99963,487.18793,121,1,4,4,2,6,2.0,888,164.89444243907928,0.410403251332298,1416,354.7766922712326,5338.0,293.4035277366638,0.2652678905957287,0.8270090288579386,0.1413718550606599,0.7792158374240798,569,318.29141104221344,11,34,80,8,121,3.372526605213924,98437
122,tile_x14336_y59392_gray_matter_cell_2,2018-001_Iba1_Temporal_pole_Batch_6,tile_x14336_y59392_gray_matter,170.58673,418.836,198.37115,446.09064,0,0,0,0,0,0,0.0,629,96.87005722522736,0.8423283093105484,384,73.35533845424652,377.5,70.45382952690125,1.0172185430463576,0.9604458381832016,0.896762910711092,0.955691253921841,0,0.0,0,0,0,0,0,3.367554877252013,94912
123,tile_x56320_y24576_gray_matter_cell_0,2017-026_Iba1_Temporal_pole_Batch_8,tile_x56320_y24576_gray_matter,123.232086,234.21793,242.34235,354.5981,186,2,6,8,5,13,1.6,681,150.71067690849304,0.3767635974632951,1288,537.9726504087448,6346.5,313.970587849617,0.2029465059481604,0.5836181218711883,0.0559249149293747,0.8090329619337224,766,454.03152549266815,10,33,78,12,186,3.3646226819047103,48003
124,tile_x6656_y39424_gray_matter_cell_2,2017-014_Iba1_Temporal_pole_Batch_6,tile_x6656_y39424_gray_matter,6.272476,371.46515,136.41336,467.57428,125,3,2,5,3,8,1.6666666666666667,452,78.18376553058624,0.9292126899022491,791,219.9655101299286,2478.5,261.2476080656052,0.3191446439378656,1.1876753219688494,0.2054362917112628,0.4563458880469315,370,238.20815074443817,12,18,69,10,125,3.3641280304042933,39676
125,tile_x40448_y20480_gray_matter_cell_1,2017-160_Iba1_Temporal_pole_Batch_6,tile_x40448_y20480_gray_matter,114.372665,450.78925,176.65431,503.21228,36,0,2,1,3,4,0.3333333333333333,847,118.1248904466629,0.7627995652968657,1273,172.16652059555054,1617.5,155.77622866630554,0.7870170015455951,0.9047997724961366,0.5396856398312665,0.8376291498980584,433,230.9360725879669,14,21,34,5,36,3.3563563005843857,87918
126,tile_x15360_y17920_gray_matter_cell_0,2017-063_Iba1_Temporal_pole_Batch_6,tile_x15360_y17920_gray_matter,301.05667,41.823807,379.94907,140.57135,162,7,1,5,0,5,0.0,240,59.55634891986847,0.8502858943020126,665,239.0365778207779,2649.5,210.9843782186508,0.2509907529722589,0.8826447405753954,0.146252326783223,0.747951069083273,665,239.0365778207779,13,70,91,18,162,3.345258987607074,52726
127,tile_x20480_y35840_gray_matter_cell_0,2017-026_Iba1_Temporal_pole_Batch_8,tile_x20480_y35840_gray_matter,31.833862,202.02928,130.6146,385.7119,227,6,2,7,2,9,3.5,654,125.63960921764374,0.5206363163364496,1259,475.0609630346298,6424.5,334.3796460628509,0.1959685578644252,0.7038668130651606,0.0701030485677216,0.7220537535578718,1052,418.4335464239121,10,75,102,9,227,3.3370640602544257,44002
128,tile_x10240_y28160_gray_matter_cell_2,2018-001_Iba1_Temporal_pole_Batch_6,tile_x10240_y28160_gray_matter,212.40475,462.23956,256.35544,509.34222,33,2,4,4,1,5,4.0,444,86.66904675960541,0.7427878551282259,479,159.29646337032318,831.5,118.5268440246582,0.5760673481659652,0.7440645041134019,0.2372100634305713,0.7437700325630449,140,94.42640614509584,9,19,25,6,33,3.331042514406583,93572
129,tile_x16896_y51712_gray_matter_cell_1,2014-048_Iba1_Temporal_pole_Batch_8,tile_x16896_y51712_gray_matter,377.15607,407.18335,423.081,451.32373,43,1,1,2,1,3,2.0,361,69.94112491607666,0.9273674314739712,1003,126.46803629398346,1018.5,115.60106229782104,0.9847815414825724,0.9140733554927556,0.7880417860788063,0.957739164834782,642,186.1665205955505,9,19,21,9,43,3.330323288049104,577
130,tile_x70656_y43008_gray_matter_cell_3,2017-026_Iba1_Temporal_pole_Batch_8,tile_x70656_y43008_gray_matter,244.16113,343.0495,425.71674,461.92523,240,3,3,6,3,9,2.0,303,63.11269783973694,0.9559143965356456,1122,433.9898953437805,8007.5,366.37155532836914,0.1401186387761473,0.8441937456588748,0.0748589075861043,0.7496582331482187,819,488.2741661071777,10,35,85,18,240,3.328944101395723,49755
131,tile_x82432_y38400_gray_matter_cell_0,2016-020_Iba1_Temporal_pole_Batch_8,tile_x82432_y38400_gray_matter,162.35202,285.33185,288.3781,466.94733,269,3,1,5,0,5,0.0,683,99.21320307254793,0.8719500879441346,373,230.1665205955505,9016.5,423.92183816432953,0.0413686020074308,1.8418049552447573,0.0884778153427829,0.6304871966426882,373,230.1665205955505,34,43,119,16,269,3.3213855960090757,27975
132,tile_x13312_y55808_gray_matter_cell_3,2018-001_Iba1_Temporal_pole_Batch_6,tile_x13312_y55808_gray_matter,325.52332,69.16276,503.60083,116.44384,62,1,3,3,2,5,1.5,1371,231.2964633703232,0.3220396413431096,2185,365.1787132024765,3994.5,321.9131554365158,0.5470021279258981,0.8815222349995747,0.2058971795007394,0.484389632539164,818,549.7472547292709,24,84,85,6,62,3.32105101122149,94469
133,tile_x65024_y39936_gray_matter_cell_0,2014-048_Iba1_Temporal_pole_Batch_8,tile_x65024_y39936_gray_matter,112.057335,126.687096,287.37405,293.32883,170,6,2,6,2,8,3.0,431,80.42640614509583,0.8373168073247917,2043,446.2741661071777,3894.5,352.05058228969574,0.5245859545512903,0.7888661478225626,0.1289064761097104,0.3948675437513376,1612,446.2741661071777,15,23,90,11,170,3.316569614169367,10118
134,tile_x44544_y65024_gray_matter_cell_2,2017-160_Iba1_Temporal_pole_Batch_6,tile_x44544_y65024_gray_matter,340.4074,416.6936,386.42523,487.96033,29,0,2,1,1,2,1.0,663,97.39696860313416,0.8782790275250626,730,109.15432798862456,1081.0,141.5852917432785,0.6753006475485661,1.2971111118748648,0.7699292227928496,0.6776403809203679,84,115.29646337032318,15,15,44,1,29,3.311574676445971,88573
135,tile_x61952_y54272_gray_matter_cell_1,2017-063_Iba1_Temporal_pole_Batch_6,tile_x61952_y54272_gray_matter,397.66193,63.706146,448.39905,133.10474,9,0,3,3,3,6,1.0,690,144.02438521385193,0.4180102147965146,955,192.1665205955505,1465.5,158.52994561195374,0.65165472534971,0.8249613154291787,0.3249808588032137,0.7327790855906359,297,217.722869515419,26,29,33,2,9,3.3088701578906896,59362
136,tile_x63488_y57344_gray_matter_cell_0,2016-020_Iba1_Temporal_pole_Batch_8,tile_x63488_y57344_gray_matter,73.532616,189.07109,249.45694,332.6916,177,2,7,9,6,15,1.5,1478,195.4385987520218,0.4862544823207524,2621,505.546244263649,6596.5,343.49103307724,0.3973319184415978,0.6794453266635384,0.1288709732268575,0.7025748873871068,1162,561.9310202598572,16,56,75,7,177,3.30780462834048,25075
137,tile_x46592_y43520_gray_matter_cell_0,2017-063_Iba1_Temporal_pole_Batch_8,tile_x46592_y43520_gray_matter,386.55847,166.7508,449.0296,293.7891,130,0,4,4,4,8,1.0,225,53.69848430156708,0.9805468012446616,865,325.76449966430664,3328.0,259.8716104030609,0.2599158653846153,0.7977284531336382,0.1024279453916854,0.6192635330521925,641,361.8061298131943,8,92,93,10,130,3.2962150417405347,64998
138,tile_x64512_y27648_gray_matter_cell_1,2017-063_Iba1_Temporal_pole_Batch_8,tile_x64512_y27648_gray_matter,51.023758,160.8706,125.59735,234.0698,123,5,5,11,5,16,2.2,552,115.25483322143556,0.5221925222945927,1012,372.9188276529312,2281.0,191.2570060491562,0.4436650591845681,0.5128649772200711,0.0914453772742226,0.7836108546752036,582,285.0782079696655,9,25,45,9,123,3.2928982215033678,66655
139,tile_x35840_y20480_gray_matter_cell_1,2016-020_Iba1_Temporal_pole_Batch_8,tile_x35840_y20480_gray_matter,196.16351,71.15418,309.58807,269.60858,323,5,2,7,2,9,3.5,725,110.81118214130402,0.7419603452340272,1122,579.0020879507065,10448.0,423.98308086395264,0.1073889739663093,0.7322652019521708,0.0420574038997713,0.730375127791513,871,531.445739030838,15,56,147,19,323,3.274848605864089,19941
140,tile_x30720_y8704_gray_matter_cell_3,2018-001_Iba1_Temporal_pole_Batch_6,tile_x30720_y8704_gray_matter,255.9151,123.16074,339.34332,193.95694,93,3,2,5,2,7,2.5,260,61.89949476718903,0.8527250152307213,1333,270.1076455116272,2009.0,209.1162918806076,0.6635141861622698,0.774196122751386,0.2295970263403751,0.5773166226091204,1146,273.76449966430664,8,23,84,4,93,3.2711619920685684,101616
141,tile_x52736_y15360_gray_matter_cell_1,2017-129_Iba1_Tp_B8_100,tile_x52736_y15360_gray_matter,195.46127,82.47797,322.0817,210.4682,191,3,4,7,4,11,1.75,283,60.28427076339722,0.978561839960651,1498,477.34523379802704,6221.0,318.1612215042114,0.2407972994695386,0.6665222547059743,0.0826145413690567,0.772281399034137,1215,533.0437180995941,10,12,91,6,191,3.2653095231328586,76964
142,tile_x40448_y62464_gray_matter_cell_0,2017-160_Iba1_Temporal_pole_Batch_6,tile_x40448_y62464_gray_matter,166.98813,125.12335,302.8999,272.19302,245,5,4,9,4,13,2.25,880,118.36753106117249,0.7892732027967123,2373,528.6589421033859,8808.0,361.57420206069946,0.2694141689373297,0.6839460628852638,0.1066980388775197,0.8466273558138679,1493,528.6589421033859,20,54,70,16,245,3.2647335654976293,87966
143,tile_x68096_y39424_gray_matter_cell_0,2017-160_Iba1_Temporal_pole_Batch_6,tile_x68096_y39424_gray_matter,369.0243,68.995026,425.3512,151.30737,101,5,3,4,3,7,1.3333333333333333,407,79.01219260692596,0.8192492373649455,1228,237.0365778207779,1876.5,181.84921002388,0.6544098054889422,0.7671778410561396,0.2746486659798398,0.7130756315516695,858,272.83556735515594,13,20,44,7,101,3.261688945212588,91972
144,tile_x48640_y60416_gray_matter_cell_0,2016-020_Iba1_Temporal_pole_Batch_8,tile_x48640_y60416_gray_matter,89.459236,294.06366,228.2312,424.71448,189,3,1,5,0,5,0.0,72,31.071067690849304,0.9371950934115664,920,315.1787132024765,5656.5,312.87986874580383,0.1626447449836471,0.9927062191690724,0.1163814959432176,0.7261099934150401,920,315.1787132024765,65,75,118,15,189,3.2528377503612314,22520
145,tile_x76288_y51712_gray_matter_cell_0,2017-063_Iba1_Temporal_pole_Batch_8,tile_x76288_y51712_gray_matter,88.009926,258.01086,204.73141,412.9549,237,6,3,8,2,10,4.0,399,76.42640614509583,0.8584122050495006,1360,354.2497808933258,5687.5,344.3944396972656,0.2391208791208791,0.972179683015731,0.1361850992878503,0.6025859640807593,961,421.8477599620819,9,50,109,14,237,3.250622671587925,68150
146,tile_x16896_y6144_gray_matter_cell_3,2016-020_Iba1_Temporal_pole_Batch_8,tile_x16896_y6144_gray_matter,190.31198,386.94537,281.27106,459.86444,180,2,2,4,2,6,2.0,110,40.72792184352875,0.8333319786108829,946,388.6761870384216,3645.0,239.4116907119751,0.2595336076817558,0.6159669634926943,0.0786910124844325,0.7991286285771152,902,375.8477599620819,6,57,72,16,180,3.2387459065458546,16429
147,tile_x35328_y21504_gray_matter_cell_4,2018-001_Iba1_Temporal_pole_Batch_6,tile_x35328_y21504_gray_matter,237.57037,161.13924,272.49225,203.63026,9,0,3,1,1,2,1.0,404,82.42640614509583,0.7472372264236842,400,103.39696860313416,454.5,93.29774403572084,0.8800880088008801,0.902325718985274,0.4701692725092141,0.6561474820079692,66,46.62741661071777,10,18,21,2,9,3.238165683538221,103504
148,tile_x74752_y23040_gray_matter_cell_0,2014-048_Iba1_Temporal_pole_Batch_8,tile_x74752_y23040_gray_matter,230.02637,230.09186,341.24182,345.4295,195,5,4,9,4,13,2.25,310,65.01219260692596,0.9216837512034664,1460,457.24472856521606,4684.0,284.3759330511093,0.3116994022203245,0.6219337595065336,0.0877536733815622,0.7278486361130118,1150,510.357426404953,11,19,89,11,195,3.2282383669940184,12318
149,tile_x30208_y8192_gray_matter_cell_0,2017-063_Iba1_Temporal_pole_Batch_8,tile_x30208_y8192_gray_matter,226.98135,74.63593,355.67056,308.67767,326,7,4,10,3,13,3.333333333333333,417,78.18376553058624,0.8572603798434467,2259,628.7005722522736,10294.0,454.8602874279022,0.2194482222653973,0.7234927205464419,0.0718188395715457,0.6252273751166365,1842,690.6416971683502,10,52,122,12,326,3.2199733098217647,64062
150,tile_x63488_y53248_gray_matter_cell_0,2014-048_Iba1_Temporal_pole_Batch_8,tile_x63488_y53248_gray_matter,28.122162,297.20798,117.01482,404.33487,27,0,3,2,2,4,1.0,1243,235.52185904979703,0.2815908581146569,1358,319.1198381185532,2458.5,255.11963772773743,0.5523693308928208,0.7994477536459528,0.1675722218274448,0.4746705609014332,331,248.9360725879669,17,19,67,5,27,3.2196873573250557,9794
151,tile_x26624_y21504_gray_matter_cell_0,2017-063_Iba1_Temporal_pole_Batch_8,tile_x26624_y21504_gray_matter,378.27295,196.59634,480.10986,294.8355,168,3,5,8,5,13,1.6,383,71.35533845424652,0.9452696129961172,1069,332.73506212234497,3877.0,250.91003370285037,0.2757286561774568,0.7540835405274844,0.1213362125906761,0.7738728447214336,686,383.0193328857422,11,16,65,6,168,3.2117779304086773,63703
152,tile_x6656_y31232_gray_matter_cell_2,2017-160_Iba1_Temporal_pole_Batch_6,tile_x6656_y31232_gray_matter,37.774464,207.69559,106.253525,283.70248,36,2,6,7,6,13,1.1666666666666667,1387,236.3502861261368,0.312013985018521,1447,342.534051656723,2238.0,198.48031067848208,0.6465594280607685,0.5794469475910466,0.1549782997137234,0.7138962227458426,326,206.6518018245697,13,18,45,5,36,3.2092335235408123,91734
153,tile_x34304_y17920_gray_matter_cell_4,2016-020_Iba1_Temporal_pole_Batch_8,tile_x34304_y17920_gray_matter,158.04947,132.6842,209.91782,170.43152,25,0,2,1,1,2,1.0,292,61.11269783973694,0.9824937651429376,803,139.88224983215332,928.0,113.3322582244873,0.865301724137931,0.8101975651698216,0.5157036339844869,0.9079266318891696,511,139.88224983215332,10,25,26,4,25,3.2023672873480615,19702
154,tile_x47104_y47104_gray_matter_cell_0,2017-129_Iba1_Tp_B8_100,tile_x47104_y47104_gray_matter,363.50244,286.49756,434.8949,354.57922,64,0,1,1,1,2,1.0,630,96.28427076339722,0.853964313966388,735,218.99494767189023,1994.5,188.31100833415985,0.3685134118826774,0.859887455560378,0.1925879063866962,0.7067934024660757,272,173.1959581375122,15,68,68,4,64,3.196623599962771,76318
155,tile_x49152_y71168_gray_matter_cell_1,2014-048_Iba1_Temporal_pole_Batch_8,tile_x49152_y71168_gray_matter,88.2298,357.107,123.20386,385.20197,0,0,0,0,0,0,0.0,635,95.69848430156708,0.871311549139058,477,82.18376553058624,463.5,77.52467095851898,1.029126213592233,0.9433088208846636,0.8874750878989159,0.9691248712207272,34,34.14213538169861,0,0,0,0,0,3.195157682768854,6652
156,tile_x13312_y34816_gray_matter_cell_0,2017-026_Iba1_Temporal_pole_Batch_8,tile_x13312_y34816_gray_matter,164.4346,312.49976,223.51926,447.47705,100,1,6,7,6,13,1.1666666666666667,779,124.56854152679443,0.6308564712371363,1357,330.73506212234497,2431.5,229.7605632543564,0.5580917129344026,0.6946967212365399,0.1558939407641105,0.5788061852890193,696,280.1076455116272,8,22,71,7,100,3.1942473845242803,43432
157,tile_x69120_y11776_gray_matter_cell_0,2017-014_Iba1_Temporal_pole_Batch_6,tile_x69120_y11776_gray_matter,39.31273,143.07758,184.36894,291.81396,191,2,4,6,4,10,1.5,767,111.49747383594512,0.7753096193358328,1583,434.8183224201202,6953.0,338.7677192687988,0.22767150870128,0.7791017576795727,0.1052143815124958,0.7613389570811046,855,469.3036036491394,16,53,83,10,191,3.1822200223502346,39930
158,tile_x7680_y23552_gray_matter_cell_0,2017-026_Iba1_Temporal_pole_Batch_8,tile_x7680_y23552_gray_matter,174.59222,227.1499,229.6366,310.16168,85,1,2,2,3,5,0.6666666666666666,354,69.69848430156708,0.9157279255905983,914,188.95331752300265,1910.0,181.6463187932968,0.4785340314136125,0.9613290794493922,0.3216970045123016,0.727428026010894,561,248.6518018245697,12,23,44,7,85,3.1804562142507535,50528
159,tile_x38912_y48640_gray_matter_cell_0,2016-032_Iba1_Temporal_pole_Batch_8,tile_x38912_y48640_gray_matter,91.73242,234.59589,213.01904,322.88763,166,5,5,10,6,16,1.6666666666666667,259,56.87005722522736,1.006334351223131,728,312.4924215078354,3546.0,255.4929360151291,0.2053017484489565,0.8175972229416862,0.093683318152251,0.6826385358853577,490,306.2497808933258,9,41,55,7,166,3.166907023596711,29345
160,tile_x23552_y42496_gray_matter_cell_0,2018-001_Iba1_Temporal_pole_Batch_6,tile_x23552_y42496_gray_matter,299.34833,178.46204,341.107,222.06488,24,1,1,2,1,3,2.0,485,81.84061968326569,0.9099421534788048,700,137.53910398483276,819.0,108.30790400505066,0.8547008547008547,0.7874698966847595,0.4650027513313565,0.8773511770132767,298,162.2670258283615,13,23,26,6,24,3.1667795944590567,97925
161,tile_x9728_y7168_gray_matter_cell_0,2017-014_Iba1_Temporal_pole_Batch_6,tile_x9728_y7168_gray_matter,7.0564117,132.47104,196.9666,346.755,436,7,6,13,6,19,2.1666666666666665,386,75.35533845424652,0.8542187877875591,2035,859.6366448402405,19090.0,540.5661866664886,0.1066003143006809,0.6288310182111309,0.0346054448709061,0.8209525188544411,1676,900.0214208364487,11,99,118,17,436,3.1459166818968822,42893
162,tile_x32768_y25088_gray_matter_cell_3,2018-001_Iba1_Temporal_pole_Batch_6,tile_x32768_y25088_gray_matter,228.7963,128.41449,318.58438,236.04367,166,1,3,4,3,7,1.3333333333333333,240,56.28427076339722,0.9520220746090536,831,353.9482651948929,4270.0,263.4670761823654,0.1946135831381733,0.7443660616256835,0.0833549339440098,0.7730098630684504,626,382.3330411911011,8,49,70,9,166,3.140205542086977,102469
163,tile_x26624_y53760_gray_matter_cell_3,2018-001_Iba1_Temporal_pole_Batch_6,tile_x26624_y53760_gray_matter,206.5971,424.8391,300.69598,485.318,66,2,3,5,3,8,1.6666666666666667,616,109.39696860313416,0.6468148773239223,1018,292.9777027368545,2207.0,205.2517912387848,0.4612596284549162,0.7005713722287493,0.1490350794174772,0.6583218736518803,505,247.27921843528748,15,25,62,4,66,3.135410098875494,99493
164,tile_x5120_y14848_gray_matter_cell_0,2016-020_Iba1_Temporal_pole_Batch_8,tile_x5120_y14848_gray_matter,18.648788,387.4179,151.13347,510.36322,132,2,3,4,2,6,2.0,719,115.9827550649643,0.6716637545386618,1585,385.50461411476135,5190.0,302.1685755252838,0.3053949903660886,0.7838260930265568,0.1340231958141162,0.714296673128085,869,451.546244263649,24,53,88,9,132,3.135345042026077,22944
165,tile_x30208_y38912_gray_matter_cell_1,2017-063_Iba1_Temporal_pole_Batch_6,tile_x30208_y38912_gray_matter,396.56726,132.62096,443.41162,171.09941,15,0,1,1,1,2,1.0,530,91.49747383594512,0.7955500843630434,548,118.911687374115,644.5,102.38859391212463,0.8502715283165244,0.8610473551686632,0.487013879905267,0.7725553917112072,94,90.76955199241638,18,22,29,2,15,3.1330514721908216,54894
166,tile_x44544_y35840_gray_matter_cell_2,2017-026_Iba1_Temporal_pole_Batch_8,tile_x44544_y35840_gray_matter,299.33862,96.079315,335.98602,130.33173,0,0,0,0,0,0,0.0,540,93.11269783973694,0.7826828247927619,639,97.5979790687561,628.0,91.87646317481996,1.017515923566879,0.9413766970532716,0.8430029070426792,0.9348909824518232,169,112.08326029777528,0,0,0,0,0,3.132156470313118,46374
167,tile_x28160_y37376_gray_matter_cell_2,2017-063_Iba1_Temporal_pole_Batch_8,tile_x28160_y37376_gray_matter,176.3829,159.73618,254.46451,237.56982,71,2,3,5,3,8,1.6666666666666667,315,65.94112491607666,0.9103485702485324,958,235.13708305358887,1612.0,184.23665642738345,0.5942928039702233,0.7835287145473137,0.2177374439736761,0.596791755426776,643,292.2497808933258,10,59,63,5,71,3.1294300812213245,63892
168,tile_x11776_y5120_gray_matter_cell_0,2017-063_Iba1_Temporal_pole_Batch_6,tile_x11776_y5120_gray_matter,74.62326,47.312317,200.14389,154.16206,105,1,4,5,4,9,1.25,314,64.28427076339722,0.9548388230186852,720,220.99494767189023,2517.0,199.50487577915192,0.2860548271752086,0.9027576326104771,0.1852582982185557,0.7946685973240615,406,261.9655101299286,10,38,54,8,105,3.1283397585670993,52216
169,tile_x15872_y36864_gray_matter_cell_0,2017-063_Iba1_Temporal_pole_Batch_8,tile_x15872_y36864_gray_matter,19.099537,13.932388,121.83067,159.02895,148,5,3,9,2,11,4.5,754,135.88224983215332,0.5131634922101679,763,320.69343197345734,4532.5,274.73523938655853,0.1683397683397683,0.856691194752306,0.0932296966779161,0.7546037163875009,399,263.4802289009094,18,31,63,7,148,3.1253481109882126,62965
170,tile_x43008_y32256_gray_matter_cell_1,2017-014_Iba1_Temporal_pole_Batch_6,tile_x43008_y32256_gray_matter,119.17664,270.45367,190.07233,378.7461,186,9,3,11,1,12,11.0,219,53.455843687057495,0.9630827455103292,794,370.0487704277039,3027.5,225.66565001010892,0.262262592898431,0.6098267797222612,0.0728639037816962,0.7470731035237155,638,333.0782079696655,8,39,81,11,186,3.1167020863718125,37466
171,tile_x40448_y61952_gray_matter_cell_0,2014-048_Iba1_Temporal_pole_Batch_8,tile_x40448_y61952_gray_matter,235.70406,57.32724,360.84894,199.2182,172,4,4,7,5,12,1.4,314,65.94112491607666,0.907458574787426,1377,352.73506212234497,5225.0,287.2861086130142,0.2635406698564593,0.8144529406418067,0.1390741909885315,0.7955489473331052,1071,358.9777027368545,9,34,60,9,172,3.1153911230182234,4705
172,tile_x24576_y54272_gray_matter_cell_0,2017-160_Iba1_Temporal_pole_Batch_6,tile_x24576_y54272_gray_matter,303.19385,281.90582,374.56323,333.2104,81,4,3,7,2,9,3.5,336,73.69848430156708,0.777377612058303,1013,262.5929267406464,2175.0,180.3726261854172,0.4657471264367816,0.6868906501947205,0.184609166743108,0.8400939714396298,693,270.83556735515594,13,22,38,12,81,3.113498513218942,84643
173,tile_x52224_y15360_gray_matter_cell_4,2014-048_Iba1_Temporal_pole_Batch_8,tile_x52224_y15360_gray_matter,258.19684,126.89826,306.63312,180.9151,46,0,4,4,4,8,1.0,596,111.9827550649643,0.5972467946868056,740,188.85281229019165,1717.5,162.9462822675705,0.4308588064046579,0.8628215820116403,0.2607322009915343,0.8128636394667251,225,150.95331752300262,11,11,36,4,46,3.09658419280002,7251
174,tile_x51200_y65536_gray_matter_cell_0,2017-160_Iba1_Temporal_pole_Batch_6,tile_x51200_y65536_gray_matter,328.66232,434.59433,432.72556,509.8287,132,2,1,3,1,4,3.0,387,73.11269783973694,0.9097775376681804,930,297.8650048971176,3978.5,250.2492617368698,0.2337564408696745,0.8401432112621143,0.131720644672978,0.7983321449471859,543,339.66399443149567,13,17,85,4,132,3.0949844478248574,89349
175,tile_x5632_y48128_gray_matter_cell_1,2017-063_Iba1_Temporal_pole_Batch_8,tile_x5632_y48128_gray_matter,297.69452,289.841,395.36542,398.11078,105,0,2,2,2,4,1.0,297,62.28427076339722,0.9620763643513708,602,210.5096664428711,2647.5,228.3790729045868,0.2273843248347497,1.0848863938823692,0.170711299798367,0.6378715340497498,311,232.1665205955505,10,79,80,8,105,3.0924102333706034,65839
176,tile_x36864_y38912_gray_matter_cell_3,2017-160_Iba1_Temporal_pole_Batch_6,tile_x36864_y38912_gray_matter,72.60185,363.95502,103.28447,391.66498,0,0,0,0,0,0,0.0,449,82.38477599620819,0.8313086024370012,424,75.94112491607666,402.5,73.14584589004517,1.053416149068323,0.9631914982939668,0.9238929827057488,0.9453582431678772,48,58.62741661071777,0,0,0,0,0,3.0913545590126845,87488
177,tile_x78336_y71168_gray_matter_cell_1,2014-048_Iba1_Temporal_pole_Batch_8,tile_x78336_y71168_gray_matter,453.3487,29.875927,503.09406,62.846424,14,0,2,3,1,4,3.0,484,80.42640614509583,0.9402815191303926,777,112.56854152679443,777.0,105.50655484199524,1.0,0.9372650068214816,0.7705428666367027,0.8771462252494742,293,162.85281229019165,14,17,20,4,14,3.0904980829054787,13280
178,tile_x72704_y41472_gray_matter_cell_3,2017-160_Iba1_Temporal_pole_Batch_6,tile_x72704_y41472_gray_matter,312.70898,144.4223,372.32257,235.19592,72,1,5,4,3,7,1.3333333333333333,517,103.15432798862456,0.6105559934941241,691,268.3502861261368,2451.5,204.5101935863495,0.2818682439322864,0.7621016416215798,0.1205823618149788,0.7365662952622987,329,194.6518018245697,11,45,50,4,72,3.0808836049376693,92732
179,tile_x46080_y27136_gray_matter_cell_0,2017-026_Iba1_Temporal_pole_Batch_8,tile_x46080_y27136_gray_matter,177.7619,76.42832,289.99335,237.1724,328,11,4,16,5,21,3.2,617,111.74011445045473,0.6209788437279788,2878,633.3279888629913,7933.5,361.4374349117279,0.3627654881199975,0.5706955025951302,0.0901661011569423,0.7631473969692046,2275,633.3279888629913,11,46,81,13,328,3.0728392902729644,46593
180,tile_x86528_y17408_gray_matter_cell_0,2014-048_Iba1_Temporal_pole_Batch_8,tile_x86528_y17408_gray_matter,58.115726,291.36328,164.57162,363.57263,110,3,2,5,2,7,2.5,309,71.11269783973694,0.7678458359590152,1293,287.66399443149567,2468.0,218.9293856620789,0.5239059967585089,0.7610593953363695,0.1963529251747236,0.6470635001041848,1046,301.22034335136414,11,17,51,8,110,3.065406932183213,14474
181,tile_x17408_y28160_gray_matter_cell_1,2017-014_Iba1_Temporal_pole_Batch_6,tile_x17408_y28160_gray_matter,16.4716,321.55377,127.423416,417.66425,216,7,5,10,6,16,1.6666666666666667,598,125.53910398483276,0.4768183919609209,1455,532.3157962560654,5603.0,283.5083237886429,0.2596823130465822,0.5325942340667718,0.0645259117139009,0.8759894140364852,955,528.558436870575,10,27,60,17,216,3.0630741508164685,32991
182,tile_x26624_y63488_gray_matter_cell_2,2017-129_Iba1_Tp_B8_100,tile_x26624_y63488_gray_matter,308.2401,291.0356,401.4402,395.70712,180,4,4,8,4,12,2.0,346,68.5269113779068,0.925899068231386,941,382.73506212234497,3523.0,253.5372309684753,0.2671019017882486,0.6624353398995092,0.0807240584995819,0.6887141748288262,640,378.3919162750244,10,40,66,10,180,3.061802501651128,72634
183,tile_x69632_y33280_gray_matter_cell_1,2017-063_Iba1_Temporal_pole_Batch_8,tile_x69632_y33280_gray_matter,118.36029,238.91785,202.47629,360.16315,122,3,4,5,4,9,1.25,432,77.01219260692596,0.915323545552457,1452,299.5634891986847,2583.0,228.6509301662445,0.562137049941928,0.7632803676371668,0.2033287166452696,0.6208523442315873,1020,299.5634891986847,13,38,62,7,122,3.058828730007576,67175
184,tile_x11264_y6656_gray_matter_cell_0,2017-026_Iba1_Temporal_pole_Batch_8,tile_x11264_y6656_gray_matter,178.04593,400.15607,221.84705,433.91583,2,0,1,0,2,2,0.0,413,78.32590091228485,0.8459586157911593,731,109.15432798862456,725.5,103.86312592029572,1.007580978635424,0.9515254945376028,0.7709839203583192,0.8451319148874413,318,188.30865597724917,15,15,16,1,2,3.0459722713000166,43224
185,tile_x59392_y43520_gray_matter_cell_1,2017-129_Iba1_Tp_B8_100,tile_x59392_y43520_gray_matter,217.36438,158.25943,362.35724,328.49704,305,6,4,9,5,14,1.8,344,67.11269783973694,0.9597517488494518,1283,585.4284940958023,8423.5,353.2557189464569,0.1523119843295542,0.6034139480895313,0.0470423281463155,0.8482503377855743,948,588.0142805576324,10,22,83,9,305,3.0405655568607415,77827
186,tile_x82944_y28160_gray_matter_cell_0,2017-129_Iba1_Tp_B8_100,tile_x82944_y28160_gray_matter,224.85176,86.1767,314.0628,220.08472,169,2,6,8,6,14,1.3333333333333333,596,93.01219260692596,0.8657178241453308,1406,416.57568180561066,4097.5,268.6923416852951,0.3431360585723002,0.6450024651479217,0.101813966489915,0.7132113562773498,825,448.9604578018189,13,20,77,14,169,3.0347298734615653,80488
187,tile_x37376_y54784_gray_matter_cell_2,2016-020_Iba1_Temporal_pole_Batch_8,tile_x37376_y54784_gray_matter,410.76266,416.88586,468.0466,486.94055,31,0,3,3,3,6,1.0,669,96.42640614509584,0.9041573568287338,1228,171.68123936653137,1405.0,156.4394931793213,0.8740213523131672,0.9112206654410872,0.5235552889874857,0.7214286537917363,559,171.68123936653137,14,17,35,2,31,3.034517612844998,20329
188,tile_x58880_y25600_gray_matter_cell_0,2017-026_Iba1_Temporal_pole_Batch_8,tile_x58880_y25600_gray_matter,415.45044,71.45424,498.61584,162.79759,118,3,2,6,1,7,6.0,574,117.74011445045473,0.5203227910198059,1552,383.9898953437805,4019.5,243.6683485507965,0.3861176763279015,0.634569689217066,0.1322701934571114,0.8507141513653805,978,490.9015827178955,17,43,62,11,118,3.0334450742651304,48385
189,tile_x37888_y35840_gray_matter_cell_3,2017-129_Iba1_Tp_B8_100,tile_x37888_y35840_gray_matter,96.96013,38.784634,234.23616,131.42395,197,5,4,10,4,14,2.5,292,62.28427076339722,0.9458797925609436,1163,480.5168067216873,3887.0,289.25845682621,0.2992024697710316,0.6019736516599031,0.0632954386768164,0.5837841167257928,894,512.9015827178955,9,13,114,12,197,3.0309761102465593,74795
190,tile_x24576_y49664_gray_matter_cell_1,2018-001_Iba1_Temporal_pole_Batch_6,tile_x24576_y49664_gray_matter,186.1214,116.638626,307.1963,208.74889,187,3,4,7,4,11,1.75,397,91.01219260692596,0.6022838478089958,1104,444.9604578018189,6192.0,308.37310886383057,0.1782945736434108,0.6930348606418798,0.0700706426649854,0.8182533903031772,763,450.1320307254791,10,24,62,6,187,3.0303786727515774,98440
191,tile_x47616_y51712_gray_matter_cell_0,2017-026_Iba1_Temporal_pole_Batch_8,tile_x47616_y51712_gray_matter,310.42822,448.34326,344.2387,482.98718,6,0,4,0,2,2,0.0,403,82.87005722522736,0.737428015311149,561,89.49747383594513,547.0,85.60527777671814,1.0255941499085923,0.9565105483718832,0.8801388087972083,0.937985465176956,194,114.81118214130402,7,7,15,1,6,3.0224176408827566,46895
192,tile_x30720_y43008_gray_matter_cell_1,2016-020_Iba1_Temporal_pole_Batch_8,tile_x30720_y43008_gray_matter,283.9925,33.07159,338.11993,112.76883,14,0,3,3,3,6,1.0,1000,149.39696860313416,0.5630232032602227,1592,216.30865597724917,1756.5,181.7872666120529,0.906347850839738,0.8404068056859125,0.4275679363817101,0.6679302289166381,621,286.1076455116272,12,14,38,2,14,3.0154098333267183,19150
193,tile_x25088_y51712_gray_matter_cell_3,2017-160_Iba1_Temporal_pole_Batch_6,tile_x25088_y51712_gray_matter,316.13074,210.35614,370.4015,254.41003,40,0,2,1,3,4,0.3333333333333333,410,73.35533845424652,0.9574812327904888,796,142.95331752300262,1055.5,131.5172822475433,0.7541449549976315,0.920001609800912,0.4894794402936931,0.7668359240658045,389,195.82337474823,12,16,39,4,40,2.996622247448797,84768
194,tile_x11264_y59392_gray_matter_cell_3,2018-001_Iba1_Temporal_pole_Batch_6,tile_x11264_y59392_gray_matter,373.33698,24.95752,446.9101,96.85344,95,5,4,6,3,9,2.0,470,89.5979790687561,0.7357178514890789,1096,258.3502861261368,2249.5,184.67383062839508,0.4872193820849078,0.7148195320295874,0.2063490740618473,0.8288675665638461,696,274.83556735515594,11,25,43,8,95,2.992552552888592,93878
195,tile_x73216_y54272_gray_matter_cell_0,2017-063_Iba1_Temporal_pole_Batch_6,tile_x73216_y54272_gray_matter,15.80658,35.199703,157.46042,112.50458,64,1,6,5,4,9,1.25,900,178.16652059555054,0.3562871637341052,1110,345.9482651948929,2742.5,265.84874987602234,0.4047402005469462,0.7684638907677546,0.1165495305534013,0.4876264507485752,336,259.76449966430664,16,36,76,4,64,2.9916259020641744,60983
196,tile_x41472_y53760_gray_matter_cell_1,2014-048_Iba1_Temporal_pole_Batch_8,tile_x41472_y53760_gray_matter,283.38617,52.217636,342.46405,143.69365,128,6,3,8,2,10,4.0,537,85.35533845424652,0.9262383790555684,1378,352.29141104221344,2667.0,200.0960611104965,0.5166854143232096,0.567984500441085,0.1395259446001145,0.8370584799371784,844,428.8183224201202,14,43,56,12,128,2.9915473046555006,4945
197,tile_x15872_y59904_gray_matter_cell_2,2014-048_Iba1_Temporal_pole_Batch_8,tile_x15872_y59904_gray_matter,47.070187,204.91458,160.51312,292.00903,132,3,3,6,3,9,2.0,214,51.79898953437805,1.0022615313705208,1336,351.9482651948929,3429.5,260.2438327074051,0.3895611605190261,0.7394377482249953,0.1355372483631073,0.636326160970976,1132,378.9188276529312,9,49,85,6,132,2.9904929115442034,465
198,tile_x64512_y38400_gray_matter_cell_1,2014-048_Iba1_Temporal_pole_Batch_8,tile_x64512_y38400_gray_matter,317.63898,417.9156,357.5868,462.7072,31,0,4,4,2,6,2.0,328,69.69848430156708,0.8484710722986334,590,144.71067690849304,835.0,109.8348879814148,0.7065868263473054,0.7589964357009279,0.3540468425593082,0.869792616358876,312,144.71067690849304,10,15,21,5,31,2.9842055141103194,10008
199,tile_x89600_y31744_gray_matter_cell_1,2017-129_Iba1_Tp_B8_100,tile_x89600_y31744_gray_matter,97.707634,235.16428,189.61743,398.09415,149,2,1,3,1,4,3.0,667,95.84061968326569,0.9125075610950178,1389,360.14927566051483,5679.0,336.8094176054001,0.2445853143159007,0.9351939330925784,0.1345696176492056,0.6290907216460447,722,444.8183224201202,17,43,125,4,149,2.982715385650413,81095
200,tile_x24064_y64000_gray_matter_cell_3,2017-063_Iba1_Temporal_pole_Batch_6,tile_x24064_y64000_gray_matter,34.050404,229.03389,149.87566,402.3233,294,11,3,14,2,16,7.0,459,83.25483322143555,0.8321538738342806,1833,531.445739030838,8250.0,364.9047762155533,0.2221818181818181,0.6866265912320714,0.0815557282803577,0.7785826414420399,1401,561.8305150270462,16,77,109,11,294,2.9791464863010515,54075
201,tile_x69120_y21504_gray_matter_cell_1,2014-048_Iba1_Temporal_pole_Batch_8,tile_x69120_y21504_gray_matter,110.22314,327.58044,200.05023,510.97815,295,7,3,10,3,13,3.333333333333333,607,103.69848430156708,0.7093388358882073,2210,613.9726504087448,8194.0,408.44983077049255,0.2697095435684647,0.6652573701753198,0.073672275854307,0.6172035036297568,1725,639.8721451759338,11,41,150,15,295,2.9786174849447513,11013
202,tile_x17408_y35328_gray_matter_cell_5,2018-001_Iba1_Temporal_pole_Batch_6,tile_x17408_y35328_gray_matter,264.76974,391.06226,376.304,466.5293,146,4,2,5,2,7,2.5,328,66.5269113779068,0.9312986761197338,1361,375.26197350025177,4305.5,261.23267817497253,0.316107304610382,0.6961341585941355,0.121450378562881,0.7928270366717892,1038,428.1320307254791,10,83,84,8,146,2.9759024979187947,96131
203,tile_x8704_y8704_gray_matter_cell_1,2017-026_Iba1_Temporal_pole_Batch_8,tile_x8704_y8704_gray_matter,102.00156,38.097168,151.94376,71.3002,13,0,1,0,2,2,0.0,586,93.74011445045473,0.8380241248492679,839,117.25483322143556,838.0,109.8190610408783,1.0011933174224343,0.936584514460783,0.7668498169979193,0.8731692447743298,266,188.1665205955505,14,20,20,4,13,2.975062734443576,51723
204,tile_x51200_y30208_gray_matter_cell_0,2016-020_Iba1_Temporal_pole_Batch_8,tile_x51200_y30208_gray_matter,345.57983,126.67471,507.841,358.61353,486,7,5,11,4,15,2.75,617,90.6690467596054,0.9431416592410872,2851,879.5950146913528,21225.5,573.711740732193,0.1343195684436173,0.6522453301233258,0.0463064579966378,0.8103643337694556,2234,966.2640614509584,14,103,159,11,486,2.9729201207311875,22878
205,tile_x13824_y26624_gray_matter_cell_1,2017-063_Iba1_Temporal_pole_Batch_6,tile_x13824_y26624_gray_matter,75.66777,144.23547,244.97728,372.82263,416,6,2,8,2,10,4.0,307,62.28427076339722,0.9944695079322252,1591,642.6416971683502,18510.5,534.9574563503265,0.0859512168769077,0.8324350236025626,0.0484107980333282,0.8128109086364386,1287,682.0975408554077,10,81,172,16,416,2.969137867306012,52462
206,tile_x9728_y15872_gray_matter_cell_0,2017-160_Iba1_Temporal_pole_Batch_6,tile_x9728_y15872_gray_matter,368.91196,144.24344,455.86703,301.6113,163,3,3,6,3,9,2.0,507,85.01219260692596,0.881567129159063,1416,417.3036036491394,3928.0,306.0930436849594,0.3604887983706721,0.7335020378647781,0.1021806937962228,0.5268347622705759,913,467.1025931835175,11,30,92,7,163,2.967394765574043,93418
207,tile_x24576_y21504_gray_matter_cell_0,2017-160_Iba1_Temporal_pole_Batch_6,tile_x24576_y21504_gray_matter,18.958801,171.3046,167.58768,282.69138,241,3,6,9,6,15,1.5,1192,179.53910398483276,0.4646950138353822,2281,673.6122596263885,8945.5,382.7014211416245,0.2549885417248896,0.5681330998249431,0.0631706264905919,0.7675281879128847,1222,659.1269783973694,11,72,85,10,241,2.9635894726558436,84579
208,tile_x17408_y48640_gray_matter_cell_0,2017-063_Iba1_Temporal_pole_Batch_6,tile_x17408_y48640_gray_matter,126.32402,271.01154,182.8091,316.47186,25,1,3,2,1,3,2.0,331,65.4558436870575,0.9708251258235412,848,136.61017167568207,923.5,124.50359809398653,0.918245804006497,0.9113786811538672,0.5710046462007511,0.7486571191908143,520,187.5807341337204,10,12,21,4,25,2.962682868965053,53108
209,tile_x57856_y36864_gray_matter_cell_0,2017-063_Iba1_Temporal_pole_Batch_8,tile_x57856_y36864_gray_matter,5.6635704,357.34412,124.20114,495.80664,252,6,6,12,6,18,2.0,765,127.74011445045473,0.5891375404483903,1219,571.5289993286133,7697.0,348.655882358551,0.1583733922307392,0.6100405802122449,0.046896132369053,0.7956780122653332,665,467.78888487815857,14,44,71,17,252,2.9594115634540636,65974
210,tile_x8192_y39936_gray_matter_cell_0,2017-014_Iba1_Temporal_pole_Batch_6,tile_x8192_y39936_gray_matter,161.91086,173.58847,327.87857,335.83032,325,7,3,10,3,13,3.333333333333333,183,48.62741661071777,0.9725200376185896,1096,637.6122596263885,8691.0,416.7323989868164,0.1261074674951098,0.6535827890621213,0.0338771682095094,0.6288760879981121,968,608.8843377828598,8,56,102,19,325,2.9505343107913795,41367
211,tile_x79360_y79360_gray_matter_cell_3,2014-048_Iba1_Temporal_pole_Batch_8,tile_x79360_y79360_gray_matter,240.59639,142.92456,296.14618,245.36243,160,8,3,10,2,12,5.0,315,65.11269783973694,0.9336606120379698,807,390.3330411911011,2459.0,214.0240362882614,0.3281821878812525,0.5483113487783847,0.0665599164496587,0.6745952710051079,611,346.8771975040436,10,30,62,11,160,2.946418087274482,13590
212,tile_x39936_y28672_gray_matter_cell_1,2018-001_Iba1_Temporal_pole_Batch_6,tile_x39936_y28672_gray_matter,306.09534,188.532,368.72534,231.3719,20,0,2,1,1,2,1.0,824,116.22539567947388,0.7665403293502635,975,162.85281229019165,1136.0,140.45307672023773,0.858274647887324,0.8624541065337008,0.4619808293886667,0.7236451922354142,222,134.36753106117249,23,24,41,2,20,2.9443415600566807,105136
213,tile_x11776_y55808_gray_matter_cell_0,2017-160_Iba1_Temporal_pole_Batch_6,tile_x11776_y55808_gray_matter,39.47043,343.77374,172.8016,414.6018,96,1,2,3,2,5,1.5,590,98.22539567947388,0.7684476764650934,971,237.37972366809845,3238.0,264.1168965101242,0.2998764669549104,1.1126346110310978,0.2165418556012425,0.5833031711304971,394,274.9777027368545,18,20,98,3,96,2.9391399498060364,81864
214,tile_x48128_y37888_gray_matter_cell_0,2017-160_Iba1_Temporal_pole_Batch_6,tile_x48128_y37888_gray_matter,89.23987,298.92944,265.1617,410.22107,361,15,4,19,3,22,6.333333333333333,479,93.9827550649643,0.681473595697007,1918,808.9087229967117,10194.5,414.6964564323425,0.1881406640835744,0.5126616200849503,0.0368348944227812,0.7449294526493521,1532,772.7665876150131,11,112,128,11,361,2.9339385693163935,88949
215,tile_x37888_y50176_gray_matter_cell_2,2017-063_Iba1_Temporal_pole_Batch_8,tile_x37888_y50176_gray_matter,78.817474,335.53564,182.86081,466.80145,147,4,5,8,4,12,2.0,974,154.85281229019165,0.5104234596911005,1340,452.71781718730927,4034.5,274.2314138412476,0.3321353327549882,0.6057446900257207,0.0821598217732438,0.6741634111107286,621,333.1787132024765,11,39,75,16,147,2.9326674479198185,64432
216,tile_x14848_y25088_gray_matter_cell_0,2018-001_Iba1_Temporal_pole_Batch_6,tile_x14848_y25088_gray_matter,49.729538,290.75476,129.88228,370.28076,82,2,4,7,3,10,2.333333333333333,855,137.15432798862457,0.5711588961435746,1449,303.37972366809845,2585.5,203.84724235534668,0.5604331850705859,0.6719211155270164,0.1978359198732138,0.7818883184507918,617,349.0782079696655,7,30,47,6,82,2.9300437984584726,94992
217,tile_x8704_y17920_gray_matter_cell_4,2017-160_Iba1_Temporal_pole_Batch_6,tile_x8704_y17920_gray_matter,331.5155,315.68744,376.47638,379.1607,42,0,4,2,4,6,0.5,542,90.76955199241638,0.826663508076358,589,182.4091612100601,1060.0,136.77624320983887,0.5556603773584906,0.74983209342391,0.2224497214323497,0.7120235981527961,191,142.1248904466629,12,20,42,4,42,2.929329053157318,93219
218,tile_x28672_y38912_gray_matter_cell_1,2017-160_Iba1_Temporal_pole_Batch_6,tile_x28672_y38912_gray_matter,98.16092,18.562103,224.98721,167.37094,229,3,4,8,4,12,2.0,687,100.81118214130402,0.8494722304770047,2330,584.6416971683502,8054.0,341.54842460155487,0.2892972436056618,0.5842012744828299,0.0856616059768977,0.8675947519643967,1643,672.3818116188049,13,62,81,15,229,2.922286865857323,85787
219,tile_x34304_y10240_gray_matter_cell_0,2017-014_Iba1_Temporal_pole_Batch_6,tile_x34304_y10240_gray_matter,24.949764,253.70355,135.00711,366.33722,203,9,7,15,6,21,2.5,946,140.61017167568207,0.6012672143400891,2338,507.0020879507065,5421.0,297.12172293663025,0.4312857406382586,0.5860364878132771,0.1142970114970149,0.7716501798784118,1392,638.7838325500488,8,33,67,10,203,2.9195270429763363,35631
220,tile_x57856_y46080_gray_matter_cell_0,2014-048_Iba1_Temporal_pole_Batch_8,tile_x57856_y46080_gray_matter,391.03802,429.1584,483.24908,510.40967,61,0,7,6,8,14,0.75,1307,223.0365778207779,0.3301666976634579,1900,400.2325359582901,3663.0,234.5802862644196,0.5187005187005187,0.5861099865425887,0.1490523005746374,0.8364957886205519,720,456.41630148887634,10,31,50,5,61,2.917969519131377,8421
221,tile_x16896_y64512_gray_matter_cell_0,2017-129_Iba1_Tp_B8_100,tile_x16896_y64512_gray_matter,187.99298,81.376495,299.3025,217.55289,219,5,5,8,5,13,1.6,731,133.0538227558136,0.5188866861612237,1394,562.558436870575,6356.5,323.4277375936508,0.2193030755919137,0.5749229171512013,0.0553525143426021,0.7636131341735685,874,475.546244263649,20,84,102,13,219,2.9140397819766775,70731
222,tile_x52224_y16896_gray_matter_cell_0,2014-048_Iba1_Temporal_pole_Batch_8,tile_x52224_y16896_gray_matter,8.790596,114.67469,106.90513,194.01636,128,2,5,7,5,12,1.4,594,103.94112491607666,0.6909100079570003,1558,394.3330411911011,3709.0,249.00463390350345,0.4200593151792936,0.6314576966499522,0.1259073203427007,0.7517126155607593,974,466.3746713399887,14,21,59,7,128,2.9094064309651824,7254
223,tile_x81408_y62464_gray_matter_cell_4,2016-020_Iba1_Temporal_pole_Batch_8,tile_x81408_y62464_gray_matter,1.3183899,261.15558,75.52185,351.54926,92,3,1,4,1,5,4.0,279,60.28427076339722,0.9647305772050234,734,226.89444243907928,1992.0,210.5075887441635,0.3684738955823293,0.9277776329875704,0.1791670764455177,0.5648897374064749,459,273.52185904979706,11,27,76,5,92,2.907570082124414,27805
224,tile_x14848_y35328_gray_matter_cell_1,2017-014_Iba1_Temporal_pole_Batch_6,tile_x14848_y35328_gray_matter,27.210434,5.3971405,186.69386,124.848495,253,6,3,8,3,11,2.6666666666666665,402,75.5979790687561,0.8839252610179402,1644,559.2447285652161,7647.0,370.4152097702026,0.2149862691251471,0.6623490412158741,0.0660553318866743,0.7003632219369862,1242,630.8427076339722,13,39,103,7,253,2.9021133357393376,32542
225,tile_x31744_y23552_gray_matter_cell_2,2018-001_Iba1_Temporal_pole_Batch_6,tile_x31744_y23552_gray_matter,215.61633,426.04346,256.33618,467.0277,16,0,4,3,3,6,1.0,383,75.5979790687561,0.8421476989300275,566,106.911687374115,620.0,101.09065747261047,0.9129032258064516,0.9455529133953798,0.6222657921904639,0.7623940728908631,192,148.85281229019165,13,15,20,3,16,2.898720687322929,101994
226,tile_x12800_y52224_gray_matter_cell_0,2017-160_Iba1_Temporal_pole_Batch_6,tile_x12800_y52224_gray_matter,260.30157,434.8401,331.52924,504.82886,40,0,2,2,2,4,1.0,440,82.42640614509583,0.8138227218475769,554,145.15432798862457,1158.5,166.73057305812836,0.478204574881312,1.1486434842727848,0.3304149199770345,0.5236913691390614,146,136.911687374115,16,16,56,2,40,2.8902614215848375,82129
227,tile_x73216_y39936_gray_matter_cell_2,2017-160_Iba1_Temporal_pole_Batch_6,tile_x73216_y39936_gray_matter,1.4454651,391.2209,62.677063,435.46155,32,0,2,2,2,4,1.0,305,64.28427076339722,0.9274708312761116,593,142.71067690849304,782.5,126.13190281391144,0.7578274760383387,0.8838294761560691,0.3658909141688626,0.6180794654919687,292,178.2670258283615,10,13,40,3,32,2.890095000585357,92788
228,tile_x35840_y44032_gray_matter_cell_1,2018-001_Iba1_Temporal_pole_Batch_6,tile_x35840_y44032_gray_matter,141.50189,284.11237,289.72882,410.65594,357,13,2,15,2,17,7.5,545,94.08326029777528,0.7737161263261281,2502,797.4945094585419,9733.5,384.7418510913849,0.2570503929727231,0.4824382444370745,0.0494358226913392,0.8263043459224023,2007,849.7787802219391,17,41,126,14,357,2.88565784021513,103777
229,tile_x92160_y28672_gray_matter_cell_0,2016-032_Iba1_Temporal_pole_Batch_8,tile_x92160_y28672_gray_matter,375.6809,87.10718,477.64502,207.89807,184,3,4,7,4,11,1.75,501,84.42640614509583,0.8832649247761774,2004,426.8183224201202,5281.5,293.4033626317978,0.3794376597557512,0.6874197924966277,0.138236099831138,0.770969103980956,1503,426.8183224201202,11,73,73,17,184,2.882083476169472,31533
230,tile_x22528_y8192_gray_matter_cell_0,2018-001_Iba1_Temporal_pole_Batch_6,tile_x22528_y8192_gray_matter,365.052,27.625679,476.36182,107.950874,113,3,6,7,5,12,1.4,659,115.39696860313416,0.6218798396307434,1006,335.6051193475723,3517.5,234.45135366916656,0.2859985785358919,0.6985929002660862,0.1122407838012266,0.8041526193986316,468,300.73506212234497,13,57,63,7,113,2.8776550097305424,97615
231,tile_x11776_y7680_gray_matter_cell_3,2016-020_Iba1_Temporal_pole_Batch_8,tile_x11776_y7680_gray_matter,10.032074,332.77087,110.60739,486.12457,170,5,2,6,3,9,2.0,359,72.28427076339722,0.8634092648544667,883,275.82337474823,4207.5,330.5304924249649,0.2098633392751039,1.198341122200652,0.1458506711511077,0.4839616262419252,599,252.1665205955505,10,54,129,8,170,2.8775086641505565,15300
232,tile_x85504_y17920_gray_matter_cell_0,2016-020_Iba1_Temporal_pole_Batch_8,tile_x85504_y17920_gray_matter,116.54036,136.95917,222.96452,260.98996,256,5,5,9,6,15,1.5,422,78.42640614509583,0.8621794887033024,1363,411.8477599620819,6608.5,313.7490476369858,0.2062495271241582,0.7618083139893054,0.1009792878312809,0.8436220566336814,985,437.3036036491394,9,18,67,11,256,2.87539631713174,28278
233,tile_x18432_y10752_gray_matter_cell_2,2018-001_Iba1_Temporal_pole_Batch_6,tile_x18432_y10752_gray_matter,302.38806,114.32248,375.47998,185.25702,18,0,2,1,3,4,0.3333333333333333,993,167.48022890090942,0.4448688742889964,1608,217.76449966430664,2191.5,191.88459396362305,0.7337440109514032,0.8811564523116551,0.4261100181479649,0.7479475157482137,619,325.9898953437805,30,39,40,4,18,2.8743332993920805,96330
234,tile_x16384_y44032_gray_matter_cell_2,2018-001_Iba1_Temporal_pole_Batch_6,tile_x16384_y44032_gray_matter,369.78976,168.98239,421.6274,274.48993,99,1,5,5,6,11,0.8333333333333334,307,65.94112491607666,0.8872286065596807,732,251.13708305358887,1824.0,215.79432356357572,0.4013157894736842,0.8592690531391116,0.1458475888651247,0.4922147967292194,452,263.37972366809845,10,12,84,6,99,2.873083442249427,95782
235,tile_x16384_y35840_gray_matter_cell_0,2017-063_Iba1_Temporal_pole_Batch_6,tile_x16384_y35840_gray_matter,78.19008,64.56897,141.9418,142.75775,68,2,2,4,2,6,2.0,329,67.11269783973694,0.9179021086379932,715,168.2670258283615,1754.5,173.6468688249588,0.4075235109717868,1.0319720573303823,0.3173349226856405,0.7311884514000052,386,233.37972366809845,13,39,54,7,68,2.8715434864195046,52924
236,tile_x30208_y45056_gray_matter_cell_0,2018-001_Iba1_Temporal_pole_Batch_6,tile_x30208_y45056_gray_matter,25.949516,338.6259,76.763016,378.20303,16,0,4,3,3,6,1.0,726,105.63960921764374,0.8175096968658142,1038,143.0538227558136,1110.5,124.29375874996184,0.934714092751013,0.8688601000346958,0.6373944565481426,0.903295368778218,319,209.13708305358887,12,15,24,3,16,2.868399449910379,101268
237,tile_x25600_y62464_gray_matter_cell_1,2017-129_Iba1_Tp_B8_100,tile_x25600_y62464_gray_matter,285.88608,166.13269,354.1558,233.18854,51,0,5,5,5,10,1.0,553,98.56854152679443,0.7152507703580154,829,214.4091612100601,1579.5,166.59000623226166,0.5248496359607471,0.7769724264209529,0.226609294614767,0.7152067512834597,361,196.4091612100601,15,19,43,5,51,2.867583440015008,72396
238,tile_x69632_y26112_gray_matter_cell_0,2017-026_Iba1_Temporal_pole_Batch_8,tile_x69632_y26112_gray_matter,387.65912,65.916534,488.19623,184.06274,121,2,3,5,3,8,1.6666666666666667,365,71.11269783973694,0.907002362864209,1633,332.7766922712326,3166.0,240.34392130374908,0.5157927984838914,0.7222378456356993,0.1853063268294445,0.6887387045386179,1268,332.7766922712326,12,29,71,11,121,2.8611882085284694,49628
239,tile_x75264_y54784_gray_matter_cell_1,2016-020_Iba1_Temporal_pole_Batch_8,tile_x75264_y54784_gray_matter,216.69753,84.81882,354.71057,292.7709,274,6,2,8,2,10,4.0,610,92.08326029777528,0.9040205939803164,1671,537.7300097942352,9001.0,426.8511041402817,0.1856460393289634,0.79380190126197,0.0726202542595929,0.6207944239987926,1072,575.4284940958023,14,54,136,12,274,2.860144341442177,26840
240,tile_x48128_y34304_gray_matter_cell_3,2017-014_Iba1_Temporal_pole_Batch_6,tile_x48128_y34304_gray_matter,173.01764,235.56377,270.72998,386.80414,269,9,2,11,2,13,5.5,498,91.35533845424652,0.7498447323865634,2293,562.0731556415558,6334.0,337.6240912675857,0.3620145247868645,0.6006764206381967,0.0912070125028902,0.698266274367794,1816,592.8010774850845,14,118,120,12,269,2.856744627563158,38318
241,tile_x64000_y37376_gray_matter_cell_0,2017-026_Iba1_Temporal_pole_Batch_8,tile_x64000_y37376_gray_matter,163.08432,38.448105,279.03137,121.00552,142,3,2,5,2,7,2.5,251,57.455843687057495,0.9554658582811444,671,233.13708305358887,3999.0,263.6553909778595,0.1677919479869967,1.1309028470483853,0.1551349561958812,0.7229161991408227,426,259.0365778207779,10,49,61,8,142,2.846825966562682,49069
242,tile_x4096_y22528_gray_matter_cell_1,2017-014_Iba1_Temporal_pole_Batch_6,tile_x4096_y22528_gray_matter,141.38968,64.7607,228.4028,150.29474,123,3,3,6,3,9,2.0,339,80.76955199241638,0.6530015532232524,837,341.5634891986847,2671.0,220.1595814228058,0.3133657806065144,0.6445641539126589,0.0901555442026466,0.6924821295723499,600,328.9777027368545,9,17,53,6,123,2.8459033897381105,37124
243,tile_x2048_y41984_gray_matter_cell_0,2018-001_Iba1_Temporal_pole_Batch_6,tile_x2048_y41984_gray_matter,379.98193,123.964676,431.4301,237.26527,105,4,3,7,3,10,2.333333333333333,400,73.94112491607666,0.9193857081239256,1078,266.5512965917587,1792.0,219.52048099040985,0.6015625,0.8235581060654913,0.1906632651084018,0.4673021488879288,759,285.52185904979706,12,37,54,9,105,2.8459022214435725,96953
244,tile_x25600_y43520_gray_matter_cell_0,2017-160_Iba1_Temporal_pole_Batch_6,tile_x25600_y43520_gray_matter,307.94672,120.44425,416.7406,221.86087,184,2,8,10,8,18,1.25,884,117.9827550649643,0.7980407394206285,1946,494.6589421033859,5122.5,273.90322506427765,0.3798926305514885,0.5537213658760275,0.0999403742055096,0.858020253301006,1072,586.7422024011612,14,40,71,7,184,2.8436103978948446,84884
245,tile_x7680_y34304_gray_matter_cell_5,2017-014_Iba1_Temporal_pole_Batch_6,tile_x7680_y34304_gray_matter,115.60458,396.43018,189.28336,488.87152,39,1,3,4,3,7,1.3333333333333333,1404,261.722869515419,0.2575690198709749,461,299.2792184352875,2802.5,226.12316071987152,0.1644959857270294,0.7555591794916614,0.0646781616350718,0.6887559927595613,111,93.5979790687561,25,27,58,7,39,2.8425864839784065,40879
246,tile_x22528_y61952_gray_matter_cell_0,2017-129_Iba1_Tp_B8_100,tile_x22528_y61952_gray_matter,159.63129,300.8089,247.2218,419.69598,157,2,3,5,3,8,1.6666666666666667,448,77.94112491607666,0.9267328094251578,1128,325.4629839658737,4977.0,288.669912815094,0.2266425557564798,0.886951595224612,0.1338183774906123,0.7505410710643705,686,391.9898953437805,13,91,94,24,157,2.8421557859812148,71808
247,tile_x64512_y28160_gray_matter_cell_3,2016-020_Iba1_Temporal_pole_Batch_8,tile_x64512_y28160_gray_matter,15.075256,86.484985,145.0639,242.90186,211,2,3,5,3,8,1.6666666666666667,565,87.5979790687561,0.9252735298340424,1570,498.9015827178955,9198.5,387.96781027317047,0.1706800021742675,0.7776439757108314,0.0792646877317454,0.7679544997542447,1005,576.4995617866516,13,76,121,7,211,2.840044103678063,25200
248,tile_x60928_y32256_gray_matter_cell_0,2017-063_Iba1_Temporal_pole_Batch_8,tile_x60928_y32256_gray_matter,59.685898,415.2857,186.76622,481.83698,124,1,7,7,6,13,1.1666666666666667,592,129.9827550649643,0.4403115674730917,1634,412.9188276529312,4355.0,274.8290708065033,0.3752009184845006,0.6655765065706912,0.1204294061897604,0.7245572131616159,1051,511.34523379802704,11,23,67,6,124,2.8389421896777938,66253
249,tile_x80384_y22016_gray_matter_cell_0,2017-063_Iba1_Temporal_pole_Batch_6,tile_x80384_y22016_gray_matter,49.34179,291.75586,110.03213,474.79346,156,3,2,5,1,6,5.0,329,71.11269783973694,0.8175445955680131,1653,372.1076455116272,2581.0,328.7645062208176,0.6404494382022472,0.8835198905112115,0.1500187460020867,0.3000737596271399,1366,406.1492756605148,13,49,97,10,156,2.836575722422575,61989
250,tile_x90624_y40448_gray_matter_cell_2,2016-032_Iba1_Temporal_pole_Batch_8,tile_x90624_y40448_gray_matter,140.67874,293.90753,193.2048,345.13068,33,0,4,4,4,8,1.0,366,73.94112491607666,0.8412379229333921,884,158.85281229019165,978.0,128.9455724954605,0.9038854805725972,0.811729868904702,0.4402225785496315,0.7391555623175309,518,158.85281229019165,9,17,28,3,33,2.829747946719566,31491
251,tile_x23040_y22016_gray_matter_cell_3,2016-020_Iba1_Temporal_pole_Batch_8,tile_x23040_y22016_gray_matter,141.93292,8.570969,259.84747,74.27507,104,3,3,6,3,9,2.0,535,87.5979790687561,0.8761439618782525,1353,293.1787132024765,3037.0,241.47153413295743,0.4455054329930852,0.8236325601381271,0.1978075172227145,0.6545197763610501,818,293.1787132024765,12,26,75,7,104,2.828121841844768,17556
252,tile_x13824_y31744_gray_matter_cell_0,2016-020_Iba1_Temporal_pole_Batch_8,tile_x13824_y31744_gray_matter,241.79501,146.4213,348.405,298.33215,152,1,6,6,7,13,0.8571428571428571,698,118.46803629398346,0.6249753770032215,1474,369.4629839658737,4550.5,265.7396924495697,0.3239204483023843,0.7192593141458397,0.1356955109206802,0.8097596395352522,784,446.4751765727997,15,26,65,7,152,2.8226571365389166,15701
253,tile_x46592_y37376_gray_matter_cell_1,2014-048_Iba1_Temporal_pole_Batch_8,tile_x46592_y37376_gray_matter,78.38807,250.58847,196.34906,370.75034,159,4,4,8,4,12,2.0,344,66.04163014888763,0.9911348277537186,2015,398.9188276529312,4482.5,290.5391318798065,0.4495259341885109,0.7283164186288605,0.1591167304887655,0.6672996440281569,1671,458.9604578018189,11,23,81,7,159,2.821913977317802,6058
254,tile_x58880_y40960_gray_matter_cell_0,2014-048_Iba1_Temporal_pole_Batch_8,tile_x58880_y40960_gray_matter,84.66026,180.24396,186.77275,267.98602,162,2,4,6,4,10,1.5,515,97.74011445045473,0.6774408895126001,1833,436.8599525690079,4984.5,283.3453460931778,0.3677399939813421,0.6485953780540679,0.1206946057434389,0.7801880548821131,1318,521.7716399431229,11,36,62,12,162,2.8163210019572102,8640
255,tile_x54272_y7168_gray_matter_cell_3,2014-048_Iba1_Temporal_pole_Batch_8,tile_x54272_y7168_gray_matter,219.09735,313.2519,272.4512,376.107,15,0,4,3,5,8,0.6,580,99.25483322143556,0.7398344151423122,1079,157.63960921764374,1278.0,142.23155462741852,0.8442879499217527,0.9022577214781584,0.5456329759373465,0.7938689276482662,499,257.722869515419,13,17,26,3,15,2.8116012170594455,7731
256,tile_x3584_y3584_gray_matter_cell_2,2017-014_Iba1_Temporal_pole_Batch_6,tile_x3584_y3584_gray_matter,351.94962,343.19702,484.679,506.9137,237,3,5,9,5,14,1.8,718,139.63960921764374,0.4627187080879504,2105,489.8893901109696,8712.0,403.5053559541702,0.2416207529843893,0.8236662481356626,0.1102213933331146,0.6724021962674385,1401,569.7300097942352,12,36,110,7,237,2.8103642095611745,36098
257,tile_x68096_y44032_gray_matter_cell_1,2017-160_Iba1_Temporal_pole_Batch_6,tile_x68096_y44032_gray_matter,373.18295,254.53069,425.71695,318.16608,17,0,3,1,3,4,0.3333333333333333,890,122.46803629398346,0.7456832060396231,909,191.3380935192108,1178.0,135.49551057815552,0.7716468590831919,0.7081470714275275,0.312011687612525,0.8063161208874,130,110.911687374115,11,12,31,4,17,2.8099482400882327,91993
258,tile_x11776_y26112_gray_matter_cell_1,2016-020_Iba1_Temporal_pole_Batch_8,tile_x11776_y26112_gray_matter,109.48956,395.1109,266.45786,496.73822,244,5,5,9,4,13,2.25,658,103.5979790687561,0.7704300089273396,1934,514.9604578018188,8343.5,365.954256772995,0.2317972074069635,0.7106453538881844,0.0916470667137018,0.7828968178566168,1276,598.9015827178955,14,61,89,12,244,2.806386077822465,15223
259,tile_x78336_y9216_gray_matter_cell_0,2017-026_Iba1_Temporal_pole_Batch_8,tile_x78336_y9216_gray_matter,182.96121,353.21942,253.85626,457.4577,85,2,2,4,2,6,2.0,239,55.455843687057495,0.9765919299627476,704,252.6934319734573,1764.0,181.59491050243375,0.3990929705215419,0.7186372399323316,0.138546199000207,0.6722040113073555,479,288.4924215078354,10,51,53,8,85,2.8048224595507576,50739
260,tile_x9728_y44032_gray_matter_cell_4,2017-129_Iba1_Tp_B8_100,tile_x9728_y44032_gray_matter,310.2853,243.68422,387.92715,453.04883,319,13,1,13,1,14,13.0,228,54.87005722522736,0.9516426216804552,1774,699.369619011879,8742.0,439.0001037120819,0.2029283916723862,0.6277082844009347,0.0455774428022487,0.5700217412995651,1561,698.7838325500488,10,30,175,8,319,2.8017867262199223,81349
261,tile_x31232_y10752_gray_matter_cell_2,2018-001_Iba1_Temporal_pole_Batch_6,tile_x31232_y10752_gray_matter,110.094696,1.2055969,232.28638,75.53137,89,1,3,4,3,7,1.3333333333333333,683,113.25483322143556,0.6691401324328237,1425,300.73506212234497,3306.0,272.5331093072891,0.4310344827586206,0.9062232630408,0.1979960832471713,0.5593378015508986,759,392.0904005765915,13,21,98,4,89,2.8001484748914374,101714
262,tile_x37888_y37888_gray_matter_cell_0,2018-001_Iba1_Temporal_pole_Batch_6,tile_x37888_y37888_gray_matter,184.87747,181.74918,253.18594,254.33664,99,0,4,4,4,8,1.0,429,78.18376553058624,0.881929743292179,1107,268.5512965917587,3013.0,212.78024566173556,0.3674078991038831,0.7923262645244116,0.192887008589268,0.8362697427544259,722,310.5929267406464,11,17,50,5,99,2.8001448449964657,104584
263,tile_x29696_y16896_gray_matter_cell_2,2017-014_Iba1_Temporal_pole_Batch_6,tile_x29696_y16896_gray_matter,353.50092,165.70486,451.3263,343.98993,269,5,7,12,7,19,1.7142857142857142,876,158.46803629398346,0.438359696590288,1735,617.2863587141037,8768.0,383.6708389520645,0.1978786496350364,0.6215443343852699,0.0572184361424812,0.7485017528074203,968,595.3868639469147,14,31,88,15,269,2.7999831966693334,34783
264,tile_x79872_y65536_gray_matter_cell_2,2014-048_Iba1_Temporal_pole_Batch_8,tile_x79872_y65536_gray_matter,205.13617,168.55527,247.93475,196.88809,23,1,1,1,2,3,0.5,344,68.18376553058624,0.9298359701850076,568,100.32590091228484,575.0,93.67828381061554,0.9878260869565216,0.93373977167191,0.7091401307079545,0.8233791341286885,230,142.02438521385193,12,12,22,3,23,2.799829963263114,13667
265,tile_x97792_y13824_gray_matter_cell_0,2017-014_Iba1_Temporal_pole_Batch_6,tile_x97792_y13824_gray_matter,168.37012,334.2197,256.80417,447.24368,189,4,2,6,2,8,3.0,784,118.08326029777528,0.7065603386581412,1823,429.4629839658737,5735.0,298.0385400056839,0.3178727114210985,0.6939795771301371,0.1242067099295965,0.8113316754507953,1098,462.3330411911011,21,34,94,8,189,2.799329422932794,42908
266,tile_x83968_y22016_gray_matter_cell_1,2016-020_Iba1_Temporal_pole_Batch_8,tile_x83968_y22016_gray_matter,277.0255,41.479637,374.9131,101.38233,80,2,3,5,3,8,1.6666666666666667,413,78.42640614509583,0.8437917744892509,626,232.0660153627396,1509.5,198.6811299324036,0.4147068565750248,0.856140566820383,0.1460700259791799,0.4805402156153079,302,186.02438521385196,12,53,76,3,80,2.799098876472975,28157
267,tile_x24576_y43008_gray_matter_cell_1,2017-129_Iba1_Tp_B8_100,tile_x24576_y43008_gray_matter,48.74034,289.30807,161.1091,494.2545,300,6,4,11,4,15,2.75,826,111.49747383594512,0.8349488208232045,1400,591.3279888629913,8480.5,384.3105312585831,0.1650846058605035,0.6499109436668767,0.0503130943980905,0.7215505321460767,723,521.3868639469147,17,53,89,13,300,2.796693801029074,72161
268,tile_x50688_y7680_gray_matter_cell_5,2017-129_Iba1_Tp_B8_100,tile_x50688_y7680_gray_matter,146.39877,319.94785,227.0527,416.18478,108,1,4,5,4,9,1.25,557,121.29646337032318,0.475739029695871,967,333.36247873306274,3590.0,246.4759521484375,0.2693593314763231,0.7393632093364685,0.1093460010233561,0.7426004475336768,478,299.4213538169861,11,36,64,7,108,2.7938678062697426,76723
269,tile_x48128_y13824_gray_matter_cell_2,2016-020_Iba1_Temporal_pole_Batch_8,tile_x48128_y13824_gray_matter,182.36398,103.52873,244.60342,198.94579,93,2,5,7,5,12,1.4,510,99.35533845424652,0.6492285740608642,1225,310.5929267406464,2749.5,216.7962611913681,0.4455355519185306,0.698007721767595,0.1595742568060248,0.735123001300863,734,338.73506212234497,14,21,57,10,93,2.7935270713793274,22352
270,tile_x18432_y65536_gray_matter_cell_0,2014-048_Iba1_Temporal_pole_Batch_8,tile_x18432_y65536_gray_matter,137.00186,225.7182,229.17245,302.54932,53,0,4,4,4,8,1.0,1011,225.0365778207779,0.2508735006970529,1527,332.8771975040436,3331.0,237.9202665090561,0.4584208946262383,0.7147388535262046,0.1731732502240747,0.739471808021954,577,382.9188276529312,8,41,52,5,53,2.792549332514551,759
271,tile_x11264_y5632_gray_matter_cell_1,2017-063_Iba1_Temporal_pole_Batch_6,tile_x11264_y5632_gray_matter,76.97838,59.843597,166.42963,129.65324,58,0,3,3,3,6,1.0,424,77.5979790687561,0.8848606839406268,751,174.61017167568207,1436.0,164.07133543491364,0.5229805013927576,0.9396436293508544,0.3095356837343179,0.6703457772650444,355,194.4091612100601,14,15,49,4,58,2.791261183306946,52172
272,tile_x60416_y39424_gray_matter_cell_0,2016-020_Iba1_Temporal_pole_Batch_8,tile_x60416_y39424_gray_matter,405.14108,326.93872,456.01163,394.11328,54,2,2,4,2,6,2.0,310,63.35533845424652,0.9705214249699275,626,174.5096664428711,1273.0,151.99193716049194,0.4917517674783975,0.8709657193130288,0.2583123797263547,0.6924639477003074,320,222.7939372062683,10,22,44,5,54,2.789940013098594,24496
273,tile_x29696_y34816_gray_matter_cell_4,2018-001_Iba1_Temporal_pole_Batch_6,tile_x29696_y34816_gray_matter,241.92525,185.27258,326.4273,311.29376,157,1,2,3,3,6,1.0,216,52.041630148887634,1.0022171527603334,1058,369.4629839658737,3042.0,262.96454298496246,0.3477975016436554,0.7117480083180722,0.0973988131303118,0.5528084663264213,845,419.9898953437805,9,32,68,9,157,2.786467350649678,100950
274,tile_x51712_y24064_gray_matter_cell_5,2017-160_Iba1_Temporal_pole_Batch_6,tile_x51712_y24064_gray_matter,173.89851,13.548748,243.71175,120.06566,65,0,3,3,3,6,1.0,451,90.42640614509584,0.6930999447542262,559,192.85281229019165,1896.0,185.403937458992,0.2948312236286919,0.9613753372702126,0.1888729306678857,0.693122968844179,198,127.49747383594512,13,27,39,4,65,2.7819474072609105,89444
275,tile_x4608_y32256_gray_matter_cell_0,2017-063_Iba1_Temporal_pole_Batch_6,tile_x4608_y32256_gray_matter,201.28201,21.752625,262.3688,96.66629,17,1,2,2,0,2,0.0,474,80.18376553058624,0.9264357612823866,550,110.32590091228484,613.0,93.19830226898192,0.8972267536704731,0.8447545091254655,0.5678290254995119,0.8868585068664089,121,106.56854152679443,13,15,20,3,17,2.7816114951185833,57091
276,tile_x50688_y51200_gray_matter_cell_2,2017-014_Iba1_Temporal_pole_Batch_6,tile_x50688_y51200_gray_matter,225.9967,350.6316,302.9604,459.23688,118,2,3,5,2,7,2.5,274,61.11269783973694,0.9219290809902908,750,242.20815074443817,2218.0,220.74004077911377,0.3381424706943192,0.9113650391229976,0.1606547681490804,0.572017306874611,483,269.1787132024765,8,16,60,8,118,2.781502396161571,38746
277,tile_x30208_y23040_gray_matter_cell_1,2017-160_Iba1_Temporal_pole_Batch_6,tile_x30208_y23040_gray_matter,109.4467,291.00073,148.46007,341.7975,38,2,3,3,5,8,0.6,633,94.56854152679443,0.8894472395228127,823,139.68123936653137,980.0,120.07731425762177,0.8397959183673469,0.8596524114633046,0.5300703834686716,0.8541103970781484,212,157.23758828639984,12,14,23,7,38,2.779091708738819,86039
278,tile_x23040_y9728_gray_matter_cell_2,2018-001_Iba1_Temporal_pole_Batch_6,tile_x23040_y9728_gray_matter,242.1601,309.11676,351.79218,408.66156,149,4,4,8,4,12,2.0,806,140.1248904466629,0.5158391898467655,2379,459.1025931835175,5447.0,300.9850492477417,0.4367541766109785,0.6555943131591694,0.1418354576746165,0.7555746736371455,1584,540.457931637764,16,54,64,7,149,2.777137394365331,97807
279,tile_x13312_y33280_gray_matter_cell_0,2017-014_Iba1_Temporal_pole_Batch_6,tile_x13312_y33280_gray_matter,157.46182,394.09027,207.8999,439.04315,53,3,1,2,1,3,2.0,501,87.84061968326569,0.8159373395101676,722,135.4385987520218,856.0,116.15516638755798,0.8434579439252337,0.8576223281830435,0.4946091630462662,0.7972720993877246,374,130.61017167568207,15,18,33,5,53,2.771872901314896,32237
280,tile_x68096_y72192_gray_matter_cell_2,2014-048_Iba1_Temporal_pole_Batch_8,tile_x68096_y72192_gray_matter,1.4523163,73.05117,52.136612,187.15714,140,5,5,9,4,13,2.25,519,89.84061968326569,0.8080379239815361,1691,366.3919162750244,3129.5,240.66250276565552,0.5403419076529797,0.65684446647291,0.1582929982270655,0.678997166989016,1184,428.9188276529312,10,20,66,6,140,2.7705263452805218,10831
281,tile_x30720_y62464_gray_matter_cell_1,2017-063_Iba1_Temporal_pole_Batch_6,tile_x30720_y62464_gray_matter,331.4256,118.561356,409.59088,226.45,84,1,4,4,3,7,1.3333333333333333,682,105.49747383594512,0.770034383619429,773,307.3208485841751,2347.0,238.6964492797852,0.3293566254793353,0.7767011264593924,0.1028502402547232,0.5176438232328968,313,221.13708305358887,12,59,87,4,84,2.7689492916310905,55006
282,tile_x84992_y28672_gray_matter_cell_1,2017-129_Iba1_Tp_B8_100,tile_x84992_y28672_gray_matter,24.897308,368.746,114.938385,509.47775,242,2,3,5,3,8,1.6666666666666667,231,54.041630148887634,0.9939509705167971,904,403.7056245803833,7923.0,358.74158215522766,0.114098195128108,0.8886217092667663,0.0697025544057268,0.7736349504375698,747,364.73506212234497,9,57,77,12,242,2.7676506620572154,80684
283,tile_x17408_y35328_gray_matter_cell_0,2017-026_Iba1_Temporal_pole_Batch_8,tile_x17408_y35328_gray_matter,278.1654,41.3898,390.71057,214.57129,169,5,5,9,7,16,1.2857142857142858,831,169.33809351921082,0.364167811173972,1045,342.14927566051483,6090.0,348.10879480838776,0.1715927750410509,1.017417892048341,0.1121746968746346,0.6315346232604322,554,355.4629839658737,4,89,103,8,169,2.7672362287468877,43788
284,tile_x29696_y34816_gray_matter_cell_0,2018-001_Iba1_Temporal_pole_Batch_6,tile_x29696_y34816_gray_matter,63.283775,260.36932,123.82629,332.84723,62,0,4,4,4,8,1.0,282,60.28427076339722,0.975104024271744,476,179.92387998104095,1157.0,156.1761153936386,0.4114088159031979,0.8680121583088097,0.1847732939073978,0.5960929567124497,214,173.09545290470123,10,12,32,5,62,2.766090143812421,100947
285,tile_x60416_y45056_gray_matter_cell_1,2017-160_Iba1_Temporal_pole_Batch_6,tile_x60416_y45056_gray_matter,138.55579,96.5372,278.02274,220.37338,304,8,4,11,2,13,5.5,353,68.76955199241638,0.9379769783998222,2039,643.5289993286133,7892.5,341.47857880592346,0.2583465315172632,0.530634329085689,0.0618715285133921,0.8505454468424248,1689,681.3279888629913,12,32,82,16,304,2.764706201637923,90773
286,tile_x47616_y33792_gray_matter_cell_0,2017-063_Iba1_Temporal_pole_Batch_8,tile_x47616_y33792_gray_matter,258.77832,140.52274,400.7704,253.6326,227,6,7,12,6,18,2.0,1417,201.13708305358887,0.4401446416699967,1577,671.0853482484818,8399.0,361.7003939151764,0.1877604476723419,0.5389782310986324,0.0440033806510788,0.8067509431703968,725,464.57568180561066,16,53,83,12,227,2.763964619795215,65067
287,tile_x74240_y7168_gray_matter_cell_0,2017-014_Iba1_Temporal_pole_Batch_6,tile_x74240_y7168_gray_matter,416.29733,168.7146,504.26303,298.26587,206,9,3,11,2,13,5.5,396,75.11269783973694,0.8820197870640889,869,378.8771975040436,4624.5,279.5505163669586,0.1879122067250513,0.7378393796421995,0.0760733784450454,0.7436251169150618,544,349.0782079696655,12,21,67,12,206,2.7557395044441715,40556
288,tile_x22016_y38912_gray_matter_cell_1,2018-001_Iba1_Temporal_pole_Batch_6,tile_x22016_y38912_gray_matter,179.26572,438.92633,284.34952,509.18933,181,4,3,8,3,11,2.6666666666666665,545,108.32590091228484,0.5836355629111438,1031,406.6761870384216,4597.5,275.2112350463867,0.2242523110386079,0.6767330958091862,0.0783377409153526,0.7627799753939859,601,342.4924215078354,19,44,74,15,181,2.747136344787174,97388
289,tile_x47104_y10240_gray_matter_cell_0,2017-026_Iba1_Temporal_pole_Batch_8,tile_x47104_y10240_gray_matter,239.52164,255.10683,318.8116,472.07043,209,4,4,7,5,12,1.4,504,112.18376553058624,0.5032460488714805,1646,507.64674949646,4640.5,398.83225095272064,0.3547031569873936,0.7856491770080799,0.0802632009110675,0.3666013853700697,1197,535.3036036491394,9,15,111,6,209,2.746428446093547,46787
290,tile_x36352_y56832_gray_matter_cell_2,2017-160_Iba1_Temporal_pole_Batch_6,tile_x36352_y56832_gray_matter,293.04593,156.37866,358.27695,205.69272,24,1,2,3,1,4,3.0,771,122.81118214130402,0.6423746862014618,1211,193.92387998104093,1577.5,157.51133155822754,0.7676703645007924,0.8122327769722156,0.4046610680957244,0.7990162761491676,449,284.5929267406464,18,22,32,4,24,2.746389045876728,87436
291,tile_x77824_y11776_gray_matter_cell_0,2017-014_Iba1_Temporal_pole_Batch_6,tile_x77824_y11776_gray_matter,195.73746,108.94336,241.80725,231.9519,84,1,1,2,1,3,2.0,832,147.39696860313416,0.4812337598456161,1447,297.52185904979706,2937.5,268.52151250839233,0.492595744680851,0.9025270054643252,0.2054190124820909,0.5119523840318095,932,354.73506212234497,35,88,89,12,84,2.7449067248311496,40990
292,tile_x58880_y23040_gray_matter_cell_0,2016-020_Iba1_Temporal_pole_Batch_8,tile_x58880_y23040_gray_matter,149.11172,281.71448,231.91696,364.3982,98,2,5,7,4,11,1.75,434,78.76955199241638,0.8789877908187479,1058,247.13708305358887,2584.5,204.544074177742,0.4093635132520797,0.8276543190136664,0.2176805864963356,0.776269631233419,624,324.73506212234497,11,35,53,11,98,2.7444795695785347,24244
293,tile_x6144_y26112_gray_matter_cell_0,2017-026_Iba1_Temporal_pole_Batch_8,tile_x6144_y26112_gray_matter,141.75684,374.23068,204.97467,434.45425,27,1,2,3,2,5,1.5,465,94.81118214130402,0.650045406611381,625,173.09545290470123,837.0,147.7118079662323,0.7467144563918757,0.8533546403876706,0.2621311075833517,0.4820642155901757,242,153.1959581375122,8,41,41,4,27,2.7433940763651727,48793
294,tile_x30720_y61952_gray_matter_cell_0,2017-063_Iba1_Temporal_pole_Batch_6,tile_x30720_y61952_gray_matter,10.358822,125.09208,131.6265,242.74045,194,3,8,9,9,18,1.0,632,129.7401144504547,0.4718222191189247,1113,493.24472856521606,6131.5,314.7236384153366,0.181521650493354,0.6380679208287258,0.0574883869792826,0.7778894293370217,687,415.546244263649,8,50,78,7,194,2.741321760724364,55004
295,tile_x7168_y29696_gray_matter_cell_2,2017-160_Iba1_Temporal_pole_Batch_6,tile_x7168_y29696_gray_matter,270.86047,177.47061,391.3584,272.77972,180,6,3,9,3,12,3.0,235,54.87005722522736,0.9808597197145044,1048,425.8893901109696,4729.5,285.11962842941284,0.2215879056982767,0.669468728383025,0.072606834823645,0.7310900294414439,840,422.1320307254791,8,48,84,8,180,2.7411226334464542,92555
296,tile_x16896_y59904_gray_matter_cell_0,2017-129_Iba1_Tp_B8_100,tile_x16896_y59904_gray_matter,101.7774,77.62466,210.28015,306.4053,280,3,3,6,3,9,2.0,490,88.91168737411499,0.7789117212257745,2140,663.0264731645584,10448.0,455.5151426792145,0.2048238897396631,0.6870240648236664,0.0611732985722293,0.6327576294823514,1650,721.7960251569748,15,31,120,8,280,2.7372314150527703,70716
297,tile_x61952_y52224_gray_matter_cell_2,2017-063_Iba1_Temporal_pole_Batch_8,tile_x61952_y52224_gray_matter,166.15414,124.79639,273.25168,302.98575,224,3,3,5,4,9,1.25,418,77.11269783973694,0.883353127201434,1236,364.8771975040436,5922.5,330.28832733631134,0.208695652173913,0.9052040785109656,0.1166634694136126,0.6822263386252693,829,435.1614682674408,12,19,103,11,224,2.735476900462472,66428
298,tile_x27648_y38400_gray_matter_cell_2,2018-001_Iba1_Temporal_pole_Batch_6,tile_x27648_y38400_gray_matter,111.44809,191.71176,145.55545,221.53018,0,0,0,0,0,0,0.0,543,90.08326029777528,0.8408557570891378,494,84.66904675960541,501.0,80.81459701061249,0.9860279441117764,0.9544762826970692,0.8659393440189758,0.9639798736835844,47,65.84061968326569,0,0,0,0,0,2.73345340232012,99895
299,tile_x63488_y28672_gray_matter_cell_0,2017-063_Iba1_Temporal_pole_Batch_8,tile_x63488_y28672_gray_matter,257.71283,150.41364,354.69257,243.68182,112,3,3,5,3,8,1.6666666666666667,1023,134.56854152679443,0.7099020115193883,1673,333.5634891986847,3365.5,218.22144865989685,0.4971029564700638,0.6542126333554295,0.1889508234173162,0.8881055618937543,704,395.7056245803833,21,23,49,12,112,2.7332708076012064,66548
300,tile_x58368_y21504_gray_matter_cell_2,2017-129_Iba1_Tp_B8_100,tile_x58368_y21504_gray_matter,298.3991,238.76665,503.9477,465.8919,277,6,2,8,2,10,4.0,756,103.49747383594512,0.8868949053929954,2895,737.068103313446,12885.5,497.7540798187256,0.2246711419812968,0.6753162666802451,0.0669642789938006,0.6535540082345815,2139,737.068103313446,19,99,105,10,277,2.7290224204638216,77660
301,tile_x5632_y38912_gray_matter_cell_2,2016-020_Iba1_Temporal_pole_Batch_8,tile_x5632_y38912_gray_matter,77.551346,208.75972,164.40318,410.97565,323,7,1,9,0,9,0.0,265,66.97056245803833,0.7424852750152374,1929,635.4284940958023,9081.5,433.9064049720764,0.2124098441887353,0.6828563858936064,0.0600355813233872,0.6061433286011729,1929,635.4284940958023,8,145,185,12,323,2.722712842449582,23865
302,tile_x45056_y38912_gray_matter_cell_0,2017-160_Iba1_Temporal_pole_Batch_6,tile_x45056_y38912_gray_matter,332.69373,206.0398,458.4956,421.56873,576,23,1,24,0,24,0.0,184,51.55634891986847,0.8698880776148733,3144,1042.8742331266403,12684.0,472.4021203517914,0.2478713339640492,0.4529809111646022,0.0363269157689406,0.7142371257159233,3144,1042.8742331266403,9,48,205,10,576,2.7151768460838244,88615
303,tile_x32256_y45056_gray_matter_cell_3,2017-014_Iba1_Temporal_pole_Batch_6,tile_x32256_y45056_gray_matter,17.506775,80.10714,186.5122,220.06967,315,5,5,12,3,15,4.0,504,85.01219260692596,0.8763507556137432,2031,608.4995617866516,14062.0,464.901281952858,0.1444318020196273,0.7640125172610376,0.0689285666904391,0.817589810244281,1527,689.5117543935776,13,43,118,9,315,2.7131184353390037,35288
304,tile_x15872_y30208_gray_matter_cell_0,2017-129_Iba1_Tp_B8_100,tile_x15872_y30208_gray_matter,365.1808,49.137512,510.55347,125.87021,134,4,2,6,2,8,3.0,380,75.5979790687561,0.8355512417582519,1158,366.534051656723,3316.5,276.23115491867065,0.3491632745364089,0.7536302661924971,0.1083152903623724,0.5461910095374932,778,366.534051656723,15,46,74,10,134,2.7113966933274063,70439
305,tile_x25600_y65024_gray_matter_cell_1,2017-160_Iba1_Temporal_pole_Batch_6,tile_x25600_y65024_gray_matter,367.11615,178.09796,463.17743,280.02982,182,5,5,8,4,12,2.0,532,87.15432798862457,0.8801234230309561,1215,420.3330411911011,4183.5,250.73016035556796,0.2904266762280387,0.5965035716561132,0.0864169793868264,0.836250673389933,745,421.1614682674408,12,33,60,15,182,2.708596672379936,84953
306,tile_x66048_y15872_gray_matter_cell_0,2017-129_Iba1_Tp_B8_100,tile_x66048_y15872_gray_matter,122.398796,391.76306,222.59705,505.48926,221,5,3,8,3,11,2.6666666666666665,291,63.11269783973694,0.9180564006332438,731,386.3330411911011,5705.0,290.3788642883301,0.1281332164767747,0.7516283447904553,0.0615465247458275,0.850228205403572,523,341.4629839658737,11,27,83,7,221,2.7056529499181283,78521
307,tile_x62976_y8192_gray_matter_cell_0,2014-048_Iba1_Temporal_pole_Batch_8,tile_x62976_y8192_gray_matter,162.61429,36.973118,229.23453,140.84943,84,1,3,4,3,7,1.3333333333333333,502,108.56854152679443,0.5351870223533325,862,327.76449966430664,2946.5,226.6953631639481,0.2925504836246394,0.6916409903944062,0.1008308210472329,0.7204951059661319,506,263.9655101299286,16,44,47,6,84,2.700638253878717,9702
308,tile_x66560_y39936_gray_matter_cell_1,2017-129_Iba1_Tp_B8_100,tile_x66560_y39936_gray_matter,45.087635,258.45526,112.04515,321.85333,71,3,2,4,3,7,1.3333333333333333,338,67.69848430156708,0.9267629717913174,556,208.30865597724917,1282.5,163.06896829605105,0.4335282651072125,0.7828237743219895,0.1610163664385299,0.6060725168021877,284,227.37972366809845,10,13,61,5,71,2.700438092094075,78600
309,tile_x19456_y5632_gray_matter_cell_2,2014-048_Iba1_Temporal_pole_Batch_8,tile_x19456_y5632_gray_matter,105.7451,301.9875,243.46,400.57465,184,5,6,10,7,17,1.4285714285714286,1475,255.27921843528748,0.2844270921142039,1680,589.4284940958023,7787.5,338.6220201253891,0.2157303370786517,0.5744921114559342,0.0607654743500508,0.8534489160797257,691,385.36247873306274,30,38,73,16,184,2.696780340589539,868
310,tile_x8704_y24576_gray_matter_cell_0,2017-129_Iba1_Tp_B8_100,tile_x8704_y24576_gray_matter,299.58246,226.22664,379.0041,307.21503,72,1,2,3,2,5,1.5,317,65.11269783973694,0.9395886159239252,871,223.722869515419,1876.0,178.3289519548416,0.4642857142857143,0.7970975535093928,0.2186790894830094,0.7413085064350206,554,223.722869515419,10,50,55,5,72,2.694760080300588,80905
311,tile_x51712_y38400_gray_matter_cell_5,2017-014_Iba1_Temporal_pole_Batch_6,tile_x51712_y38400_gray_matter,257.37213,216.22797,337.96735,293.83063,73,0,6,6,6,12,1.0,401,80.76955199241638,0.7724295659071511,685,172.2670258283615,1828.0,178.8461936712265,0.37472647702407,1.038191684167231,0.2900655311057639,0.7181689957584109,300,192.75230705738068,10,17,49,8,73,2.6928258927157986,38915
312,tile_x25088_y32256_gray_matter_cell_1,2017-026_Iba1_Temporal_pole_Batch_8,tile_x25088_y32256_gray_matter,122.36093,178.17235,323.88525,406.521,507,10,2,12,1,13,12.0,571,100.6690467596054,0.7080339129109005,3169,990.305691599846,24479.0,613.3805733919144,0.1294579026921034,0.6193850834089357,0.0406063125448763,0.8176049309715938,2598,1091.803165435791,20,86,151,17,507,2.692775530007087,44284
313,tile_x23552_y25088_gray_matter_cell_2,2018-001_Iba1_Temporal_pole_Batch_6,tile_x23552_y25088_gray_matter,144.20242,307.84393,221.24997,358.87823,45,2,1,3,1,4,3.0,505,101.15432798862456,0.6202007737069215,1181,219.0365778207779,1605.0,175.4518221616745,0.7358255451713396,0.8010160855655547,0.3093331546208697,0.6551928280452076,682,288.634556889534,20,25,49,4,45,2.6877368380686297,97842
314,tile_x35328_y25600_gray_matter_cell_0,2018-001_Iba1_Temporal_pole_Batch_6,tile_x35328_y25600_gray_matter,119.005646,83.0877,283.26263,174.59528,184,2,5,7,5,12,1.4,576,122.81118214130402,0.479906380352843,1842,541.2863587141037,7365.5,359.3396118879318,0.2500848550675446,0.663862308929399,0.0790033169061165,0.7168064574483478,1300,590.156415939331,14,51,93,9,184,2.6812830014893243,103534
315,tile_x61440_y37376_gray_matter_cell_1,2017-129_Iba1_Tp_B8_100,tile_x61440_y37376_gray_matter,332.092,150.89893,434.06497,269.7849,178,4,3,8,3,11,2.6666666666666665,502,91.84061968326569,0.7479007527646562,1596,416.9188276529312,5987.5,307.7643494606018,0.2665553235908142,0.7381876975745594,0.1153824443794296,0.7943625631740736,1094,491.1025931835175,14,32,81,14,178,2.680592115677057,78032
316,tile_x10752_y38400_gray_matter_cell_1,2017-014_Iba1_Temporal_pole_Batch_6,tile_x10752_y38400_gray_matter,264.7328,403.41196,397.94006,449.87198,81,2,5,6,6,12,1.0,1001,193.09545290470123,0.3373648624959807,1622,359.26197350025177,2989.5,258.77193081378937,0.5425656464291687,0.7202875614488268,0.1579203912973164,0.5610145038536106,638,474.5168067216873,19,23,67,6,81,2.6786089587796855,31806
317,tile_x31232_y25088_gray_matter_cell_0,2017-129_Iba1_Tp_B8_100,tile_x31232_y25088_gray_matter,67.36902,337.98654,126.59207,447.90598,78,3,3,6,3,9,2.0,614,98.911687374115,0.7886476502752718,1479,293.90663504600525,2773.0,225.26708483695984,0.5333573746844573,0.7664579767030395,0.2151588710997506,0.6866955859414635,876,310.8771975040436,12,42,45,6,78,2.6775731685199124,73535
318,tile_x68096_y43008_gray_matter_cell_1,2017-129_Iba1_Tp_B8_100,tile_x68096_y43008_gray_matter,276.81,196.67604,413.7848,377.9917,306,7,2,9,2,11,4.5,378,70.5269113779068,0.95497484924427,1770,622.4995617866516,11740.0,426.2934116125107,0.1507666098807495,0.684809175429771,0.0573990930545002,0.8118218192484723,1392,691.0264731645584,12,52,140,11,306,2.675067712127715,78811
319,tile_x34304_y36864_gray_matter_cell_1,2017-014_Iba1_Temporal_pole_Batch_6,tile_x34304_y36864_gray_matter,199.80183,383.99582,326.65826,505.6639,197,7,5,10,5,15,2.0,449,102.46803629398346,0.5373773757691332,1315,495.7300097942352,4659.5,289.71413576602936,0.2822191222234145,0.5844192000526299,0.067242708156685,0.6976053592745939,888,539.4284940958023,12,30,71,11,197,2.6749459667368716,35696
320,tile_x52736_y10752_gray_matter_cell_1,2017-129_Iba1_Tp_B8_100,tile_x52736_y10752_gray_matter,64.47673,307.15652,152.02199,418.88663,95,0,2,2,2,4,1.0,454,106.6690467596054,0.5014052636107773,363,246.0660153627396,2398.5,230.0776071548462,0.1513445903689806,0.9350239073676064,0.0753378489097,0.5693782625488584,179,159.63960921764374,15,71,72,6,95,2.668064125424171,76948
321,tile_x40960_y11776_gray_matter_cell_2,2014-048_Iba1_Temporal_pole_Batch_8,tile_x40960_y11776_gray_matter,239.95499,297.52124,299.2117,427.2777,97,1,3,4,3,7,1.3333333333333333,863,144.1248904466629,0.5220867595526206,1490,363.6051193475723,3726.5,270.78819727897644,0.3998389910103314,0.7447315311865242,0.1416237709703802,0.6386332521927727,769,285.90663504600525,14,20,93,9,97,2.6660882582435055,4745
322,tile_x27648_y50176_gray_matter_cell_0,2017-063_Iba1_Temporal_pole_Batch_8,tile_x27648_y50176_gray_matter,287.07947,203.42484,343.3192,323.16696,111,1,4,4,3,7,1.3333333333333333,337,65.69848430156708,0.9811356682134031,895,308.83556735515594,2528.5,228.3954174518585,0.3539648012655724,0.7395372864849062,0.1179175041589809,0.6091132546838322,558,308.83556735515594,11,12,85,4,111,2.661109963987544,63862
323,tile_x14848_y56320_gray_matter_cell_0,2017-063_Iba1_Temporal_pole_Batch_6,tile_x14848_y56320_gray_matter,313.75275,223.52922,421.80457,338.8405,213,5,4,8,5,13,1.6,527,97.9827550649643,0.6897968166267272,1546,499.445739030838,4787.5,272.30631732940674,0.3229242819843342,0.5452170196862833,0.0778830102258434,0.8113406158651886,1019,585.5289993286133,14,25,67,9,213,2.660977606889422,52700
324,tile_x16384_y10752_gray_matter_cell_0,2018-001_Iba1_Temporal_pole_Batch_6,tile_x16384_y10752_gray_matter,297.3576,390.9344,389.45502,471.76508,111,2,2,3,1,4,3.0,277,60.87005722522736,0.9394684784533912,1483,298.14927566051483,3079.0,228.23967707157132,0.4816498863267294,0.7655214877377551,0.2096445119030522,0.7427407717239887,1209,349.0193328857422,9,37,76,10,111,2.6511228081687417,95610
325,tile_x63488_y49664_gray_matter_cell_1,2017-063_Iba1_Temporal_pole_Batch_6,tile_x63488_y49664_gray_matter,288.18857,213.46506,350.74704,290.0669,97,3,2,7,1,8,7.0,462,80.76955199241638,0.8899313203219547,984,262.69343197345734,1759.5,173.73673248291016,0.5592497868712702,0.6613668685118271,0.1791870145120009,0.7325138431973341,574,262.1076455116272,12,44,57,8,97,2.6490130913805716,59549
326,tile_x74752_y38912_gray_matter_cell_1,2016-020_Iba1_Temporal_pole_Batch_8,tile_x74752_y38912_gray_matter,181.19,396.45898,253.29944,509.70837,110,4,1,6,0,6,0.0,445,79.21320307254791,0.8911990715203254,1158,282.3502861261368,1954.0,232.8004086017609,0.5926305015353122,0.8245092002412915,0.1825332384805694,0.4530717115144547,952,290.0071402788162,14,15,98,8,110,2.648909988179203,26747
327,tile_x36352_y52736_gray_matter_cell_0,2017-063_Iba1_Temporal_pole_Batch_6,tile_x36352_y52736_gray_matter,211.79143,180.08179,339.69598,273.06265,156,1,4,5,4,9,1.25,395,106.6690467596054,0.4362446676789802,1258,447.546244263649,5227.0,308.5859563350677,0.2406734264396403,0.6895063030699462,0.0789250146597588,0.6897791281413621,909,421.9898953437805,12,65,67,9,156,2.647924830750239,55693
328,tile_x9728_y53248_gray_matter_cell_1,2017-129_Iba1_Tp_B8_100,tile_x9728_y53248_gray_matter,89.00815,221.24661,198.87463,311.2783,107,3,2,5,3,8,1.6666666666666667,2760,226.85281229019165,0.6739545519687371,4725,327.9655101299286,5139.5,275.9891051054001,0.9193501313357332,0.841518685901035,0.5520206551099679,0.8479043393343695,2272,367.5634891986847,29,54,62,7,107,2.647186938412376,81370
329,tile_x52736_y13312_gray_matter_cell_1,2017-129_Iba1_Tp_B8_100,tile_x52736_y13312_gray_matter,308.9676,255.83478,482.17316,472.07782,481,7,2,10,2,12,5.0,500,81.5979790687561,0.9436719863492274,2401,901.29349899292,20905.5,565.9175364971161,0.114850159049054,0.6278948390612564,0.0371423644455616,0.8202837709046367,1901,901.29349899292,14,50,128,18,481,2.64436654328567,76960
330,tile_x73216_y24064_gray_matter_cell_2,2017-160_Iba1_Temporal_pole_Batch_6,tile_x73216_y24064_gray_matter,14.147667,235.03079,78.25466,454.81778,218,3,5,8,5,13,1.6,476,82.76955199241638,0.8731233600700157,1947,517.9898953437805,5254.5,407.4106365442276,0.370539537539252,0.7865223630932734,0.0911870654943179,0.3978107674864207,1495,568.2741661071777,12,17,103,7,218,2.6423274427260286,92762
331,tile_x77824_y48128_gray_matter_cell_0,2016-032_Iba1_Temporal_pole_Batch_8,tile_x77824_y48128_gray_matter,129.23196,327.08804,198.06796,393.5281,67,3,4,7,4,11,1.75,311,64.87005722522736,0.9287133553543392,1230,210.75230705738068,1631.5,168.05837905406952,0.7539074471345387,0.7974213018143281,0.3479928337502764,0.7258996739787387,919,210.75230705738068,9,34,45,7,67,2.639900239809848,30896
332,tile_x6656_y53760_gray_matter_cell_2,2017-063_Iba1_Temporal_pole_Batch_8,tile_x6656_y53760_gray_matter,330.2097,28.379578,393.6119,184.49223,160,5,2,7,1,8,7.0,488,84.5269113779068,0.8583011330173872,1386,353.5046141147613,4422.5,306.62089788913727,0.3133973996608253,0.8673745282136436,0.1393743710950227,0.5911180262884782,908,423.2030984163284,16,90,98,18,160,2.637598155861638,66907
333,tile_x61952_y64000_gray_matter_cell_4,2016-020_Iba1_Temporal_pole_Batch_8,tile_x61952_y64000_gray_matter,351.33728,144.71255,484.87854,316.39743,462,15,2,10,2,12,5.0,329,66.87005722522736,0.9245754813153768,2262,690.4995617866516,14000.5,457.02649986743927,0.1615656583693439,0.6618780447664496,0.0596177593998734,0.8423074554726453,1945,716.8843377828598,13,54,118,18,462,2.634498072493803,24869
334,tile_x85504_y7168_gray_matter_cell_2,2017-014_Iba1_Temporal_pole_Batch_6,tile_x85504_y7168_gray_matter,398.4853,147.55959,479.20123,208.1959,77,3,3,6,4,10,1.5,468,82.62741661071777,0.8614049598595613,675,190.02438521385196,1472.5,153.53916347026825,0.4584040747028862,0.807997159403918,0.234906462386875,0.7849225882912447,263,204.85281229019165,10,15,47,6,77,2.6339252469511076,41648
335,tile_x79360_y26624_gray_matter_cell_0,2016-020_Iba1_Temporal_pole_Batch_8,tile_x79360_y26624_gray_matter,301.685,8.846931,358.5459,52.098045,9,0,1,1,1,2,1.0,619,95.25483322143556,0.8572874599770116,1149,146.46803629398346,1215.0,133.13733220100403,0.945679012345679,0.908985575076444,0.6730451123242943,0.8613634535168623,548,217.13708305358887,14,14,22,1,9,2.6318715639064925,27485
336,tile_x78848_y23552_gray_matter_cell_2,2017-026_Iba1_Temporal_pole_Batch_8,tile_x78848_y23552_gray_matter,427.597,160.09634,508.71893,249.76794,63,1,7,6,7,13,0.8571428571428571,1043,168.46803629398346,0.4618055469926298,1007,319.3208485841751,2733.0,204.6946521997452,0.3684595682400293,0.6410312796904217,0.124103715853603,0.819665210779367,244,168.46803629398346,1,35,39,8,63,2.6293058951026866,50758
337,tile_x43520_y56320_gray_matter_cell_1,2017-026_Iba1_Temporal_pole_Batch_8,tile_x43520_y56320_gray_matter,208.59535,425.4953,375.43213,501.28015,58,1,6,4,6,10,0.6666666666666666,1628,278.9360725879669,0.2629389359180747,1081,403.8893901109696,3287.5,323.924121260643,0.3288212927756654,0.8020119596893697,0.0832742382262343,0.3937214237834631,164,138.46803629398346,17,26,93,3,58,2.628812458261488,46240
338,tile_x20480_y64000_gray_matter_cell_2,2017-129_Iba1_Tp_B8_100,tile_x20480_y64000_gray_matter,40.794403,344.94708,119.32652,400.9926,55,1,2,3,2,5,1.5,662,114.56854152679443,0.6337778902296007,1110,245.0365778207779,1648.5,184.5596523284912,0.6733393994540491,0.7531922538661959,0.232311658784718,0.6081704136532451,481,285.0782079696655,20,29,51,6,55,2.6267786493651095,71397
339,tile_x6144_y48128_gray_matter_cell_0,2017-063_Iba1_Temporal_pole_Batch_8,tile_x6144_y48128_gray_matter,157.35266,229.81909,273.1767,369.28235,136,2,4,5,3,8,1.6666666666666667,292,61.69848430156708,0.9639260675244604,818,288.1076455116272,3283.0,303.77460074424744,0.2491623515077672,1.054378824986746,0.1238379063581305,0.4470723688459229,526,345.8061298131943,10,24,119,4,136,2.6266093189089594,66354
340,tile_x80896_y23552_gray_matter_cell_2,2014-048_Iba1_Temporal_pole_Batch_8,tile_x80896_y23552_gray_matter,92.36871,27.792778,206.41019,126.559425,90,1,3,3,2,5,1.5,732,110.81118214130402,0.7491241002914591,797,225.9655101299286,3343.0,252.590239405632,0.2384086150164523,1.117826518128339,0.1961479947536635,0.658435308108387,269,176.99494767189026,18,63,78,6,90,2.6257714080145274,13876
341,tile_x25088_y52224_gray_matter_cell_1,2017-160_Iba1_Temporal_pole_Batch_6,tile_x25088_y52224_gray_matter,368.14215,331.64783,468.50336,459.3108,245,8,2,11,1,12,11.0,656,107.39696860313416,0.7147096684627756,1927,624.2985513210297,6400.0,327.5100905895233,0.30109375,0.5246049184264558,0.0621307969547461,0.749791422243572,1289,660.6833273172379,17,45,104,12,245,2.625574730424289,84770
342,tile_x42496_y48128_gray_matter_cell_1,2014-048_Iba1_Temporal_pole_Batch_8,tile_x42496_y48128_gray_matter,55.04201,114.79219,160.22224,192.64925,50,0,4,3,3,6,1.0,863,126.22539567947388,0.6806552179952658,1509,251.722869515419,2368.0,213.60574996471405,0.6372466216216216,0.8485750634255735,0.2992635036105729,0.6521773080947708,664,310.0071402788162,16,25,54,3,50,2.6236313728369907,5136
343,tile_x16896_y44544_gray_matter_cell_6,2018-001_Iba1_Temporal_pole_Batch_6,tile_x16896_y44544_gray_matter,246.8028,269.0603,313.98853,322.24152,89,3,1,4,1,5,4.0,283,62.62741661071777,0.9067077019351556,551,201.3380935192108,1744.5,169.9433730840683,0.3158498137002006,0.8440696448129078,0.1708085315297312,0.7590534696937159,314,192.02438521385196,11,20,55,7,89,2.6187396965875043,95986
344,tile_x73728_y58368_gray_matter_cell_1,2017-063_Iba1_Temporal_pole_Batch_8,tile_x73728_y58368_gray_matter,165.67862,420.48828,209.84305,474.34314,52,1,2,3,2,5,1.5,269,58.87005722522736,0.975378611737476,597,139.15432798862457,1198.0,139.51327061653137,0.498330550918197,1.002579457161664,0.3874277804063488,0.7734560520651252,353,161.29646337032318,10,17,37,6,52,2.61297045171747,67747
345,tile_x79360_y43520_gray_matter_cell_2,2017-129_Iba1_Tp_B8_100,tile_x79360_y43520_gray_matter,311.8314,129.3865,355.62405,174.17007,8,0,1,1,1,2,1.0,618,92.6690467596054,0.9043341844204404,855,118.911687374115,856.5,113.1852524280548,0.9982486865148862,0.9518429594893906,0.7598482980273783,0.8401513775411236,237,201.5807341337204,17,17,25,1,8,2.611688588791513,80190
346,tile_x46080_y75264_gray_matter_cell_3,2014-048_Iba1_Temporal_pole_Batch_8,tile_x46080_y75264_gray_matter,19.840408,119.61075,103.77481,264.4652,110,1,4,4,4,8,1.0,592,116.56854152679443,0.5474807396003679,945,372.6761870384216,2840.5,286.5412095785141,0.3326879070586164,0.7688744801635868,0.0855024158222438,0.4347408778022089,526,270.1076455116272,10,26,81,14,110,2.6114755405012344,5996
347,tile_x8192_y8192_gray_matter_cell_1,2014-048_Iba1_Temporal_pole_Batch_8,tile_x8192_y8192_gray_matter,45.71689,13.9409485,182.24533,227.42715,304,4,4,9,3,12,3.0,583,89.25483322143555,0.9196338175717228,2016,550.7005722522736,11843.5,443.8702334165573,0.170219951872335,0.8060101183501627,0.0835351652845919,0.7554015737019869,1433,550.7005722522736,12,60,120,8,304,2.610968663539191,14057
348,tile_x52736_y35840_gray_matter_cell_1,2017-026_Iba1_Temporal_pole_Batch_8,tile_x52736_y35840_gray_matter,166.9165,338.47525,204.72723,383.5007,17,0,4,3,5,8,0.6,281,61.11269783973694,0.94548201371632,617,111.15432798862456,659.5,99.63073778152466,0.935557240333586,0.8963280115527374,0.6275412425428982,0.8349067480406205,336,173.68123936653137,9,11,19,3,17,2.6105832451857447,47580
349,tile_x65024_y41472_gray_matter_cell_1,2017-160_Iba1_Temporal_pole_Batch_6,tile_x65024_y41472_gray_matter,179.65985,228.99141,253.09042,399.0821,104,1,5,4,5,9,0.8,956,175.88224983215332,0.3883503774599448,1209,452.534051656723,3204.0,324.7466738224029,0.3773408239700374,0.7176182049361995,0.0741879955013687,0.3817798019375359,610,271.09545290470123,14,86,121,7,104,2.6094217394030697,91450
350,tile_x64000_y65024_gray_matter_cell_0,2017-063_Iba1_Temporal_pole_Batch_6,tile_x64000_y65024_gray_matter,45.557175,13.132385,103.279175,75.3361,52,2,2,3,3,6,1.0,369,78.5269113779068,0.7519677201623896,760,169.53910398483276,1186.5,144.56357300281525,0.6405394016013485,0.8526857203146958,0.3322643060832305,0.7134439497507489,392,238.6518018245697,15,21,36,7,52,2.607349217467957,59659
351,tile_x10240_y30208_gray_matter_cell_0,2017-014_Iba1_Temporal_pole_Batch_6,tile_x10240_y30208_gray_matter,95.72699,358.48547,166.23502,428.01135,91,3,1,6,0,6,0.0,365,81.94112491607666,0.6831229639394901,743,267.76449966430664,1785.5,177.37803852558136,0.416129935592271,0.662440460733063,0.1302244952269468,0.7131321602867297,424,234.45079135894773,18,35,53,10,91,2.6053282436253853,31682
352,tile_x36352_y30208_gray_matter_cell_2,2018-001_Iba1_Temporal_pole_Batch_6,tile_x36352_y30208_gray_matter,318.38074,161.6348,439.63513,261.49335,133,3,4,5,6,11,0.8333333333333334,975,180.75230705738068,0.3750133957860661,2410,428.2325359582901,5703.5,312.28669035434723,0.4225475585167003,0.7292455946989604,0.1651458197571567,0.7349272655943291,1441,582.0142805576324,13,22,76,7,133,2.602587432049239,104000
353,tile_x64000_y38400_gray_matter_cell_1,2017-014_Iba1_Temporal_pole_Batch_6,tile_x64000_y38400_gray_matter,339.2001,189.5643,457.05527,304.78195,203,5,5,10,3,13,3.333333333333333,535,106.81118214130402,0.5892915350714675,1500,547.4284940958023,6155.0,308.46763002872467,0.2437043054427295,0.56348478998746,0.0628993742610477,0.8128655679790708,999,555.1858534812927,13,52,62,13,203,2.6014984257305946,39463
354,tile_x47616_y15872_gray_matter_cell_0,2016-020_Iba1_Temporal_pole_Batch_8,tile_x47616_y15872_gray_matter,362.21954,290.43927,466.39948,417.24237,170,2,5,7,5,12,1.4,561,99.74011445045473,0.7086519733453538,1267,352.534051656723,4984.0,278.62842631340027,0.2542134831460674,0.7903589029314884,0.1281103843743151,0.806746432383816,714,425.546244263649,12,30,69,8,170,2.6005602030376034,22265
355,tile_x27648_y15872_gray_matter_cell_0,2017-014_Iba1_Temporal_pole_Batch_6,tile_x27648_y15872_gray_matter,327.1266,255.74677,459.81018,435.153,218,6,6,10,4,14,2.5,787,162.40916121006012,0.3749415320614981,1758,604.3990565538406,15343.5,501.49081921577454,0.1145762049076156,0.8297346161907867,0.0604757383336302,0.7666697502795223,1120,531.6295045614243,16,64,110,15,218,2.5982820195697105,34425
356,tile_x33792_y44544_gray_matter_cell_0,2017-026_Iba1_Temporal_pole_Batch_8,tile_x33792_y44544_gray_matter,184.88867,98.00294,259.65637,196.33936,70,1,5,6,5,11,1.2,272,58.28427076339722,1.0061808187250003,786,215.37972366809845,1302.5,159.0305211544037,0.6034548944337812,0.738372760657223,0.2129230993436351,0.6471823008397579,518,253.52185904979703,9,10,45,5,70,2.5958021101735604,45039
357,tile_x52224_y35328_gray_matter_cell_0,2017-063_Iba1_Temporal_pole_Batch_6,tile_x52224_y35328_gray_matter,378.11127,67.90355,509.5041,239.4282,336,5,5,10,5,15,2.0,785,108.56854152679443,0.836896040931008,1906,550.0731556415558,12818.0,457.9602279663086,0.1486971446403495,0.832544223017364,0.0791574613916646,0.7680236710340479,1121,648.6416971683502,15,86,107,30,336,2.5947975758273167,57942
358,tile_x31232_y14848_gray_matter_cell_1,2018-001_Iba1_Temporal_pole_Batch_6,tile_x31232_y14848_gray_matter,421.62167,348.3429,488.5023,408.65637,25,0,1,1,1,2,1.0,863,119.63960921764374,0.7576535947373231,736,153.09545290470123,1153.0,158.75249636173248,0.6383347788378144,1.036951087375225,0.3946054640550006,0.5749075933675001,158,116.95331752300262,23,23,51,2,25,2.5921048308123815,101735
359,tile_x46080_y22016_gray_matter_cell_0,2017-063_Iba1_Temporal_pole_Batch_6,tile_x46080_y22016_gray_matter,16.253113,285.5946,185.91902,368.46045,250,6,2,9,2,11,4.5,304,63.455843687057495,0.9487246882902372,782,447.26197350025177,6126.0,356.55566251277924,0.1276526281423441,0.797196461220235,0.0491238804286547,0.6055251426117758,534,407.7056245803833,11,36,94,7,250,2.591053050522646,57024
360,tile_x86016_y45568_gray_matter_cell_0,2017-129_Iba1_Tp_B8_100,tile_x86016_y45568_gray_matter,58.741108,352.70868,143.89989,430.31744,95,0,4,4,4,8,1.0,281,60.87005722522736,0.9530348102722128,622,226.02438521385196,2391.5,204.7838250398636,0.260087810997282,0.906025360255303,0.1529993745437538,0.7166200383533902,350,229.09545290470123,8,12,54,3,95,2.5904337794583783,80797
361,tile_x53248_y10240_gray_matter_cell_2,2017-014_Iba1_Temporal_pole_Batch_6,tile_x53248_y10240_gray_matter,194.8356,386.78827,292.02963,436.08807,66,1,2,3,2,5,1.5,593,106.42640614509584,0.6579089031008378,1071,238.6518018245697,2083.5,199.51788449287412,0.5140388768898488,0.8360208595430489,0.2363033614425567,0.6577179677683459,533,242.99494767189023,18,21,65,5,66,2.5903153284587006,39120
362,tile_x6656_y42496_gray_matter_cell_0,2018-001_Iba1_Temporal_pole_Batch_6,tile_x6656_y42496_gray_matter,108.73817,356.6845,189.7091,465.82178,115,3,3,4,4,8,1.0,1284,154.95331752300262,0.6720059681307812,3635,322.14927566051483,4660.5,269.73764991760254,0.779959231842077,0.8373063989187908,0.4401492445958805,0.8049320823827071,2351,322.14927566051483,22,66,69,8,115,2.5827042156826847,106080
363,tile_x7680_y9728_gray_matter_cell_0,2016-032_Iba1_Temporal_pole_Batch_8,tile_x7680_y9728_gray_matter,300.67538,238.49315,362.94986,301.51172,113,6,3,4,4,8,1.0,589,109.63960921764374,0.6157298395723407,1666,207.23758828639984,1933.0,164.70922112464905,0.8618727366787378,0.7947844910114612,0.487469897355068,0.8953769109060064,1084,306.9777027368545,8,21,32,12,113,2.5823683558143986,30848
364,tile_x67584_y34304_gray_matter_cell_3,2017-063_Iba1_Temporal_pole_Batch_6,tile_x67584_y34304_gray_matter,347.43433,121.11209,462.93555,276.13928,304,5,3,8,3,11,2.6666666666666665,248,56.87005722522736,0.9635942822522644,1225,505.445739030838,10730.0,420.6082239151001,0.1141658900279589,0.8321530709143798,0.0602555247885907,0.7621738885013771,980,551.4873691797256,8,60,125,11,304,2.5815007842587,60152
365,tile_x15360_y26112_gray_matter_cell_0,2016-020_Iba1_Temporal_pole_Batch_8,tile_x15360_y26112_gray_matter,178.71524,209.62793,369.1014,334.6656,198,4,3,8,2,10,4.0,835,140.56854152679443,0.531031228936182,1436,466.2325359582901,7708.5,400.4966962337494,0.1862878640461827,0.8590063226938295,0.0830154925681633,0.6039234106358521,695,414.6761870384216,18,35,90,8,198,2.5810535306524676,16029
366,tile_x97792_y18432_gray_matter_cell_3,2017-014_Iba1_Temporal_pole_Batch_6,tile_x97792_y18432_gray_matter,187.61261,160.04053,238.39526,230.76453,63,3,1,2,0,2,0.0,260,58.28427076339722,0.9617904884871328,700,168.5096664428711,1009.5,145.9285627603531,0.6934125804853888,0.8659952027726935,0.3097834885619926,0.5957109415998577,451,205.23758828639984,11,15,52,5,63,2.580418615831145,42924
367,tile_x20992_y10240_gray_matter_cell_2,2018-001_Iba1_Temporal_pole_Batch_6,tile_x20992_y10240_gray_matter,66.5874,174.89478,197.03918,254.22046,209,6,6,10,8,18,1.25,872,130.95331752300262,0.6389889362401628,2493,519.9726504087448,6078.5,319.74524974823,0.4101340791313646,0.6149270533688296,0.1158700355508953,0.7471332814722312,1624,608.2985513210297,14,28,69,12,209,2.5792085267710605,96988
368,tile_x65536_y19968_gray_matter_cell_1,2017-160_Iba1_Temporal_pole_Batch_6,tile_x65536_y19968_gray_matter,176.74658,93.2964,276.32465,243.93446,181,2,5,7,4,11,1.75,463,89.5979790687561,0.724760351573284,799,397.6051193475723,5019.5,317.5129494667053,0.1591792011156489,0.7985635345634138,0.0635115494887842,0.6256730345584266,483,340.634556889534,9,24,93,10,181,2.5775539314199194,91478
369,tile_x53248_y61440_gray_matter_cell_2,2014-048_Iba1_Temporal_pole_Batch_8,tile_x53248_y61440_gray_matter,225.02597,79.56256,253.38828,114.7027,0,0,0,0,0,0,0.0,692,109.11269783973694,0.7304077465353377,470,107.49747383594512,481.0,81.95717561244965,0.9771309771309772,0.7624102473098741,0.5111062654595158,0.8998724865043078,21,23.313708305358887,0,0,0,0,0,2.5774752818391042,7551
370,tile_x26112_y14848_gray_matter_cell_4,2017-014_Iba1_Temporal_pole_Batch_6,tile_x26112_y14848_gray_matter,207.85129,291.74316,266.15247,366.90332,70,0,3,3,3,6,1.0,387,76.76955199241638,0.8251688340733954,616,195.3380935192108,1973.5,184.60762095451355,0.3121357993412718,0.9450671788007292,0.2028694663193613,0.727692239882713,261,200.4091612100601,13,24,60,4,70,2.576903436153065,34172
371,tile_x48640_y36864_gray_matter_cell_0,2014-048_Iba1_Temporal_pole_Batch_8,tile_x48640_y36864_gray_matter,213.938,243.68115,303.15576,314.2884,101,1,4,4,5,9,0.8,748,105.9827550649643,0.836837343028306,1699,282.1076455116272,3664.5,237.8404574394226,0.4636376040387501,0.8430840539896672,0.2682708777886929,0.8140538359340149,951,282.1076455116272,15,22,63,7,101,2.5761827464882043,6463
372,tile_x76800_y45056_gray_matter_cell_0,2017-129_Iba1_Tp_B8_100,tile_x76800_y45056_gray_matter,393.44507,69.24433,496.07294,238.02246,184,2,3,5,3,8,1.6666666666666667,317,65.69848430156708,0.9229080321176524,1137,456.71781718730927,5884.5,315.8525799512863,0.1932194748916645,0.6915705235597339,0.0684974525181154,0.7412258792088418,834,491.34523379802704,11,56,70,10,184,2.572688420346123,79938
373,tile_x10752_y42496_gray_matter_cell_0,2017-160_Iba1_Temporal_pole_Batch_6,tile_x10752_y42496_gray_matter,179.65125,267.83044,327.23172,425.23834,247,3,3,7,2,9,3.5,780,114.46803629398346,0.7480592571307814,1818,521.9310202598572,8231.0,373.221066236496,0.2208723119912525,0.7150773794795297,0.0838643768378002,0.7425576338459589,1043,600.357426404953,15,70,87,8,247,2.5717843611412805,81598
374,tile_x21504_y9216_gray_matter_cell_2,2017-160_Iba1_Temporal_pole_Batch_6,tile_x21504_y9216_gray_matter,201.21729,86.99559,287.76013,191.96846,128,1,5,6,5,11,1.2,895,128.71067690849304,0.6788967828855524,2295,441.2030984163284,4458.0,251.51976537704468,0.5148048452220727,0.5700770603829836,0.148154704476044,0.8855349158064431,1400,441.2030984163284,17,27,60,6,128,2.570107462564663,84000
375,tile_x53760_y59904_gray_matter_cell_1,2016-020_Iba1_Temporal_pole_Batch_8,tile_x53760_y59904_gray_matter,280.23584,86.98865,394.89185,138.67563,106,3,2,5,2,7,2.5,421,80.42640614509583,0.8178895032105273,917,231.82337474823,2184.5,223.5097219944,0.4197756923781185,0.9641379875396132,0.2144197336527774,0.5495017455287231,496,278.4507913589477,16,24,58,11,106,2.568705318968808,23418
376,tile_x27136_y48128_gray_matter_cell_5,2018-001_Iba1_Temporal_pole_Batch_6,tile_x27136_y48128_gray_matter,79.305084,448.83774,198.30377,505.44656,110,1,4,4,3,7,1.3333333333333333,705,107.25483322143556,0.77013212048548,1234,268.99494767189026,3188.0,245.9174563884735,0.3870765370138017,0.914208458251172,0.2143072076439791,0.662444441782724,537,323.62236428260803,11,76,85,5,110,2.5662908825537496,99681
377,tile_x70656_y44032_gray_matter_cell_0,2014-048_Iba1_Temporal_pole_Batch_8,tile_x70656_y44032_gray_matter,293.42017,96.38818,334.58142,164.23889,31,0,1,1,1,2,1.0,298,63.94112491607666,0.9159369577495012,849,146.46803629398346,965.5,133.61338698863983,0.8793371310201968,0.9122358049537688,0.4973153179837474,0.6796138108596326,551,146.46803629398346,13,21,42,2,31,2.564799818813811,11363
378,tile_x67072_y41984_gray_matter_cell_1,2017-026_Iba1_Temporal_pole_Batch_8,tile_x67072_y41984_gray_matter,331.0715,318.40344,440.3024,419.49255,112,1,3,3,2,5,1.5,340,66.5269113779068,0.9653705789046024,1738,338.9188276529312,3186.5,271.33829748630524,0.5454260160050212,0.8005996579339298,0.1901377039463113,0.5438781297500072,1398,338.9188276529312,10,46,63,5,112,2.5628732918897503,49407
379,tile_x8704_y25600_gray_matter_cell_1,2018-001_Iba1_Temporal_pole_Batch_6,tile_x8704_y25600_gray_matter,235.3176,221.3002,375.43893,311.65732,177,4,3,7,2,9,3.5,699,118.42640614509584,0.6263108562145243,2086,504.8599525690079,6026.0,312.0179178714752,0.3461666113508131,0.6180286558356525,0.1028447966492947,0.7778214624803951,1387,595.2863587141037,10,54,77,14,177,2.5622500235843146,106424
380,tile_x31232_y15360_gray_matter_cell_1,2014-048_Iba1_Temporal_pole_Batch_8,tile_x31232_y15360_gray_matter,79.65048,199.77875,221.11926,274.04953,124,1,3,4,3,7,1.3333333333333333,701,114.1248904466629,0.6763432104977865,1537,407.6051193475723,4759.0,298.2026263475418,0.3229670098760244,0.7315968622397477,0.1162530810163442,0.6725160301305027,866,440.8183224201202,20,41,98,6,124,2.5602454527845118,2760
381,tile_x19456_y13824_gray_matter_cell_3,2018-001_Iba1_Temporal_pole_Batch_6,tile_x19456_y13824_gray_matter,89.32274,99.146484,179.55449,145.06197,27,0,3,2,2,4,1.0,982,159.78174459934235,0.4833559113526761,1406,245.13708305358887,1919.5,194.2932564020157,0.7324824172961709,0.7925902274016277,0.2940201918805227,0.6389730275738744,464,321.5634891986847,25,25,48,4,27,2.5585201651949125,96627
382,tile_x73728_y17408_gray_matter_cell_0,2017-129_Iba1_Tp_B8_100,tile_x73728_y17408_gray_matter,315.2527,68.47734,350.72327,118.242645,25,1,1,1,2,3,0.5,478,87.84061968326569,0.7784791382951299,720,118.56854152679443,751.0,109.49506223201752,0.9587217043941412,0.9234748173677546,0.6435812825202569,0.7871558574555579,306,125.88224983215332,10,18,26,3,25,2.558373143979284,79513
383,tile_x59392_y15360_gray_matter_cell_0,2017-129_Iba1_Tp_B8_100,tile_x59392_y15360_gray_matter,2.795288,288.1938,151.92365,480.0412,313,6,3,7,3,10,2.333333333333333,534,85.35533845424652,0.9210638629714591,2493,725.3107439279556,12355.0,443.4824630022049,0.2017806556050182,0.611437879164045,0.0595502955468786,0.7894047078018335,1959,800.4234417676926,13,49,121,7,313,2.5575427710355396,77775
384,tile_x37888_y50176_gray_matter_cell_0,2018-001_Iba1_Temporal_pole_Batch_6,tile_x37888_y50176_gray_matter,66.92694,41.917664,184.0748,143.17967,153,3,2,6,1,7,6.0,277,60.28427076339722,0.9578149458272096,1291,389.26197350025177,3644.0,281.65682423114777,0.3542810098792536,0.7235662443430673,0.1070661401180321,0.5772283806927788,1014,445.546244263649,11,39,59,7,153,2.552173626531637,104624
385,tile_x69120_y48640_gray_matter_cell_0,2014-048_Iba1_Temporal_pole_Batch_8,tile_x69120_y48640_gray_matter,125.25473,29.05066,233.29169,133.11931,149,4,4,9,4,13,2.25,566,120.81118214130402,0.4873175222011356,1046,399.36247873306274,4187.0,272.1057668924332,0.249820874134225,0.6813503555858861,0.0824151455798411,0.7106198467790558,591,364.73506212234497,12,26,77,7,149,2.55155800718186,11056
386,tile_x60928_y16384_gray_matter_cell_1,2017-129_Iba1_Tp_B8_100,tile_x60928_y16384_gray_matter,237.1896,292.36646,384.19724,445.7193,327,10,3,11,2,13,5.5,655,96.08326029777528,0.8915705236276648,1885,598.9432128667831,16115.0,483.2572556734085,0.1169717654359292,0.8068498737306745,0.0660313114242349,0.8671283938389592,1242,615.1858534812927,15,85,138,7,327,2.5503270405910508,77952
387,tile_x60928_y64000_gray_matter_cell_0,2016-020_Iba1_Temporal_pole_Batch_8,tile_x60928_y64000_gray_matter,4.500202,68.54018,47.777264,114.62904,0,0,0,0,0,0,0.0,781,107.74011445045473,0.8454852447851129,911,119.63960921764374,892.5,112.2463458776474,1.0207282913165263,0.93820388257415,0.7997942350008127,0.8901714585941339,156,130.95331752300262,0,0,0,0,0,2.547396731345435,24613
388,tile_x17408_y10240_gray_matter_cell_0,2018-001_Iba1_Temporal_pole_Batch_6,tile_x17408_y10240_gray_matter,224.94981,209.84782,311.8335,348.597,150,2,3,5,3,8,1.6666666666666667,809,121.15432798862456,0.6925968620879859,1876,423.546244263649,5695.0,298.49137103557587,0.3294117647058823,0.704743283828462,0.131413816431144,0.803230203757422,1127,496.9015827178955,16,53,94,11,150,2.5473681056275623,96028
389,tile_x4608_y64512_gray_matter_cell_1,2018-001_Iba1_Temporal_pole_Batch_6,tile_x4608_y64512_gray_matter,354.2945,197.43585,436.05133,318.8554,130,3,3,7,3,10,2.333333333333333,515,83.25483322143555,0.9336802723848684,1033,320.73506212234497,3284.0,257.91963040828705,0.3145554202192448,0.8041516530858829,0.1261877823582153,0.6203606136224017,540,334.534051656723,12,31,96,5,130,2.542423263022943,105690
390,tile_x70144_y38400_gray_matter_cell_2,2017-160_Iba1_Temporal_pole_Batch_6,tile_x70144_y38400_gray_matter,302.9425,35.566612,344.92566,119.65278,85,4,2,7,2,9,3.5,197,50.041630148887634,0.9885831245916964,476,222.89444243907928,1423.0,170.21279382705688,0.3345045678144764,0.763647545288523,0.1203977404868348,0.6172063190373855,343,192.1665205955505,9,23,49,8,85,2.5420207021225263,92249
391,tile_x44032_y36864_gray_matter_cell_0,2017-160_Iba1_Temporal_pole_Batch_6,tile_x44032_y36864_gray_matter,403.6093,321.28223,500.08612,428.53906,197,7,4,11,4,15,2.75,434,95.9827550649643,0.5919883637532268,959,469.7300097942352,5462.0,294.1878055334091,0.1755767118271695,0.6262912724317482,0.0546175050148278,0.79307128668348,654,386.8183224201202,14,44,70,18,197,2.541564434723992,88500
392,tile_x44032_y47104_gray_matter_cell_2,2017-129_Iba1_Tp_B8_100,tile_x44032_y47104_gray_matter,128.61499,35.87343,277.5907,155.9038,138,3,3,6,3,9,2.0,1015,158.40916121006012,0.5082943913036139,1922,488.1147857904434,5122.5,349.26580810546875,0.3752074182528062,0.7155403160751924,0.1013723047878949,0.5276910003705638,1002,478.9432128667832,13,46,112,5,138,2.5399805701009406,75899
393,tile_x34816_y14848_gray_matter_cell_2,2018-001_Iba1_Temporal_pole_Batch_6,tile_x34816_y14848_gray_matter,280.03256,377.8259,387.36325,493.79337,204,6,3,9,2,11,4.5,371,74.76955199241638,0.8339388698995299,1653,509.8305150270462,5390.5,304.67778611183167,0.3066505889991652,0.5976060222595124,0.0799155082555195,0.7297218189030195,1330,535.7300097942352,13,16,73,8,204,2.5387678771541426,103257
394,tile_x35840_y51200_gray_matter_cell_1,2017-063_Iba1_Temporal_pole_Batch_6,tile_x35840_y51200_gray_matter,8.08873,258.6187,112.58391,388.143,135,2,6,8,6,14,1.3333333333333333,821,132.56854152679443,0.5870459070387292,1054,426.71781718730927,4363.0,266.7002075910568,0.2415768966307586,0.6250036835794646,0.0727392671706177,0.7708118267997625,492,337.7056245803833,10,46,52,10,135,2.538700825842819,55583
395,tile_x15360_y9728_gray_matter_cell_1,2017-026_Iba1_Temporal_pole_Batch_8,tile_x15360_y9728_gray_matter,121.074554,281.12036,282.47467,348.07434,192,4,2,6,2,8,3.0,426,77.5979790687561,0.8890345550912901,1438,426.6761870384216,4326.0,311.6385588645935,0.3324086916319926,0.7303865749520511,0.0992594671079705,0.5597498739447139,1012,483.546244263649,13,66,79,18,192,2.5379488353017474,43629
396,tile_x1024_y37888_gray_matter_cell_2,2017-063_Iba1_Temporal_pole_Batch_8,tile_x1024_y37888_gray_matter,348.76282,177.6381,386.25122,210.21852,5,0,1,1,1,2,1.0,603,97.35533845424652,0.7994800561535843,540,127.63960921764374,609.5,91.268603682518,0.8859721082854799,0.7150492252517948,0.4165169620113089,0.9194767696016471,98,76.18376553058624,13,16,17,2,5,2.535338422969637,62530
397,tile_x23552_y20992_gray_matter_cell_2,2017-063_Iba1_Temporal_pole_Batch_8,tile_x23552_y20992_gray_matter,46.66547,440.53265,120.42215,489.71417,80,4,3,5,4,9,1.25,254,57.69848430156708,0.958770739096867,382,155.39696860313416,995.5,139.284641623497,0.3837267704671019,0.8963150496147312,0.1987870742385975,0.644829156430391,180,128.32590091228485,10,16,37,8,80,2.5309408732504632,63424
398,tile_x33280_y53760_gray_matter_cell_0,2016-020_Iba1_Temporal_pole_Batch_8,tile_x33280_y53760_gray_matter,140.11766,218.56476,231.93153,376.6626,178,9,4,12,5,17,2.4,954,126.56854152679443,0.7483533159916567,2345,421.1614682674408,3927.0,285.46891808509827,0.5971479500891266,0.6778134743889327,0.1661328245623007,0.6055543205724379,1407,475.78888487815857,13,55,90,7,178,2.5307027545364704,19617
399,tile_x67072_y63488_gray_matter_cell_1,2014-048_Iba1_Temporal_pole_Batch_8,tile_x67072_y63488_gray_matter,3.6862183,148.19572,46.928436,203.06474,18,0,1,1,1,2,1.0,550,89.5979790687561,0.860946421955305,635,130.6690467596054,754.5,117.07514441013336,0.8416169648774022,0.8959669280018471,0.4673455841749562,0.6917349258157514,184,112.42640614509584,18,25,34,2,18,2.5299350940791916,10597
400,tile_x55808_y35328_gray_matter_cell_0,2017-026_Iba1_Temporal_pole_Batch_8,tile_x55808_y35328_gray_matter,285.38287,3.2952728,401.3296,143.08766,239,9,5,13,6,19,2.1666666666666665,1057,167.63960921764374,0.4726411950866845,2718,588.357426404953,8564.0,372.4586260318756,0.3173750583839327,0.6330482276865506,0.0986681163365191,0.7757654772525763,1686,687.269113779068,17,40,72,22,239,2.529313287030927,47953
401,tile_x27648_y34304_gray_matter_cell_1,2016-020_Iba1_Temporal_pole_Batch_8,tile_x27648_y34304_gray_matter,95.561356,400.66156,172.4966,504.8698,105,3,3,6,3,9,2.0,681,113.39696860313416,0.66550923466359,1338,360.8771975040436,3171.5,236.6165887117386,0.4218823900362604,0.6556706556919195,0.1291061987695398,0.7118429726486638,708,378.0904005765915,17,35,75,6,105,2.5292738537719783,18573
402,tile_x3584_y35328_gray_matter_cell_4,2016-020_Iba1_Temporal_pole_Batch_8,tile_x3584_y35328_gray_matter,213.25787,207.28165,272.2014,339.499,67,2,2,4,2,6,2.0,606,112.911687374115,0.597316749295622,883,277.0365778207779,1895.0,202.48559844493863,0.4659630606860158,0.7308984251744974,0.144576044960512,0.5808056044584728,378,211.92387998104093,21,28,64,4,67,2.5281771804269955,20045
403,tile_x10240_y59904_gray_matter_cell_2,2018-001_Iba1_Temporal_pole_Batch_6,tile_x10240_y59904_gray_matter,325.83228,226.51772,390.40674,292.16956,154,8,1,5,1,6,5.0,273,60.28427076339722,0.943983683071582,840,293.62236428260803,2357.0,189.54720294475555,0.3563852354688163,0.6455475672224975,0.1224364946889036,0.8243937417967007,720,266.5512965917587,10,45,59,14,154,2.528128650314406,93643
404,tile_x68608_y35840_gray_matter_cell_1,2017-063_Iba1_Temporal_pole_Batch_6,tile_x68608_y35840_gray_matter,318.73608,205.74411,393.93427,299.65433,104,2,4,6,4,10,1.5,808,145.53910398483276,0.479360043505959,1094,366.8771975040436,3575.0,235.6747654676437,0.306013986013986,0.6423805215232713,0.1021376229240434,0.8088346409284589,522,267.0365778207779,15,58,62,14,104,2.5275239195518564,60309
405,tile_x37376_y12288_gray_matter_cell_2,2014-048_Iba1_Temporal_pole_Batch_8,tile_x37376_y12288_gray_matter,134.00143,119.32361,191.47205,182.39844,51,0,4,4,4,8,1.0,372,70.5269113779068,0.9398165183038848,854,194.02438521385196,1371.5,153.50215828418732,0.6226759022967554,0.7911487935652965,0.2850723544909291,0.7314366263501277,482,258.5512965917587,11,20,38,5,51,2.5274739171163576,3972
406,tile_x4608_y13824_gray_matter_cell_0,2017-063_Iba1_Temporal_pole_Batch_8,tile_x4608_y13824_gray_matter,1.1454773,351.72528,50.56111,389.1043,31,0,4,4,4,8,1.0,347,66.5269113779068,0.9852458555291088,707,137.39696860313416,829.0,109.80274033546448,0.8528347406513872,0.7991642133868722,0.4706249808645941,0.8640483332689841,360,204.75230705738068,10,18,19,7,31,2.5262835444391567,64943
407,tile_x80896_y42496_gray_matter_cell_0,2017-129_Iba1_Tp_B8_100,tile_x80896_y42496_gray_matter,88.98442,33.649254,175.55754,108.36138,125,5,4,5,4,9,1.25,487,82.18376553058624,0.9060804356536102,1432,289.4629839658737,2490.0,200.60628461837769,0.5751004016064257,0.6930291461447388,0.2147666349277527,0.7775353483431346,954,346.9188276529312,13,31,58,9,125,2.5259389013147655,80278
408,tile_x11264_y53760_gray_matter_cell_0,2016-032_Iba1_Temporal_pole_Batch_8,tile_x11264_y53760_gray_matter,358.3977,166.76413,454.06152,232.8223,145,6,3,9,2,11,4.5,287,62.041630148887634,0.9369692968894676,1624,362.634556889534,3481.0,225.69907355308533,0.4665326055731111,0.6223871091850685,0.1551877777432562,0.8587254505253302,1337,425.50461411476135,9,43,69,9,145,2.5257006821867707,28640
409,tile_x9728_y8704_gray_matter_cell_0,2014-048_Iba1_Temporal_pole_Batch_8,tile_x9728_y8704_gray_matter,339.86438,261.2022,433.9676,467.6651,232,3,3,6,3,9,2.0,655,98.18376553058624,0.8538307585289283,2548,545.0437180995941,8824.5,418.5622843503952,0.2887415717604397,0.7679425896509693,0.1077820924453887,0.6329651314396296,1893,545.0437180995941,14,106,152,23,232,2.5216329898657426,14912
410,tile_x80384_y58368_gray_matter_cell_0,2016-020_Iba1_Temporal_pole_Batch_8,tile_x80384_y58368_gray_matter,246.79483,61.792175,359.442,226.07758,221,3,4,7,4,11,1.75,860,140.71067690849304,0.545825989442524,1786,479.546244263649,6329.0,337.2401623725891,0.2821930794754305,0.7032484695827966,0.0975956207148393,0.6993045922891092,964,513.8305150270462,15,59,78,9,221,2.5185583285630324,27655
411,tile_x1024_y34304_gray_matter_cell_2,2018-001_Iba1_Temporal_pole_Batch_6,tile_x1024_y34304_gray_matter,332.3765,415.10605,414.32132,482.3564,143,4,3,6,2,8,3.0,229,55.455843687057495,0.9357303429350176,771,328.29141104221344,2615.0,212.85803985595703,0.2948374760994264,0.6483813852461301,0.0898970004055768,0.7252728831019902,628,291.90663504600525,9,35,66,8,143,2.5183734483423117,93666
412,tile_x29696_y21504_gray_matter_cell_4,2017-129_Iba1_Tp_B8_100,tile_x29696_y21504_gray_matter,135.7424,307.58868,268.52112,437.0506,199,3,1,4,1,5,4.0,523,83.84061968326569,0.9349805869051642,1856,417.9898953437805,7368.0,372.0315397977829,0.251900108577633,0.8900491230578704,0.1334923165791586,0.6689597097481707,1333,417.9898953437805,14,18,137,4,199,2.5169008582243575,73211
413,tile_x34816_y38912_gray_matter_cell_0,2017-160_Iba1_Temporal_pole_Batch_6,tile_x34816_y38912_gray_matter,104.112434,340.0346,181.24274,390.55463,56,2,1,4,1,5,4.0,529,86.42640614509583,0.8899643860217591,855,196.4091612100601,1398.5,159.33572435379028,0.61136932427601,0.8112438512141513,0.2785175055314757,0.6922229863789223,335,235.62236428260803,16,40,47,14,56,2.5105534950788124,87121
414,tile_x62976_y20992_gray_matter_cell_3,2017-160_Iba1_Temporal_pole_Batch_6,tile_x62976_y20992_gray_matter,35.602036,34.21585,130.53802,178.50992,102,2,2,4,1,5,4.0,455,113.15432798862456,0.4465590766927937,1840,354.7766922712326,3073.5,305.8936949968338,0.5986660159427363,0.8622147442622106,0.1837035404743038,0.4127642072034549,1453,396.8183224201202,23,23,108,5,102,2.509977627533837,91152
415,tile_x21504_y26624_gray_matter_cell_2,2018-001_Iba1_Temporal_pole_Batch_6,tile_x21504_y26624_gray_matter,366.52368,117.45694,432.01013,197.03516,100,2,2,4,2,6,2.0,254,57.69848430156708,0.958770739096867,925,305.3208485841751,1702.0,174.05367708206177,0.5434782608695652,0.5700681034039384,0.1246920242274291,0.7059972581509631,683,320.04877042770386,10,23,58,11,100,2.5094982262103276,97220
416,tile_x45056_y49664_gray_matter_cell_0,2016-032_Iba1_Temporal_pole_Batch_8,tile_x45056_y49664_gray_matter,404.96893,208.7048,510.10754,304.5616,246,11,4,15,4,19,3.75,597,92.08326029777528,0.8847545813217195,2103,558.7005722522736,4078.0,248.17783534526825,0.5156939676311918,0.4442054432570134,0.0846624640751986,0.8320148944971552,1535,606.3990565538406,14,33,55,16,246,2.509479522921419,29570
417,tile_x47616_y63488_gray_matter_cell_0,2014-048_Iba1_Temporal_pole_Batch_8,tile_x47616_y63488_gray_matter,233.31126,36.827507,304.6516,120.677376,88,3,3,6,3,9,2.0,244,56.28427076339722,0.9678891091858712,453,187.5807341337204,1790.0,187.95547366142276,0.253072625698324,1.0019977506188626,0.161782522862031,0.6367265208005665,242,169.68123936653137,9,14,49,5,88,2.5076013336971146,6296
418,tile_x2048_y59392_gray_matter_cell_0,2018-001_Iba1_Temporal_pole_Batch_6,tile_x2048_y59392_gray_matter,300.8938,221.11128,431.98865,339.43304,321,8,3,10,3,13,3.333333333333333,420,89.84061968326569,0.6539035222971968,2280,726.4823168516159,10266.5,389.8683023452759,0.222081527297521,0.5366521569786626,0.0542868466534192,0.8487825093370607,1951,733.7960251569748,10,79,104,9,321,2.507599994921861,96984
419,tile_x24576_y13824_gray_matter_cell_4,2017-014_Iba1_Temporal_pole_Batch_6,tile_x24576_y13824_gray_matter,273.71844,42.635193,453.80426,188.27101,318,7,4,11,4,15,2.75,438,77.01219260692596,0.928036372574019,2303,724.3818116188049,10287.5,425.62814724445343,0.2238639125151883,0.5875743156682596,0.0551529475753469,0.7136068842067625,1866,794.5655771493912,12,49,150,10,318,2.5059597915105143,33876
420,tile_x9216_y13312_gray_matter_cell_0,2017-026_Iba1_Temporal_pole_Batch_8,tile_x9216_y13312_gray_matter,257.51276,269.8521,327.5241,373.8105,115,3,4,5,1,6,5.0,346,69.69848430156708,0.8950335091930706,1048,288.3502861261368,2009.5,219.3289293050766,0.5215227668574273,0.7606336454583323,0.1583909535203282,0.5249356130399421,706,325.90663504600525,10,13,75,5,115,2.505528243510251,51923
421,tile_x67072_y20480_gray_matter_cell_4,2014-048_Iba1_Temporal_pole_Batch_8,tile_x67072_y20480_gray_matter,377.24164,98.94508,418.37433,136.03969,0,0,0,0,0,0,0.0,506,83.49747383594513,0.9120396266130768,834,107.74011445045473,810.5,102.93128991127014,1.028994447871684,0.9553664430030288,0.9028613241367274,0.9613201656717668,328,107.74011445045473,0,0,0,0,0,2.504992190930919,10527
422,tile_x16896_y42496_gray_matter_cell_0,2017-129_Iba1_Tp_B8_100,tile_x16896_y42496_gray_matter,3.0457764,165.70833,170.6958,383.6303,377,15,2,12,3,15,4.0,1610,251.42135381698608,0.3200600132510688,3366,806.6072072982788,13187.5,479.23690462112427,0.2552417061611374,0.5941391302791882,0.0650129359748181,0.7215589665059959,1984,824.3056915998459,40,79,142,14,377,2.504763597289789,70688
423,tile_x25600_y12800_gray_matter_cell_1,2017-129_Iba1_Tp_B8_100,tile_x25600_y12800_gray_matter,133.84018,154.98843,306.30328,328.9035,309,7,2,9,2,11,4.5,527,86.18376553058624,0.8915989505341533,2122,688.4406867027283,10478.5,416.88248777389526,0.2025099012263205,0.6055459763288322,0.0562629092971512,0.7576727676178083,1595,688.4406867027283,15,66,120,12,309,2.5042201282176357,72317
424,tile_x34816_y65024_gray_matter_cell_1,2017-160_Iba1_Temporal_pole_Batch_6,tile_x34816_y65024_gray_matter,196.42203,180.75418,341.1542,396.20474,367,7,7,10,9,19,1.1111111111111112,1249,293.0193328857422,0.1828014986528122,3055,706.6660823822021,17025.5,508.3158814907074,0.1794367272620481,0.7193155213805542,0.076876319729873,0.8280229641925844,2030,804.0630509853363,3,88,98,19,367,2.503761695005144,87169
425,tile_x11264_y13824_gray_matter_cell_0,2017-063_Iba1_Temporal_pole_Batch_6,tile_x11264_y13824_gray_matter,455.4408,378.49918,489.66333,408.71976,1,0,1,0,0,0,0.0,520,91.21320307254793,0.7854124731261811,356,81.11269783973694,425.0,75.75034749507904,0.8376470588235294,0.9338901246355672,0.679958127289185,0.9307424782464386,39,47.21320307254791,10,10,10,1,1,2.4990799189614488,52125
426,tile_x40448_y2048_gray_matter_cell_1,2017-129_Iba1_Tp_B8_100,tile_x40448_y2048_gray_matter,152.67319,182.10585,338.90594,350.5443,541,17,2,16,4,20,4.0,514,85.84061968326569,0.8765713958943572,2783,829.7543950080872,13798.0,445.8397325277329,0.2016958979562255,0.5373153010215601,0.0507953488709055,0.8723052084785113,2286,895.6955199241638,11,88,104,15,541,2.4986349970453685,75231
427,tile_x36864_y9216_gray_matter_cell_0,2017-014_Iba1_Temporal_pole_Batch_6,tile_x36864_y9216_gray_matter,17.61953,181.11172,66.34021,237.0021,19,0,2,1,1,2,1.0,349,75.25483322143555,0.7744020532051527,603,135.1959581375122,646.0,123.12163376808168,0.93343653250774,0.9106901971348186,0.4145718028595452,0.5355174691081112,283,131.78174459934235,15,34,37,2,19,2.4983424220428643,36319
428,tile_x70144_y19968_gray_matter_cell_0,2014-048_Iba1_Temporal_pole_Batch_8,tile_x70144_y19968_gray_matter,177.7198,362.79828,244.91695,481.43646,84,2,2,5,1,6,5.0,541,117.9827550649643,0.4883937104372851,1483,300.69343197345734,2563.0,240.9836983680725,0.5786188060866172,0.8014265452573787,0.2061119305660665,0.5546041816890154,944,404.4335464239121,23,47,74,4,84,2.497753271663516,11217
429,tile_x23552_y31744_gray_matter_cell_1,2018-001_Iba1_Temporal_pole_Batch_6,tile_x23552_y31744_gray_matter,277.29364,296.2473,305.2718,333.3053,3,0,2,0,2,2,0.0,324,67.01219260692596,0.9066657663803032,462,92.76955199241638,482.5,85.61912369728088,0.9575129533678756,0.9229226816173476,0.6745915874914565,0.8271144812282544,214,115.49747383594512,8,8,11,1,3,2.497734152228509,97873
430,tile_x2048_y34816_gray_matter_cell_1,2017-160_Iba1_Temporal_pole_Batch_6,tile_x2048_y34816_gray_matter,418.74,279.44226,480.0979,325.52625,25,0,3,3,3,6,1.0,948,117.74011445045473,0.8593484423114565,752,156.1248904466629,1404.0,146.8836156129837,0.5356125356125356,0.9408084463198628,0.3876889397509109,0.8177682840945704,113,83.5979790687561,20,21,39,4,25,2.495799250353994,83781
431,tile_x89600_y47104_gray_matter_cell_1,2016-032_Iba1_Temporal_pole_Batch_8,tile_x89600_y47104_gray_matter,373.53784,68.71911,466.80188,209.00092,141,5,4,7,3,10,2.333333333333333,480,84.08326029777527,0.8531630054904737,825,294.69343197345734,3448.0,243.64888644218445,0.2392691415313225,0.8267876376156548,0.1193776153937953,0.7298746155076529,383,255.722869515419,13,41,52,13,141,2.4916109939467415,31467
432,tile_x12800_y11776_gray_matter_cell_0,2017-063_Iba1_Temporal_pole_Batch_6,tile_x12800_y11776_gray_matter,252.93192,310.89758,382.10715,474.6051,290,9,5,11,6,17,1.8333333333333333,598,89.5979790687561,0.9360835642350408,1910,606.1147857904434,6952.0,316.5597114562988,0.274741081703107,0.5222768341535647,0.0653331313996281,0.871782897137989,1312,694.5411919355392,14,23,69,13,290,2.4906308362586858,52299
433,tile_x12800_y51200_gray_matter_cell_3,2018-001_Iba1_Temporal_pole_Batch_6,tile_x12800_y51200_gray_matter,438.25128,163.83957,489.92133,247.87936,73,2,6,8,6,14,1.3333333333333333,373,73.25483322143555,0.8734662481665199,588,210.6518018245697,1579.0,173.4897507429123,0.3723875870804306,0.8235854108069492,0.1665163311824404,0.6592412101105246,284,218.89444243907928,9,22,37,5,73,2.4824700403124695,94271
434,tile_x30720_y10752_gray_matter_cell_1,2018-001_Iba1_Temporal_pole_Batch_6,tile_x30720_y10752_gray_matter,293.2522,15.009842,402.87836,134.82895,284,6,2,6,2,8,3.0,177,53.31370830535889,0.782537840238591,1365,588.4995617866516,7366.5,338.5295443534851,0.1852983099165139,0.5752417951267941,0.0495279357725605,0.8077517430236203,1324,577.4284940958023,6,94,126,19,284,2.4819757633402117,101341
435,tile_x31232_y42496_gray_matter_cell_1,2014-048_Iba1_Temporal_pole_Batch_8,tile_x31232_y42496_gray_matter,129.93027,240.58975,215.78159,319.39938,126,2,4,5,5,10,1.0,708,98.42640614509584,0.918374604477749,2550,294.9360725879669,3069.5,210.1545870304108,0.8307541944942173,0.7125428408480979,0.3683784861394568,0.8733729848630041,1842,294.9360725879669,15,26,43,13,126,2.4818202377613976,2776
436,tile_x16384_y28672_gray_matter_cell_0,2017-063_Iba1_Temporal_pole_Batch_6,tile_x16384_y28672_gray_matter,238.56483,190.78311,386.38098,427.4656,492,11,4,12,4,16,3.0,433,80.76955199241638,0.8340698305181956,2762,1029.3595143556597,15362.5,502.2859736680985,0.1797884458909682,0.4879597134559063,0.0327566418386366,0.7651906569285016,2329,1105.300639271736,11,110,141,11,492,2.4817385388209767,52917
437,tile_x63488_y11264_gray_matter_cell_0,2014-048_Iba1_Temporal_pole_Batch_8,tile_x63488_y11264_gray_matter,352.89423,82.93558,461.88666,180.24023,159,5,12,15,12,27,1.25,1278,196.2670258283615,0.4169135738915744,1833,549.2447285652161,4710.5,277.6058863401413,0.3891306655344443,0.5054320449562203,0.0763555366994602,0.768103122969751,779,492.1320307254791,15,56,62,8,159,2.481713488764889,9708
438,tile_x33280_y53248_gray_matter_cell_2,2017-129_Iba1_Tp_B8_100,tile_x33280_y53248_gray_matter,160.8919,171.76996,219.25446,258.43594,70,1,3,3,4,7,0.75,715,104.32590091228484,0.8255276391446253,1248,267.1787132024765,2135.0,189.1377075910568,0.5845433255269321,0.7079070983013616,0.2196952876676872,0.7499831419863533,535,349.8477599620819,17,23,52,4,70,2.4812538784782605,73978
439,tile_x16384_y28672_gray_matter_cell_3,2017-063_Iba1_Temporal_pole_Batch_6,tile_x16384_y28672_gray_matter,106.068245,80.376656,259.08887,212.09406,335,9,3,8,2,10,4.0,189,48.87005722522736,0.994456917420438,1486,631.3279888629913,8861.5,374.7414531707764,0.1676917000507814,0.593576492380257,0.0468509699549978,0.7929642950785462,1351,602.0142805576324,8,39,96,18,335,2.4795230709290124,52919
440,tile_x12288_y33280_gray_matter_cell_2,2017-026_Iba1_Temporal_pole_Batch_8,tile_x12288_y33280_gray_matter,315.4171,346.30353,423.7616,481.1629,205,3,4,7,3,10,2.333333333333333,319,69.11269783973694,0.8392374486112365,598,306.5929267406464,5186.0,304.7673728466034,0.1153104512148091,0.9940456751124358,0.079944167721258,0.7016256115050966,361,252.7939372062683,12,16,61,8,205,2.4791897828751783,43323
441,tile_x32768_y18432_gray_matter_cell_0,2016-020_Iba1_Temporal_pole_Batch_8,tile_x32768_y18432_gray_matter,376.76416,128.86948,479.24628,265.1601,249,6,5,11,5,16,2.2,322,65.11269783973694,0.9544086256388136,1710,534.6589421033859,6334.5,327.29549527168274,0.2699502723182572,0.612157526037214,0.0751713422344163,0.7430912519860027,1388,598.6000670194626,10,57,80,10,249,2.4778817667407296,19503
442,tile_x59392_y27648_gray_matter_cell_1,2016-020_Iba1_Temporal_pole_Batch_8,tile_x59392_y27648_gray_matter,75.44783,230.0473,161.63788,304.29596,64,2,3,5,3,8,1.6666666666666667,365,70.76955199241638,0.9158193932977532,712,187.3380935192108,1530.5,161.05712962150574,0.4652074485462267,0.859713721838372,0.2549398143306665,0.7414524223885927,357,233.62236428260803,10,13,47,4,64,2.4757676190080886,24342
443,tile_x59904_y50176_gray_matter_cell_1,2017-063_Iba1_Temporal_pole_Batch_6,tile_x59904_y50176_gray_matter,201.3613,250.05238,298.47186,467.73474,531,15,2,19,2,21,9.5,194,54.38477599620819,0.824246109296304,2621,975.678274989128,13498.0,485.768652677536,0.1941769150985331,0.4978779021014369,0.0345990054591677,0.7188202717461621,2559,957.7787802219392,9,121,199,11,531,2.475504450390712,59025
444,tile_x30208_y8192_gray_matter_cell_2,2017-129_Iba1_Tp_B8_100,tile_x30208_y8192_gray_matter,212.36542,378.21564,325.33057,486.0805,142,3,3,7,2,9,3.5,449,85.5979790687561,0.7700681873872972,1332,405.0609630346298,3873.5,263.448921084404,0.3438750484058345,0.6503932620677668,0.1020171782654812,0.7013270271175042,883,461.6883796453476,14,17,83,7,142,2.474098283413003,73407
445,tile_x73216_y8192_gray_matter_cell_0,2014-048_Iba1_Temporal_pole_Batch_8,tile_x73216_y8192_gray_matter,299.71765,11.527496,379.29626,105.686905,96,1,3,4,3,7,1.3333333333333333,317,66.5269113779068,0.900066098566938,842,253.1787132024765,2325.0,211.2369315624237,0.3621505376344086,0.8343392258001154,0.1650697825242377,0.6547765550970105,537,276.73506212234497,9,24,49,6,96,2.4702570170856504,12072
446,tile_x50688_y38400_gray_matter_cell_1,2017-063_Iba1_Temporal_pole_Batch_6,tile_x50688_y38400_gray_matter,327.72705,6.1524086,423.2165,52.666306,68,0,4,4,4,8,1.0,493,85.11269783973694,0.8552007438283433,1265,223.48022890090945,1823.0,195.4560898542404,0.693911135490949,0.8746012603240404,0.3182893992365856,0.5996503892979735,772,223.48022890090945,16,16,58,4,68,2.470222544491298,57713
447,tile_x8192_y25088_gray_matter_cell_4,2017-129_Iba1_Tp_B8_100,tile_x8192_y25088_gray_matter,430.4274,204.07542,463.3497,233.22112,1,0,1,0,0,0,0.0,427,81.94112491607666,0.7991602893209925,448,87.25483322143555,439.5,83.04118418693542,1.0193401592718998,0.9517087033585095,0.7394501349355074,0.8009062376219228,80,77.35533845424652,13,13,13,1,1,2.465832085596631,80400
448,tile_x11776_y35328_gray_matter_cell_0,2017-026_Iba1_Temporal_pole_Batch_8,tile_x11776_y35328_gray_matter,436.50153,45.222775,487.02826,132.93634,52,2,2,5,1,6,5.0,843,122.08326029777528,0.7107636369948009,1598,248.20815074443817,2114.5,196.3253229856491,0.755734216126744,0.7909704914879728,0.3259526837533966,0.6893898934328454,755,248.20815074443817,25,44,46,5,52,2.4648101840902994,43279
449,tile_x57344_y5120_gray_matter_cell_2,2014-048_Iba1_Temporal_pole_Batch_8,tile_x57344_y5120_gray_matter,51.641205,318.59738,106.90126,389.34103,34,1,3,4,3,7,1.3333333333333333,854,121.25483322143556,0.7299105106327265,1423,202.5096664428711,1626.5,165.68173170089722,0.8748847217952659,0.8181423366653798,0.4360369040946538,0.7445856831158191,571,290.7939372062683,22,25,34,6,34,2.4629931318506215,8316
450,tile_x36352_y12800_gray_matter_cell_2,2017-129_Iba1_Tp_B8_100,tile_x36352_y12800_gray_matter,335.98853,330.44034,427.57898,413.47195,114,3,3,5,3,8,1.6666666666666667,459,80.42640614509583,0.8917132588447317,637,252.7939372062683,2899.5,223.76644718647003,0.2196930505259527,0.8851733141206105,0.1252610328476601,0.7276843655703402,279,169.1959581375122,10,35,59,5,114,2.4617523571159006,74496
451,tile_x74240_y24064_gray_matter_cell_0,2016-020_Iba1_Temporal_pole_Batch_8,tile_x74240_y24064_gray_matter,257.80988,260.32068,405.5916,339.79395,187,5,6,7,7,14,1.0,911,174.46803629398346,0.3760940780540174,1143,546.558436870575,4630.5,299.5509546995163,0.2468415937803693,0.5480675706236513,0.0480820404185541,0.6484796267397298,713,449.546244263649,13,43,86,8,187,2.455521420710759,26646
452,tile_x34304_y59392_gray_matter_cell_0,2017-063_Iba1_Temporal_pole_Batch_6,tile_x34304_y59392_gray_matter,260.398,204.3499,388.98077,342.7271,220,10,4,14,4,18,3.5,568,109.01219260692596,0.6006314239847538,1730,508.6589421033859,6193.0,342.8248039484024,0.2793476505732278,0.6739777394471178,0.0840238543705066,0.6621653809210075,1169,566.7005722522736,14,28,109,13,220,2.454747756932889,55425
453,tile_x28160_y58368_gray_matter_cell_0,2017-160_Iba1_Temporal_pole_Batch_6,tile_x28160_y58368_gray_matter,307.74335,166.43109,350.93585,199.99976,15,0,2,1,3,4,0.3333333333333333,791,110.911687374115,0.8080378834733614,708,106.911687374115,713.5,98.76442289352416,0.99229152067274,0.923794444922741,0.7783819450014989,0.9191846870508908,112,68.76955199241638,14,16,19,9,15,2.4545932333931795,85734
454,tile_x19456_y9216_gray_matter_cell_1,2017-014_Iba1_Temporal_pole_Batch_6,tile_x19456_y9216_gray_matter,311.72937,109.98724,449.90204,329.5008,514,14,1,16,0,16,0.0,141,49.55634891986847,0.7214900937408062,3483,1023.70266020298,13310.5,463.8847588300705,0.2616731152097968,0.4531440396355826,0.0417653066829113,0.7772916926990574,3483,1023.70266020298,59,137,189,19,514,2.454372555095607,33316
455,tile_x42496_y2048_gray_matter_cell_0,2017-129_Iba1_Tp_B8_100,tile_x42496_y2048_gray_matter,222.26117,109.96184,255.98877,142.7969,0,0,0,0,0,0,0.0,726,109.25483322143556,0.7643023024624364,496,85.01219260692596,474.0,81.65510022640228,1.0464135021097047,0.9605104599990028,0.8624404261595567,0.8933498591514015,6,9.071067690849304,0,0,0,0,0,2.4517030648971594,75613
456,tile_x36864_y39424_gray_matter_cell_0,2017-160_Iba1_Temporal_pole_Batch_6,tile_x36864_y39424_gray_matter,287.48413,185.32587,337.8318,217.58914,8,0,1,1,1,2,1.0,518,87.69848430156708,0.8463606214603134,579,118.46803629398346,690.5,104.22756445407867,0.8385228095582911,0.8797948182025533,0.5184251336459387,0.7987453961939699,139,105.9827550649643,15,15,24,1,8,2.4511590537319954,87489
457,tile_x19968_y47104_gray_matter_cell_1,2017-014_Iba1_Temporal_pole_Batch_6,tile_x19968_y47104_gray_matter,251.53381,171.8349,410.1236,350.32764,336,2,7,9,7,16,1.2857142857142858,801,122.1248904466629,0.6748915736989634,1899,691.0264731645584,14547.0,475.2244362831116,0.1305423798721386,0.6877080035831614,0.0499741548072986,0.8094420733178543,1240,662.1980460882187,11,30,104,11,336,2.450675180618028,33353
458,tile_x44544_y24064_gray_matter_cell_1,2017-063_Iba1_Temporal_pole_Batch_6,tile_x44544_y24064_gray_matter,38.338104,146.17719,123.709015,401.55902,348,11,4,13,4,17,3.25,634,108.08326029777528,0.6819966615883651,3192,718.8427076339722,8579.0,488.17604410648346,0.3720713369856626,0.6791138574852985,0.0776256060682086,0.4523698003416011,2558,806.4406867027283,13,88,202,11,348,2.4487116385746113,56843
459,tile_x56832_y26112_gray_matter_cell_0,2017-063_Iba1_Temporal_pole_Batch_8,tile_x56832_y26112_gray_matter,430.42676,267.3026,474.3651,304.20624,0,0,0,0,0,0,0.0,1124,130.32590091228485,0.831600427056413,890,114.911687374115,881.5,107.8532555103302,1.0096426545660806,0.938575161281856,0.8469767070420502,0.952282192873682,2,2.8284270763397217,0,0,0,0,0,2.44863669811184,65865
460,tile_x37376_y27648_gray_matter_cell_0,2017-014_Iba1_Temporal_pole_Batch_6,tile_x37376_y27648_gray_matter,212.82947,251.85425,340.26868,359.06586,189,4,2,6,2,8,3.0,248,56.28427076339722,0.9837561437626888,705,363.4213538169861,5169.5,297.6557922363281,0.1363768256117613,0.8190377068107655,0.0670776898685951,0.7332122756392708,498,338.69343197345734,9,64,108,7,189,2.4482850641751304,36355
461,tile_x27648_y32768_gray_matter_cell_1,2017-014_Iba1_Temporal_pole_Batch_6,tile_x27648_y32768_gray_matter,147.22845,324.84702,187.77985,360.72263,5,0,1,1,1,2,1.0,778,113.94112491607666,0.7530580499236164,651,105.5979790687561,672.0,98.87637901306152,0.96875,0.9363472661601028,0.7336343187960405,0.8637618726208071,106,72.28427076339722,19,19,23,1,5,2.4472165192435735,34472
462,tile_x30208_y31744_gray_matter_cell_3,2018-001_Iba1_Temporal_pole_Batch_6,tile_x30208_y31744_gray_matter,192.5067,192.77896,245.67549,256.70117,64,1,3,3,4,7,0.75,423,75.69848430156708,0.927632303307792,926,205.23758828639984,1448.5,155.06184673309326,0.639282015878495,0.7555236252177716,0.2762530269307999,0.7570393594895101,511,267.8650048971176,11,19,45,6,64,2.446727763918193,101185
463,tile_x20992_y15872_gray_matter_cell_1,2014-048_Iba1_Temporal_pole_Batch_8,tile_x20992_y15872_gray_matter,24.155884,114.667984,154.06042,252.26888,262,4,5,9,5,14,1.8,632,126.1248904466629,0.4992583513610921,1958,588.9848430156708,10441.0,391.377051115036,0.1875299300833253,0.6644942662889932,0.0709274447237467,0.8565668178520071,1337,664.2396762371063,10,41,96,14,262,2.4465838111715748,1069
464,tile_x16384_y28160_gray_matter_cell_2,2017-129_Iba1_Tp_B8_100,tile_x16384_y28160_gray_matter,133.55493,287.43,261.0528,368.227,157,3,3,6,3,9,2.0,445,79.01219260692596,0.8957393381508616,1291,336.4924215078354,4716.5,282.4462163448334,0.273719919431782,0.8393835887274402,0.1432799863063505,0.7429475933340239,852,385.1198381185532,12,45,71,8,157,2.442373389725989,70551
465,tile_x24064_y27648_gray_matter_cell_1,2016-020_Iba1_Temporal_pole_Batch_8,tile_x24064_y27648_gray_matter,137.45938,18.192139,347.2578,147.0297,351,4,4,8,4,12,2.0,532,89.11269783973694,0.8418647249966278,2228,601.9726504087448,12249.5,462.1670252084732,0.1818849748969345,0.767754190983025,0.0772629933913277,0.7206598282135288,1698,677.0853482484818,14,66,103,9,351,2.442081630864573,17778
466,tile_x34304_y17408_gray_matter_cell_1,2014-048_Iba1_Temporal_pole_Batch_8,tile_x34304_y17408_gray_matter,38.114574,129.80627,94.05031,216.66418,89,3,3,6,2,8,3.0,309,64.28427076339722,0.9396343831616998,941,266.69343197345734,1785.0,181.40666019916532,0.527170868347339,0.6802067034677474,0.166255050464718,0.6816189075420296,648,293.4213538169861,9,14,60,4,89,2.4418149368537847,3292
467,tile_x56832_y42496_gray_matter_cell_1,2014-048_Iba1_Temporal_pole_Batch_8,tile_x56832_y42496_gray_matter,189.318,426.29095,219.98444,458.47876,0,0,0,0,0,0,0.0,613,101.25483322143556,0.7513439837245898,541,87.5979790687561,522.0,82.94900858402252,1.0363984674329505,0.946928336313734,0.8859698754694104,0.9533622860294584,27,31.213203072547916,0,0,0,0,0,2.4407346062989386,8195
468,tile_x34816_y52224_gray_matter_cell_3,2017-014_Iba1_Temporal_pole_Batch_6,tile_x34816_y52224_gray_matter,289.49887,78.56375,376.2227,152.19571,127,4,1,6,0,6,0.0,181,54.38477599620819,0.7690131225908817,308,219.48022890090945,1737.5,184.7647430896759,0.1772661870503597,0.841828642219492,0.0803470195936349,0.6395823528557651,308,219.48022890090945,12,22,69,8,127,2.4407217080035295,35847
469,tile_x23552_y37376_gray_matter_cell_0,2017-063_Iba1_Temporal_pole_Batch_6,tile_x23552_y37376_gray_matter,310.01715,314.89368,506.28522,481.60547,558,13,5,19,5,24,3.8,416,74.76955199241638,0.9350904848469124,2350,965.4356343746184,16574.0,486.9204133749008,0.1417883431881259,0.5043530568356469,0.0316833486904708,0.8784584696605745,1934,1036.205186367035,11,65,93,23,558,2.440178927357096,53969
470,tile_x63488_y73216_gray_matter_cell_3,2014-048_Iba1_Temporal_pole_Batch_8,tile_x63488_y73216_gray_matter,371.67078,375.78198,462.20618,510.4254,228,9,3,5,1,6,5.0,292,63.69848430156708,0.9043457845396062,1578,524.8010774850845,5554.5,319.0464366674423,0.2840939778557926,0.6079378460813278,0.071999159535677,0.68572035004083,1293,546.457931637764,9,44,90,8,228,2.4401605753042284,9821
471,tile_x44032_y16896_gray_matter_cell_6,2016-020_Iba1_Temporal_pole_Batch_8,tile_x44032_y16896_gray_matter,224.93298,280.80884,320.13776,414.7943,263,8,5,14,5,19,2.8,502,83.11269783973694,0.91322716515103,2457,537.0437180995941,6919.0,342.0860593318939,0.3551091198150021,0.6369799102062199,0.1070522349687532,0.742989099504903,1955,537.0437180995941,13,68,106,9,263,2.4390574848953324,21542
472,tile_x32256_y51712_gray_matter_cell_4,2017-014_Iba1_Temporal_pole_Batch_6,tile_x32256_y51712_gray_matter,92.27305,391.03876,241.69974,486.55438,201,3,2,5,2,7,2.5,277,60.76955199241638,0.9425785747340808,906,435.8893901109696,4609.0,303.95328199863434,0.1965719244955522,0.6973174591867293,0.059921884829432,0.626906680577233,683,422.2325359582901,9,39,85,6,201,2.4384322115264334,35315
473,tile_x22528_y6656_gray_matter_cell_1,2018-001_Iba1_Temporal_pole_Batch_6,tile_x22528_y6656_gray_matter,332.11554,1.6244354,446.07794,118.39932,191,6,4,10,3,13,3.333333333333333,578,98.6690467596054,0.7460635757567986,2140,499.445739030838,6185.5,300.58567011356354,0.3459704146794923,0.6018384913981698,0.1078070128611287,0.8602964488216848,1567,571.2863587141037,11,34,64,10,191,2.4351005383914033,97607
474,tile_x31744_y60928_gray_matter_cell_2,2017-160_Iba1_Temporal_pole_Batch_6,tile_x31744_y60928_gray_matter,76.836624,59.936893,146.5855,166.55093,114,1,5,6,5,11,1.2,621,117.9827550649643,0.560614591832817,1028,336.4924215078354,3447.0,254.01045763492584,0.2982303452277343,0.7548772019788597,0.1140912671750026,0.6713483928071295,475,310.3502861261368,12,28,72,6,114,2.433743900692496,86516
475,tile_x44544_y5632_gray_matter_cell_1,2017-014_Iba1_Temporal_pole_Batch_6,tile_x44544_y5632_gray_matter,348.37915,171.4389,393.2702,245.83081,80,3,3,5,4,9,1.25,512,91.84061968326569,0.76279917413447,1237,217.48022890090945,1526.5,159.08975422382355,0.8103504749426793,0.731513641620773,0.328654816088979,0.7579180514616652,738,274.5929267406464,10,25,44,6,80,2.4298861926421482,37772
476,tile_x27136_y52224_gray_matter_cell_1,2017-063_Iba1_Temporal_pole_Batch_6,tile_x27136_y52224_gray_matter,266.33368,43.088154,456.2282,160.85182,250,2,4,7,4,11,1.75,335,64.87005722522736,1.0003825531951884,1451,516.8183224201202,7621.5,374.6293668746948,0.190382470642262,0.7248763262115147,0.0682655309549769,0.6824120410722426,1116,580.5168067216873,11,16,121,9,250,2.429628552830713,54479
477,tile_x16896_y17408_gray_matter_cell_1,2016-020_Iba1_Temporal_pole_Batch_8,tile_x16896_y17408_gray_matter,379.58743,120.1017,478.5887,237.2118,135,3,5,8,5,13,1.6,833,179.53910398483276,0.3247407269503971,1254,465.546244263649,5088.5,272.41333270072937,0.2464380465756116,0.5851477400093809,0.0727079241954218,0.8616738715626321,557,407.0193328857422,15,35,72,6,135,2.4274429857804978,16371
478,tile_x79360_y32768_gray_matter_cell_1,2017-129_Iba1_Tp_B8_100,tile_x79360_y32768_gray_matter,189.04877,319.06128,256.20493,411.1754,127,5,7,9,8,17,1.125,1634,191.48022890090945,0.560033543736341,1710,386.8183224201202,2954.0,207.0624738931656,0.5788761002031144,0.5352964476906984,0.1436123868167398,0.8657999533147396,615,361.1614682674408,14,28,41,19,127,2.4239188436784422,80177
479,tile_x17408_y41984_gray_matter_cell_2,2017-063_Iba1_Temporal_pole_Batch_8,tile_x17408_y41984_gray_matter,50.903065,305.92755,135.19884,471.2921,198,4,3,8,3,11,2.6666666666666665,344,70.28427076339722,0.8750885880433372,1352,459.6051193475723,5400.0,320.0186642408371,0.2503703703703703,0.6962904692948509,0.0804297725771491,0.6626024045446339,1013,489.9898953437805,14,29,80,9,198,2.4237047526793183,63085
480,tile_x51200_y31232_gray_matter_cell_1,2014-048_Iba1_Temporal_pole_Batch_8,tile_x51200_y31232_gray_matter,243.60205,78.32478,320.41455,141.1794,45,1,1,2,1,3,2.0,682,98.42640614509584,0.8846489834093569,1812,227.09545290470123,2194.0,181.4065923690796,0.8258887876025525,0.7988120856176076,0.4415208126067032,0.8378000008386126,1130,227.09545290470123,19,40,42,5,45,2.422572957941112,7081
481,tile_x5632_y26624_gray_matter_cell_1,2018-001_Iba1_Temporal_pole_Batch_6,tile_x5632_y26624_gray_matter,288.6595,110.83611,341.3468,246.15143,68,1,4,4,5,9,0.8,846,139.15432798862457,0.5490182616813586,1269,332.2497808933258,2607.0,255.9495574235916,0.4867663981588032,0.7703528253214059,0.1444581602823241,0.5000830438766138,573,307.4213538169861,21,42,72,5,68,2.4224738900276255,105833
482,tile_x19968_y11264_gray_matter_cell_0,2018-001_Iba1_Temporal_pole_Batch_6,tile_x19968_y11264_gray_matter,55.596695,257.50897,232.08104,445.31146,351,7,2,6,2,8,3.0,764,104.5269113779068,0.8787128693757218,2950,768.1980460882187,15458.0,478.3144507408142,0.1908396946564885,0.622644711447086,0.0628181993749897,0.8490556634705921,2186,859.5533845424652,18,111,145,11,351,2.421835455850923,96743
483,tile_x34304_y33792_gray_matter_cell_3,2018-001_Iba1_Temporal_pole_Batch_6,tile_x34304_y33792_gray_matter,151.5592,3.8862228,249.68237,83.25022,199,6,2,7,2,9,3.5,350,69.11269783973694,0.9207934389151496,1563,446.3330411911011,4755.5,266.8196028470993,0.3286720639259804,0.597803833063881,0.0985940634525178,0.8394031279546258,1213,446.3330411911011,13,60,76,9,199,2.421628375273256,103158
484,tile_x15360_y33280_gray_matter_cell_2,2018-001_Iba1_Temporal_pole_Batch_6,tile_x15360_y33280_gray_matter,87.939865,253.0326,129.39113,284.57977,5,0,1,1,1,2,1.0,469,79.25483322143555,0.9382772664520876,675,102.08326029777528,677.0,96.64716815948486,0.9970457902511078,0.9467484470770876,0.8139628298162661,0.910794220200978,212,140.36753106117249,14,14,18,1,5,2.4214528675658453,95252
485,tile_x4608_y59392_gray_matter_cell_1,2018-001_Iba1_Temporal_pole_Batch_6,tile_x4608_y59392_gray_matter,96.27757,386.29492,192.52711,504.00708,149,2,3,5,3,8,1.6666666666666667,523,93.01219260692596,0.7596819161543759,1548,437.8893901109696,4174.5,288.5873810052872,0.3708228530362917,0.6590417295384883,0.1014499822307277,0.6298826640745665,1035,473.546244263649,11,63,73,9,149,2.4205166436413292,105681
486,tile_x73728_y35328_gray_matter_cell_0,2017-063_Iba1_Temporal_pole_Batch_8,tile_x73728_y35328_gray_matter,29.448074,177.82114,142.04887,267.2235,132,3,2,5,2,7,2.5,404,76.5269113779068,0.8668877340235824,1190,336.634556889534,3100.0,257.3256368637085,0.3838709677419354,0.7644064805508052,0.1319591269041422,0.5883089362606836,786,409.9898953437805,16,19,91,8,132,2.412421161720355,67726
487,tile_x18432_y40960_gray_matter_cell_3,2017-063_Iba1_Temporal_pole_Batch_6,tile_x18432_y40960_gray_matter,208.70187,94.29362,301.95267,225.68393,166,4,3,6,4,10,1.5,637,96.08326029777528,0.8670693489325534,1674,459.8305150270462,4901.5,299.5630167722702,0.3415281036417423,0.6514639785370716,0.0994877802442327,0.6863766171271216,1041,536.6000670194626,14,37,100,17,166,2.4100252303197425,53270
488,tile_x5632_y2560_gray_matter_cell_0,2016-020_Iba1_Temporal_pole_Batch_8,tile_x5632_y2560_gray_matter,65.46663,366.42603,98.47063,398.1139,4,0,1,1,1,2,1.0,339,66.18376553058624,0.9725380833172306,540,92.08326029777528,543.5,84.70395588874817,0.9935602575896963,0.9198626939884168,0.8002805258186407,0.95192345006466,205,136.36753106117249,10,10,13,1,4,2.409257351357488,23037
489,tile_x13312_y21504_gray_matter_cell_0,2017-014_Iba1_Temporal_pole_Batch_6,tile_x13312_y21504_gray_matter,123.35327,269.62634,278.48343,419.3437,228,6,6,13,4,17,3.25,1096,187.3380935192108,0.3924354445314754,2076,695.6122596263885,11414.0,430.567764878273,0.1818818994217627,0.6189766769055074,0.0539141494535888,0.7736859444134377,1132,635.3279888629913,20,35,102,11,228,2.407912614736389,32194
490,tile_x78848_y56320_gray_matter_cell_0,2016-032_Iba1_Temporal_pole_Batch_8,tile_x78848_y56320_gray_matter,56.058777,193.9354,219.7572,312.08282,226,8,4,11,4,15,2.75,595,104.18376553058624,0.6888532780689328,1537,573.7716399431229,6741.0,346.3330497741699,0.2280077139890224,0.6036078217607643,0.0586685797263403,0.7062302513900026,1063,505.24472856521606,15,74,79,12,226,2.4078717202727318,30962
491,tile_x31232_y35840_gray_matter_cell_1,2017-063_Iba1_Temporal_pole_Batch_8,tile_x31232_y35840_gray_matter,273.54504,239.33951,312.42462,269.62415,16,0,2,2,2,4,1.0,463,80.42640614509583,0.8994841804904374,507,128.81118214130402,572.0,87.69804990291595,0.8863636363636364,0.6808263727190428,0.3839818454531956,0.9346005241242268,124,96.6690467596054,11,13,17,3,16,2.40582917222268,64135
492,tile_x76800_y74240_gray_matter_cell_0,2014-048_Iba1_Temporal_pole_Batch_8,tile_x76800_y74240_gray_matter,189.58078,393.84863,357.533,447.91455,151,3,1,5,1,6,5.0,371,77.11269783973694,0.7840287325161053,1681,425.1614682674408,3764.0,315.79697918891907,0.4465993623804463,0.7427695187802678,0.1168610491762812,0.4742895282296389,1317,433.7472547292709,17,70,133,7,151,2.404122549440783,12862
493,tile_x49664_y50688_gray_matter_cell_1,2017-014_Iba1_Temporal_pole_Batch_6,tile_x49664_y50688_gray_matter,444.43753,15.579325,487.3392,76.61277,40,0,3,3,3,6,1.0,315,63.94112491607666,0.9681883949365536,561,137.0538227558136,931.0,126.85341095924376,0.602577873254565,0.9255736790739232,0.3753102436978379,0.7270348785997331,270,150.1248904466629,10,14,36,4,40,2.4033206179123514,38574
494,tile_x82944_y40448_gray_matter_cell_0,2017-026_Iba1_Temporal_pole_Batch_8,tile_x82944_y40448_gray_matter,193.51428,115.90384,239.36871,153.40991,4,0,1,1,1,2,1.0,703,101.74011445045473,0.8534552324345857,892,117.39696860313416,888.0,109.63710844516754,1.0045045045045045,0.9339006769058988,0.8133190651407408,0.9283413257842716,231,143.1959581375122,17,18,19,2,4,2.40141164083156,51272
495,tile_x29184_y41984_gray_matter_cell_1,2017-063_Iba1_Temporal_pole_Batch_6,tile_x29184_y41984_gray_matter,343.88922,60.603333,459.0807,199.66116,155,1,4,4,3,7,1.3333333333333333,361,71.11269783973694,0.8970626109424094,1239,363.1198381185532,5411.5,311.9942514896393,0.228956851150328,0.8592046446875146,0.1180813251066547,0.6986092673116809,896,403.9898953437805,11,16,98,4,155,2.4002250473418565,54750
496,tile_x13312_y39424_gray_matter_cell_0,2017-014_Iba1_Temporal_pole_Batch_6,tile_x13312_y39424_gray_matter,2.4032593,153.80707,156.99533,236.14966,157,1,3,4,3,7,1.3333333333333333,478,95.01219260692596,0.6653943053091925,1274,439.50461411476135,5551.0,328.783239364624,0.2295081967213114,0.7480768774790922,0.0828805099060865,0.6453001279443782,826,443.26197350025177,10,24,113,4,157,2.3978003375642625,32247
497,tile_x84992_y40960_gray_matter_cell_0,2016-032_Iba1_Temporal_pole_Batch_8,tile_x84992_y40960_gray_matter,14.430458,17.10823,112.5606,159.89436,159,7,4,9,4,13,2.25,438,92.5269113779068,0.6429065403444134,1349,398.6761870384216,4118.0,289.2036648988724,0.3275862068965517,0.7254099299163833,0.1066550004093869,0.6187121176746222,924,443.0609630346298,12,34,63,8,159,2.3965216010761017,31257
498,tile_x11776_y55296_gray_matter_cell_1,2018-001_Iba1_Temporal_pole_Batch_6,tile_x11776_y55296_gray_matter,162.99982,353.7198,232.99997,446.80548,71,1,6,6,6,12,1.0,922,160.46803629398346,0.4499494331474266,1395,342.19090580940247,2849.5,230.2989251613617,0.4895595718547113,0.6730129914371141,0.1497087364310377,0.6751413429012632,625,353.4629839658737,13,18,67,6,71,2.3964947778412173,93956
499,tile_x65024_y3072_gray_matter_cell_0,2014-048_Iba1_Temporal_pole_Batch_8,tile_x65024_y3072_gray_matter,183.2775,260.05878,294.05878,349.73077,125,2,3,5,3,8,1.6666666666666667,481,97.5979790687561,0.6345608736894034,1103,324.0071402788162,3859.0,255.8248865604401,0.2858253433532003,0.7895655828457866,0.1320310917367736,0.7409673338093905,668,292.5929267406464,14,35,55,7,125,2.395964214414383,10100
500,tile_x30720_y41984_gray_matter_cell_0,2017-160_Iba1_Temporal_pole_Batch_6,tile_x30720_y41984_gray_matter,191.4807,371.0117,364.0741,475.03018,253,2,5,7,5,12,1.4,466,97.84061968326569,0.6117266363421413,1572,606.0142805576324,8517.5,394.0687395334244,0.1845611975344878,0.6502631244445536,0.0537893986590714,0.6892520028116441,1148,595.1858534812927,11,49,86,13,253,2.3914479261062445,86209
501,tile_x53248_y36864_gray_matter_cell_3,2017-063_Iba1_Temporal_pole_Batch_6,tile_x53248_y36864_gray_matter,318.73755,222.45639,373.72534,256.58438,30,1,3,3,2,5,1.5,559,88.5269113779068,0.8963364285512078,631,150.22539567947388,865.0,116.0831174850464,0.7294797687861272,0.7727263220709057,0.3513601550741414,0.8066550291893255,184,126.6690467596054,13,28,32,4,30,2.3900944648065114,58102
502,tile_x13312_y41472_gray_matter_cell_2,2018-001_Iba1_Temporal_pole_Batch_6,tile_x13312_y41472_gray_matter,398.5321,247.85384,470.25977,309.79132,21,0,1,1,1,2,1.0,678,134.2670258283615,0.4726077293501846,901,217.9655101299286,1509.5,174.5737497806549,0.5968863862206029,0.8009237318169834,0.2383192362895501,0.6224222373966185,292,150.95331752300262,31,38,39,7,21,2.3895628609109414,94413
503,tile_x85504_y8192_gray_matter_cell_1,2017-014_Iba1_Temporal_pole_Batch_6,tile_x85504_y8192_gray_matter,326.17114,228.70769,412.62457,326.35406,212,10,3,11,2,13,5.5,351,69.11269783973694,0.92342427731205,1330,428.0904005765915,4414.5,253.6207890510559,0.3012798731453165,0.5924468026133175,0.0911990944731745,0.8624256931976509,982,467.64674949646,10,19,73,10,212,2.388359197986768,41650
504,tile_x26624_y63488_gray_matter_cell_1,2014-048_Iba1_Temporal_pole_Batch_8,tile_x26624_y63488_gray_matter,208.21515,44.715607,292.89978,319.08038,157,3,4,6,3,9,2.0,1578,271.2964633703232,0.2694192347548841,2182,590.9604578018188,5490.5,482.5017302036285,0.3974137145979419,0.8164704149553058,0.0785141196333228,0.2963630187581922,845,434.3919162750244,39,67,157,4,157,2.3831108209812255,2009
505,tile_x20992_y58368_gray_matter_cell_1,2014-048_Iba1_Temporal_pole_Batch_8,tile_x20992_y58368_gray_matter,260.71265,229.72522,336.7602,365.08258,224,9,2,7,1,8,7.0,329,67.69848430156708,0.902085851240661,2306,487.24472856521606,4223.0,299.03732419013977,0.5460573052332465,0.613731266155945,0.1220604223894894,0.5934445551497252,1997,493.1442233324051,14,24,89,18,224,2.3814450798736364,1098
506,tile_x73216_y42496_gray_matter_cell_1,2017-129_Iba1_Tp_B8_100,tile_x73216_y42496_gray_matter,336.65442,335.91907,455.85712,475.20923,213,4,2,6,2,8,3.0,347,78.18376553058624,0.7133557597258418,1579,558.9848430156708,6490.5,321.06854343414307,0.2432786380093983,0.5743779056727342,0.0635026618270515,0.791211339092802,1291,564.156415939331,16,42,77,20,213,2.3810556619679195,79486
507,tile_x14848_y36352_gray_matter_cell_0,2017-063_Iba1_Temporal_pole_Batch_6,tile_x14848_y36352_gray_matter,238.53214,127.060974,395.45474,302.8579,420,12,4,17,4,21,4.25,328,65.69848430156708,0.9549332319703152,1682,706.9848430156708,9386.5,385.7591992616653,0.1791935226122623,0.545639985174498,0.0422878542838108,0.7926490900777305,1354,706.9848430156708,10,38,77,17,420,2.3797036307266026,52675
508,tile_x18944_y11264_gray_matter_cell_3,2018-001_Iba1_Temporal_pole_Batch_6,tile_x18944_y11264_gray_matter,59.471283,400.59613,286.13092,506.12512,221,6,3,9,3,12,3.0,543,115.74011445045473,0.5093799877649826,2747,571.6883796453476,6601.0,453.3638069629669,0.4161490683229814,0.7930261014649547,0.1056208830473936,0.403576531774824,2210,629.0437180995941,19,53,186,12,221,2.3772993922287284,96466
509,tile_x20992_y9216_gray_matter_cell_0,2017-160_Iba1_Temporal_pole_Batch_6,tile_x20992_y9216_gray_matter,335.6131,127.01779,401.99402,228.41367,65,0,5,3,5,8,0.6,706,104.6690467596054,0.8098004748672673,1100,265.8650048971176,1998.0,212.0025856494904,0.5505505505505506,0.7974068859928725,0.1955600758541041,0.5586284276169406,442,303.90663504600525,13,15,50,3,65,2.3761321888456446,83896
510,tile_x27648_y8192_gray_matter_cell_0,2018-001_Iba1_Temporal_pole_Batch_6,tile_x27648_y8192_gray_matter,345.97852,56.5501,478.6261,128.22081,87,0,3,3,3,6,1.0,874,125.15432798862456,0.701180050568823,1642,323.1787132024765,3020.5,259.5228407382965,0.543618606191028,0.8030319762295155,0.1975593197167001,0.563556588421733,772,399.6051193475723,16,30,65,4,87,2.3748836541822063,100006
511,tile_x24576_y32256_gray_matter_cell_1,2018-001_Iba1_Temporal_pole_Batch_6,tile_x24576_y32256_gray_matter,48.05195,312.58466,234.54706,433.8626,272,4,4,8,4,12,2.0,410,74.18376553058624,0.9362158135732506,1747,565.2447285652161,8302.0,373.3516858816147,0.2104312213924355,0.6605133440683447,0.0687115471265787,0.7484389134080176,1349,621.1858534812927,12,46,84,9,272,2.3719222778980207,98359
512,tile_x15872_y58880_gray_matter_cell_1,2017-160_Iba1_Temporal_pole_Batch_6,tile_x15872_y58880_gray_matter,3.5633812,289.20453,57.27937,353.91083,31,0,2,2,2,4,1.0,762,113.01219260692596,0.7497461312047615,369,145.78174459934235,749.5,132.16530525684357,0.4923282188125417,0.9065970888198562,0.2181875389845869,0.5391958916341921,113,92.42640614509584,16,32,38,4,31,2.3718747787764296,82737
513,tile_x18944_y32256_gray_matter_cell_3,2016-020_Iba1_Temporal_pole_Batch_8,tile_x18944_y32256_gray_matter,175.51324,51.5697,272.07697,126.071075,209,10,2,8,4,12,2.0,245,56.28427076339722,0.9718558678300756,1486,361.0193328857422,3389.5,233.23040997982025,0.4384127452426611,0.6460330202140021,0.1432741216686625,0.7830241393855606,1260,423.8893901109696,9,13,78,11,209,2.371857280523928,16783
514,tile_x42496_y20992_gray_matter_cell_0,2016-020_Iba1_Temporal_pole_Batch_8,tile_x42496_y20992_gray_matter,179.35547,139.41383,281.98264,234.54027,168,5,3,8,2,10,4.0,686,100.32590091228484,0.8564614958902408,2111,482.31579625606537,4770.0,267.30333936214447,0.4425576519916142,0.5542081379815124,0.114034201534687,0.838917925784286,1425,572.9848430156708,14,24,71,8,168,2.3668779807744396,21261
515,tile_x27136_y12288_gray_matter_cell_1,2014-048_Iba1_Temporal_pole_Batch_8,tile_x27136_y12288_gray_matter,114.68436,113.00012,227.84161,217.7323,158,2,4,6,4,10,1.5,489,99.94112491607666,0.615219732057178,1491,416.0904005765915,5303.5,286.6754730939865,0.281135099462619,0.6889740130912175,0.1082211424887648,0.8109449271647452,1022,414.0904005765915,19,53,55,11,158,2.366104280374194,2040
516,tile_x88064_y42496_gray_matter_cell_0,2017-129_Iba1_Tp_B8_100,tile_x88064_y42496_gray_matter,279.7921,424.68158,397.24524,504.39374,128,2,4,6,4,10,1.5,705,99.84061968326569,0.8887598873237174,924,279.0782079696655,3308.0,262.31238985061646,0.279322853688029,0.9399243020763864,0.1490836386838527,0.6041402299268273,369,215.37972366809845,12,53,88,17,128,2.3648661809247797,81014
517,tile_x58880_y11264_gray_matter_cell_0,2014-048_Iba1_Temporal_pole_Batch_8,tile_x58880_y11264_gray_matter,189.44397,42.297867,243.0758,102.304245,24,0,3,2,2,4,1.0,507,89.49747383594513,0.7954195651696695,814,171.09545290470123,1177.0,141.66270792484283,0.6915887850467289,0.8279747095543667,0.3494277030963864,0.7370131698732105,401,133.88224983215332,12,13,37,2,24,2.3640851347112735,8597
518,tile_x7680_y14336_gray_matter_cell_0,2014-048_Iba1_Temporal_pole_Batch_8,tile_x7680_y14336_gray_matter,340.04694,294.66037,428.57208,379.5884,147,4,3,8,2,10,4.0,409,82.91168737411499,0.7476557272964354,969,323.8061298131943,3666.5,240.4801359176636,0.2642847402154643,0.7426670275093249,0.1161351029492439,0.7967152606984581,599,335.4629839658737,14,19,63,10,147,2.361778168688585,12897
519,tile_x61952_y62464_gray_matter_cell_0,2014-048_Iba1_Temporal_pole_Batch_8,tile_x61952_y62464_gray_matter,77.99104,288.73297,166.4737,463.4013,284,14,2,11,2,13,5.5,201,53.31370830535889,0.8886446660336541,1677,539.2030984163284,5679.5,350.7383338212967,0.2952724711682366,0.6504753679113419,0.0724833351884541,0.580167636423758,1636,540.8599525690079,7,52,133,8,284,2.3614277633839573,9417
520,tile_x30720_y19968_gray_matter_cell_1,2017-014_Iba1_Temporal_pole_Batch_6,tile_x30720_y19968_gray_matter,27.868866,101.01785,134.0434,266.6057,181,3,3,7,2,9,3.5,363,79.94112491607666,0.7137990711911668,986,381.3208485841751,4842.0,321.2545166015625,0.2036348616274267,0.842478237931034,0.0852129650780935,0.5895710698826108,736,330.9360725879669,11,57,88,9,181,2.3604560903285647,34969
521,tile_x3072_y10752_gray_matter_cell_1,2014-048_Iba1_Temporal_pole_Batch_8,tile_x3072_y10752_gray_matter,275.1062,21.32447,402.38202,95.80845,144,4,6,9,5,14,1.8,548,92.32590091228484,0.8078734099641637,1432,408.8183224201202,3385.5,277.2002143859863,0.4229803574065869,0.6780523258963007,0.1076693716239959,0.553663072553716,896,434.1320307254791,12,22,99,6,144,2.360009621407414,2734
522,tile_x34816_y12288_gray_matter_cell_4,2017-014_Iba1_Temporal_pole_Batch_6,tile_x34816_y12288_gray_matter,6.890747,38.251373,153.75336,139.91237,252,7,4,11,4,15,2.75,289,63.455843687057495,0.9019126148548636,1257,528.2741661071777,6482.5,354.08908700942993,0.1939066718087157,0.6702752277641972,0.0566012986152817,0.6497216003463279,1019,497.8893901109696,9,52,90,12,252,2.3585597821138533,35746
523,tile_x88064_y40448_gray_matter_cell_0,2017-129_Iba1_Tp_B8_100,tile_x88064_y40448_gray_matter,96.98636,318.40585,291.57028,437.6746,370,8,4,12,4,16,3.0,431,80.18376553058624,0.8423920107863052,2028,713.1269783973694,11703.0,471.2668468952179,0.173288900281979,0.6608456294197554,0.0501122706326005,0.6621757798204093,1597,780.4823168516159,10,63,129,11,370,2.3539500296887885,81005
524,tile_x55808_y61952_gray_matter_cell_0,2014-048_Iba1_Temporal_pole_Batch_8,tile_x55808_y61952_gray_matter,37.42993,142.0686,177.07559,325.86877,273,4,6,9,4,13,2.25,1020,187.92387998104093,0.3629494099373914,1732,620.457931637764,10179.5,425.85344541072845,0.1701458814283609,0.6863534555624803,0.0565370403870861,0.7053683682387987,951,586.558436870575,4,60,104,10,273,2.3524953381477496,8013
525,tile_x69632_y75264_gray_matter_cell_0,2014-048_Iba1_Temporal_pole_Batch_8,tile_x69632_y75264_gray_matter,159.65161,1.534729,322.80838,127.780014,252,8,2,9,3,12,3.0,561,87.01219260692596,0.931134675829087,1885,593.5289993286133,7734.0,375.8659166097641,0.2437289888802689,0.6332730448468992,0.0672414906254855,0.6879361635279172,1526,559.9726504087448,12,94,126,15,252,2.350454472819486,11181
526,tile_x19968_y37888_gray_matter_cell_1,2017-026_Iba1_Temporal_pole_Batch_8,tile_x19968_y37888_gray_matter,173.2031,257.28253,279.74976,346.91284,188,2,5,7,5,12,1.4,332,65.94112491607666,0.959478493087342,1200,396.19090580940247,4541.0,266.516105055809,0.2642589737943184,0.6726961703255835,0.0960687422957227,0.8033678550874672,868,396.19090580940247,11,66,75,11,188,2.348089749772926,43982
527,tile_x20480_y54784_gray_matter_cell_2,2017-063_Iba1_Temporal_pole_Batch_8,tile_x20480_y54784_gray_matter,349.74744,171.70352,407.5321,214.85138,36,0,3,2,2,4,1.0,435,77.94112491607666,0.8998410091516599,951,176.02438521385193,1203.0,137.862095952034,0.7905236907730673,0.7831988493216177,0.3856956214421458,0.7954002764051822,516,250.7939372062683,11,32,33,4,36,2.3473546320026166,63283
528,tile_x61952_y26112_gray_matter_cell_1,2017-160_Iba1_Temporal_pole_Batch_6,tile_x61952_y26112_gray_matter,254.24942,321.69373,331.75687,398.4552,96,0,5,5,5,10,1.0,589,98.08326029777528,0.7693702198691387,1440,320.9360725879669,2882.0,209.81503641605377,0.4996530187369882,0.6537595936914962,0.1756852450467175,0.8226794007308711,852,376.8771975040436,11,20,48,7,96,2.3458030237630503,91034
529,tile_x81408_y56832_gray_matter_cell_0,2016-020_Iba1_Temporal_pole_Batch_8,tile_x81408_y56832_gray_matter,170.75052,61.755577,266.32397,208.54477,204,6,7,13,6,19,2.1666666666666665,908,164.36753106117249,0.4223413940315595,1620,543.5289993286133,5698.0,305.66065430641174,0.2843102843102843,0.5623631023992738,0.0689095538279568,0.7663960046816618,910,475.24472856521606,23,33,71,12,204,2.345260298987249,27788
530,tile_x27136_y20992_gray_matter_cell_1,2017-063_Iba1_Temporal_pole_Batch_8,tile_x27136_y20992_gray_matter,222.5076,296.58105,363.52377,463.31433,302,7,2,7,3,10,2.333333333333333,272,58.87005722522736,0.9862564401211652,1808,583.9726504087448,7246.5,397.7546592950821,0.2494997585041054,0.681118643170495,0.066622860301735,0.5755825371611645,1536,620.6000670194626,10,33,160,13,302,2.345102795077902,63761
531,tile_x71168_y56832_gray_matter_cell_3,2017-063_Iba1_Temporal_pole_Batch_6,tile_x71168_y56832_gray_matter,227.38376,116.72869,413.84317,200.95593,250,6,3,10,2,12,5.0,496,87.74011445045471,0.8096459491917322,1834,517.9310202598572,6170.0,396.1852114200592,0.2972447325769854,0.7649381788742534,0.0859142789723694,0.4939676493065479,1343,570.2152910232544,15,78,124,9,250,2.344710202747083,60694
532,tile_x54784_y63488_gray_matter_cell_3,2017-160_Iba1_Temporal_pole_Batch_6,tile_x54784_y63488_gray_matter,51.933228,393.0089,84.882645,450.79108,28,0,2,2,2,4,1.0,249,59.94112491607666,0.8708822377883666,368,126.22539567947388,501.5,113.24952030181883,0.7337986041874377,0.8972007549843228,0.2902446352517471,0.491369345482689,148,110.56854152679443,11,12,36,2,28,2.344175453456723,89950
533,tile_x26112_y24576_gray_matter_cell_1,2018-001_Iba1_Temporal_pole_Batch_6,tile_x26112_y24576_gray_matter,19.09011,387.4383,82.56055,456.25885,57,0,2,2,2,4,1.0,606,105.39696860313416,0.6855296576975897,993,199.5807341337204,1547.0,164.09717094898224,0.6418875242404655,0.8222094765872344,0.3132722172719837,0.721934821745883,500,232.7939372062683,13,14,37,8,57,2.344030629682351,99102
534,tile_x27648_y16384_gray_matter_cell_1,2017-160_Iba1_Temporal_pole_Batch_6,tile_x27648_y16384_gray_matter,420.61353,402.47955,479.21558,504.88434,77,1,4,5,5,10,1.0,864,144.02438521385193,0.5234214863538965,1115,314.634556889534,2450.0,219.1284999847412,0.4551020408163265,0.6964540136691841,0.1415376207642158,0.641177415685638,370,322.7766922712326,14,55,59,8,77,2.3430537589131486,85452
535,tile_x26112_y43520_gray_matter_cell_0,2017-129_Iba1_Tp_B8_100,tile_x26112_y43520_gray_matter,40.59691,263.78235,166.9626,400.27405,162,3,4,7,4,11,1.75,471,79.35533845424652,0.93989312870796,1394,419.9898953437805,4695.0,302.61096715927124,0.2969116080937167,0.7205196375297807,0.0993104510463085,0.6442822007320088,923,419.9898953437805,12,17,102,5,162,2.3428624738279913,72477
536,tile_x39424_y24576_gray_matter_cell_2,2018-001_Iba1_Temporal_pole_Batch_6,tile_x39424_y24576_gray_matter,341.3472,204.689,451.7626,294.7806,143,1,7,8,7,15,1.1428571428571428,332,70.28427076339722,0.8445622419488023,1190,421.445739030838,4852.5,286.3462289571762,0.2452344152498712,0.6794379499853567,0.0841925165140116,0.743690907932789,887,427.445739030838,7,14,59,6,143,2.3411348050888474,104987
537,tile_x19968_y66048_gray_matter_cell_0,2017-129_Iba1_Tp_B8_100,tile_x19968_y66048_gray_matter,377.81586,16.186783,458.56512,70.937874,55,0,6,5,5,10,1.0,1098,178.02438521385193,0.4353647019138246,1063,282.7939372062683,2299.5,192.6566755771637,0.4622744074798869,0.6812616899797289,0.1670332532093152,0.7785296443418211,190,157.9827550649643,11,17,39,7,55,2.3410741460696953,71323
538,tile_x53760_y18944_gray_matter_cell_0,2017-129_Iba1_Tp_B8_100,tile_x53760_y18944_gray_matter,38.50113,208.69864,217.25586,318.60062,255,5,4,9,4,13,2.25,348,69.11269783973694,0.9155317621213488,1469,539.2447285652161,8920.5,388.9255813360214,0.1646768678885712,0.721241322786496,0.0634833510078901,0.7410816205137891,1164,553.7300097942352,12,77,88,12,255,2.339330555905806,77095
539,tile_x7680_y2560_gray_matter_cell_1,2016-020_Iba1_Temporal_pole_Batch_8,tile_x7680_y2560_gray_matter,348.26727,133.28998,413.73395,297.54694,83,1,6,6,7,13,0.8571428571428571,1534,262.69343197345734,0.2793423579892372,1206,468.41630148887634,5825.5,327.07464253902435,0.2070208565788344,0.6982563192173438,0.0690705907520756,0.6843043799888144,264,213.722869515419,9,70,78,6,83,2.335931105760923,27073
540,tile_x25600_y13312_gray_matter_cell_0,2017-160_Iba1_Temporal_pole_Batch_6,tile_x25600_y13312_gray_matter,206.17908,85.79154,358.3203,221.85739,253,5,5,10,5,15,2.0,728,108.5269113779068,0.7767233417431646,2478,678.5411919355392,7642.0,365.6184310913086,0.3242606647474483,0.5388301188441954,0.0676330123815639,0.71839075699059,1750,766.8254626989365,15,44,105,9,253,2.3351090830549275,84829
541,tile_x16384_y36864_gray_matter_cell_1,2018-001_Iba1_Temporal_pole_Batch_6,tile_x16384_y36864_gray_matter,353.6222,116.06814,428.77087,191.14273,63,2,3,3,3,6,1.0,616,97.25483322143556,0.8184048404003431,1203,222.89444243907928,1750.5,184.72708213329315,0.6872322193658955,0.8287648633670267,0.3042825248018115,0.6446304830060431,589,287.90663504600525,13,47,48,5,63,2.333045608713692,95739
542,tile_x59904_y22016_gray_matter_cell_2,2017-063_Iba1_Temporal_pole_Batch_8,tile_x59904_y22016_gray_matter,326.4682,125.81772,399.23895,240.37106,171,7,2,8,2,10,4.0,308,64.28427076339722,0.9365934951903028,967,376.3919162750244,3728.5,251.2480764389038,0.2593536274641276,0.6675171957075727,0.0857740196438076,0.7422300282010004,667,391.7056245803833,11,37,69,9,171,2.329799548118622,66154
543,tile_x69120_y39936_gray_matter_cell_1,2017-129_Iba1_Tp_B8_100,tile_x69120_y39936_gray_matter,319.19193,98.21973,460.7476,287.78168,221,1,6,5,8,13,0.625,1065,189.13708305358887,0.3741158412684816,1874,499.2030984163284,9531.5,405.4363861083984,0.1966112364265855,0.81216720688354,0.0944984980904763,0.7286612458889528,988,525.7300097942352,7,42,101,7,221,2.329173686953703,78912
544,tile_x37376_y19968_gray_matter_cell_8,2018-001_Iba1_Temporal_pole_Batch_6,tile_x37376_y19968_gray_matter,294.5816,69.73488,347.52264,195.11537,116,2,4,4,3,7,1.3333333333333333,385,82.32590091228485,0.7138346244609817,828,295.66399443149567,2629.5,259.90777814388275,0.3148887621220764,0.8790646918088042,0.1190264061760542,0.4891527347381701,481,291.1787132024765,8,17,91,7,116,2.328000878262329,104319
545,tile_x6144_y34304_gray_matter_cell_3,2017-160_Iba1_Temporal_pole_Batch_6,tile_x6144_y34304_gray_matter,31.358368,302.5066,192.76418,419.91235,391,10,3,12,3,15,4.0,249,59.11269783973694,0.8954630088394563,1663,699.0264731645584,11510.5,416.82679867744446,0.1444767820685461,0.5962961556955496,0.042767598705169,0.8325163805220308,1437,691.6122596263885,9,45,88,12,391,2.327050048854718,90989
546,tile_x11776_y4608_gray_matter_cell_7,2016-020_Iba1_Temporal_pole_Batch_8,tile_x11776_y4608_gray_matter,154.02988,23.795113,241.05688,265.5431,380,9,3,10,3,13,3.333333333333333,515,98.18376553058624,0.6713325811334323,2442,774.8254626989365,13554.5,532.4511089324951,0.1801615699583164,0.6871884502579679,0.0511149281975197,0.6008054923476743,2039,784.1391710042953,11,144,208,13,380,2.3255539546458324,15285
547,tile_x39936_y48640_gray_matter_cell_1,2018-001_Iba1_Temporal_pole_Batch_6,tile_x39936_y48640_gray_matter,176.0523,37.601044,285.177,82.90043,87,1,3,4,3,7,1.3333333333333333,419,78.76955199241638,0.8486080284632612,892,236.0660153627396,1785.5,208.5431945323944,0.4995799495939513,0.883410490967734,0.2011443228406042,0.5159144294749882,474,285.52185904979706,13,31,53,18,87,2.324672740824612,105177
548,tile_x21504_y40448_gray_matter_cell_1,2016-020_Iba1_Temporal_pole_Batch_8,tile_x21504_y40448_gray_matter,171.56433,103.88873,248.8482,166.6063,92,1,3,4,3,7,1.3333333333333333,291,61.69848430156708,0.960624950854856,913,230.55129659175876,2139.0,189.5180457830429,0.4268349696119682,0.822021166589342,0.2158467448893616,0.7483754108565743,622,288.2497808933258,10,24,41,8,92,2.319918647794092,17312
549,tile_x30208_y33792_gray_matter_cell_0,2018-001_Iba1_Temporal_pole_Batch_6,tile_x30208_y33792_gray_matter,414.94458,279.1451,494.75085,397.19693,107,1,3,3,2,5,1.5,621,110.71067690849304,0.6366818241673003,1575,338.534051656723,4095.0,278.66676914691925,0.3846153846153846,0.8231572799934767,0.1726973622003757,0.6626640420830752,965,381.1614682674408,14,67,89,6,107,2.3196505579183824,101190
550,tile_x82432_y45056_gray_matter_cell_0,2016-032_Iba1_Temporal_pole_Batch_8,tile_x82432_y45056_gray_matter,1.8543396,175.6276,103.9579,335.78485,241,4,4,9,3,12,3.0,269,58.28427076339722,0.9950832361655334,1336,442.2741661071777,6878.5,368.7778205871582,0.1942283928182016,0.8338217532194523,0.0858288270669603,0.6355855556796156,1067,442.2741661071777,10,27,80,9,241,2.3189149587468547,31150
551,tile_x7680_y28160_gray_matter_cell_0,2017-129_Iba1_Tp_B8_100,tile_x7680_y28160_gray_matter,190.3333,96.60089,341.11505,250.77524,359,7,7,13,7,20,1.8571428571428568,1021,170.75230705738068,0.4400504259435204,2533,833.1513636112213,13224.0,438.3019725084305,0.1915456745311554,0.5260772431658146,0.045856112574494,0.8650194133853417,1601,797.8376553058624,20,56,116,11,359,2.3178357304412573,79985
552,tile_x27648_y10240_gray_matter_cell_1,2017-129_Iba1_Tp_B8_100,tile_x27648_y10240_gray_matter,103.48898,90.9064,317.72052,326.84445,435,9,3,12,3,15,4.0,749,106.56854152679443,0.8287692660656899,3172,881.9381605386734,19959.0,566.8960832357407,0.1589257978856656,0.6427843907893608,0.051246802567453,0.7804439698984096,2431,955.29349899292,15,75,141,13,435,2.3139527880044173,72758
553,tile_x23552_y45568_gray_matter_cell_0,2014-048_Iba1_Temporal_pole_Batch_8,tile_x23552_y45568_gray_matter,109.63171,72.59904,222.98047,203.63107,144,5,3,8,3,11,2.6666666666666665,1132,143.09545290470123,0.6947117170462845,2692,453.0020879507065,5556.5,283.7075721025467,0.4844776388014037,0.6262831444905358,0.1648483149000545,0.8674996901157094,1560,590.6833273172379,25,45,59,15,144,2.3116532561216334,1504
554,tile_x23040_y45568_gray_matter_cell_2,2017-129_Iba1_Tp_B8_100,tile_x23040_y45568_gray_matter,364.0567,332.99802,410.9665,400.2703,22,0,1,2,0,2,0.0,712,129.39696860313416,0.5343694891299878,513,182.5096664428711,881.0,144.21604681015015,0.5822928490351873,0.790183060551987,0.1935332039252935,0.532302614207468,96,61.69848430156708,26,26,42,4,22,2.311601800936651,71866
555,tile_x77824_y27648_gray_matter_cell_0,2017-063_Iba1_Temporal_pole_Batch_8,tile_x77824_y27648_gray_matter,105.519226,178.7179,237.04239,308.598,127,3,5,8,4,12,2.0,530,133.29646337032318,0.3748422015495148,1144,422.0904005765915,4296.5,271.29333114624023,0.2662632375189107,0.6427375054624395,0.0806909703103866,0.7335782455955575,719,404.4335464239121,17,26,60,8,127,2.3077895278666603,68371
556,tile_x34816_y34816_gray_matter_cell_1,2018-001_Iba1_Temporal_pole_Batch_6,tile_x34816_y34816_gray_matter,221.62097,250.97461,342.97607,345.02185,141,0,5,5,5,10,1.0,353,69.69848430156708,0.9131411235409074,1226,372.7766922712326,4014.0,285.77466356754303,0.3054309915296462,0.7666108678265035,0.1108671371975884,0.6176462200117578,877,420.8183224201202,11,13,75,5,141,2.3071133889863575,103361
557,tile_x14848_y3072_gray_matter_cell_3,2016-020_Iba1_Temporal_pole_Batch_8,tile_x14848_y3072_gray_matter,285.46832,170.27219,321.89996,223.82358,19,0,1,1,1,2,1.0,388,73.01219260692596,0.9146413005385916,654,131.88224983215332,792.5,115.11634039878844,0.8252365930599369,0.8728721305960214,0.4725142578909049,0.7515107294355794,271,181.5807341337204,12,12,30,1,19,2.3065006137858437,15934
558,tile_x5632_y22528_gray_matter_cell_0,2017-160_Iba1_Temporal_pole_Batch_6,tile_x5632_y22528_gray_matter,366.71924,167.48607,493.2566,243.75218,106,1,4,4,3,7,1.3333333333333333,643,100.911687374115,0.7934835004496881,1368,392.71781718730927,4216.0,271.1385053396225,0.3244781783681214,0.6904155947941146,0.111464032573746,0.7206561063669747,752,413.78888487815857,13,36,69,4,106,2.3061606180277567,90194
559,tile_x69120_y14336_gray_matter_cell_0,2017-014_Iba1_Temporal_pole_Batch_6,tile_x69120_y14336_gray_matter,26.133793,156.57227,137.23029,332.22437,301,3,3,8,2,10,4.0,558,96.76955199241638,0.7488013213558966,2428,686.3401814699173,9541.0,380.8275562524796,0.2544806624043601,0.5548670565037747,0.06477086485368,0.8266982685859114,1882,739.7960251569748,12,47,108,13,301,2.305553558336272,39933
560,tile_x60416_y23552_gray_matter_cell_0,2017-160_Iba1_Temporal_pole_Batch_6,tile_x60416_y23552_gray_matter,37.738205,265.0686,222.79668,401.7179,289,5,4,9,4,13,2.25,495,94.22539567947388,0.7006145031717967,1985,715.5117543935776,9943.5,410.6344046592712,0.1996278976215618,0.5739030870391486,0.0487233150947528,0.7410345806775065,1627,660.156415939331,16,43,100,10,289,2.304877366658406,90728
561,tile_x81408_y56320_gray_matter_cell_0,2016-032_Iba1_Temporal_pole_Batch_8,tile_x81408_y56320_gray_matter,207.96239,252.4537,352.69165,412.57138,220,7,4,9,4,13,2.25,742,119.94112491607666,0.6481529975060588,2248,483.78888487815857,7709.0,380.8608101606369,0.2916072123492022,0.7872458877523738,0.1206964227802481,0.6678444725995677,1507,574.0731556415558,17,55,104,10,220,2.30445995495979,31088
562,tile_x29696_y19968_gray_matter_cell_1,2017-014_Iba1_Temporal_pole_Batch_6,tile_x29696_y19968_gray_matter,278.0658,268.2898,329.26477,322.28235,38,2,2,4,2,6,2.0,305,63.11269783973694,0.9622240625193792,609,146.1248904466629,889.0,126.53994238376616,0.6850393700787402,0.865971170256956,0.3584088785465602,0.697680139361581,311,179.5807341337204,11,14,38,3,38,2.304150215771856,34791
563,tile_x79872_y14848_gray_matter_cell_1,2016-020_Iba1_Temporal_pole_Batch_8,tile_x79872_y14848_gray_matter,278.93835,138.7431,438.9204,239.67896,3,0,1,1,1,2,1.0,5385,612.4995617866516,0.1803781826568145,424,247.722869515419,3782.0,251.9811314344406,0.1121099947117927,1.0171896197042742,0.0868247450072945,0.7485061021069006,14,12.828427076339722,41,41,43,1,3,2.3031520784728268,27542
564,tile_x52736_y52224_gray_matter_cell_0,2017-026_Iba1_Temporal_pole_Batch_8,tile_x52736_y52224_gray_matter,368.9448,18.131191,456.28494,131.13132,111,3,4,6,4,10,1.5,595,109.74011445045473,0.6208633332235426,1409,358.29141104221344,3262.0,244.0200163125992,0.4319435928877989,0.6810657715818063,0.1379266100731989,0.6884032580684417,881,349.8061298131943,14,19,61,6,111,2.3027313977797426,47605
565,tile_x50688_y72192_gray_matter_cell_0,2014-048_Iba1_Temporal_pole_Batch_8,tile_x50688_y72192_gray_matter,289.9027,416.60086,377.4308,490.18588,88,2,5,7,5,12,1.4,726,122.26702582836153,0.610278104507723,1406,276.4924215078354,2908.5,213.86309587955475,0.4834106927969744,0.7734862847714405,0.2311153125395765,0.799111229095834,680,389.9310202598572,9,33,43,9,88,2.3021154265961585,7039
566,tile_x66048_y16896_gray_matter_cell_1,2017-026_Iba1_Temporal_pole_Batch_8,tile_x66048_y16896_gray_matter,132.62097,260.94595,180.2102,389.38773,129,3,4,7,4,11,1.75,352,72.5269113779068,0.8409189926974475,1171,359.4629839658737,2584.0,242.6725126504898,0.4531733746130031,0.6750973632198201,0.1138828714143225,0.5513929380460003,844,364.634556889534,13,22,66,8,129,2.3018010741108403,49230
567,tile_x26112_y43008_gray_matter_cell_1,2018-001_Iba1_Temporal_pole_Batch_6,tile_x26112_y43008_gray_matter,423.99622,183.19177,480.24872,218.60162,4,0,1,1,1,2,1.0,659,100.08326029777528,0.8267465470887412,1134,137.15432798862457,1116.0,130.33385050296783,1.0161290322580645,0.9502715110366592,0.7575370622535831,0.8255808425372839,491,215.23758828639984,19,19,22,1,4,2.3014790991969774,99193
568,tile_x23040_y41472_gray_matter_cell_1,2016-020_Iba1_Temporal_pole_Batch_8,tile_x23040_y41472_gray_matter,216.41461,36.564087,411.75122,157.8557,306,4,3,7,3,10,2.333333333333333,533,89.5979790687561,0.8343353507312319,1968,577.0437180995941,11472.5,427.9574280977249,0.1715406406624537,0.7416377904730299,0.074270701018001,0.7871668433115259,1435,665.4701242446899,12,76,87,17,306,2.3012635088399365,17608
569,tile_x29184_y52224_gray_matter_cell_2,2018-001_Iba1_Temporal_pole_Batch_6,tile_x29184_y52224_gray_matter,446.8407,79.01572,480.8883,142.74173,50,1,2,3,3,6,1.0,339,66.76955199241638,0.9555482858688196,752,155.78174459934235,917.5,129.39004719257355,0.8196185286103542,0.830585429155091,0.3893987725584154,0.6886748045170178,440,204.30865597724917,11,16,35,6,50,2.3010432321388508,100778
570,tile_x17920_y40960_gray_matter_cell_1,2017-026_Iba1_Temporal_pole_Batch_8,tile_x17920_y40960_gray_matter,103.169044,144.7692,153.74112,220.61032,59,1,1,2,1,3,2.0,272,59.11269783973694,0.9781764594551492,482,173.53910398483276,1300.5,159.62135756015778,0.3706266820453671,0.9198005169722936,0.2011232140802459,0.6414136830405579,241,152.1248904466629,11,49,53,5,59,2.300210657755726,43841
571,tile_x71168_y50688_gray_matter_cell_1,2017-063_Iba1_Temporal_pole_Batch_8,tile_x71168_y50688_gray_matter,263.40057,264.82074,302.0124,304.97943,46,3,2,2,4,6,0.5,654,113.35533845424652,0.639592932840108,764,117.74011445045473,897.0,114.60549283027648,0.8517279821627648,0.973376774476491,0.6925550737615536,0.8582057913903874,269,110.56854152679443,8,14,27,8,46,2.298601618233732,67402
572,tile_x15360_y3584_gray_matter_cell_0,2016-020_Iba1_Temporal_pole_Batch_8,tile_x15360_y3584_gray_matter,51.750984,355.38867,225.51782,494.78882,277,5,4,9,4,13,2.25,671,131.0538227558136,0.4909451760486731,2627,735.7543950080872,9651.5,404.553573846817,0.2721856706211469,0.5498486676961954,0.0609823570975988,0.7410586736920676,1974,794.6244522333145,16,39,87,13,277,2.297557096438678,16053
573,tile_x51200_y26112_gray_matter_cell_1,2017-063_Iba1_Temporal_pole_Batch_6,tile_x51200_y26112_gray_matter,383.73212,101.86303,465.60822,159.36725,66,1,2,3,2,5,1.5,270,58.87005722522736,0.979004554532039,623,192.02438521385196,1466.5,167.50499308109283,0.4248210023866348,0.8723110499458047,0.2123171832933172,0.6568049494731985,360,235.23758828639984,10,21,42,5,66,2.2969309677579184,57769
574,tile_x88064_y50176_gray_matter_cell_0,2016-032_Iba1_Temporal_pole_Batch_8,tile_x88064_y50176_gray_matter,445.93762,93.29408,493.22546,127.87013,16,0,2,1,1,2,1.0,292,61.11269783973694,0.9824937651429376,665,112.911687374115,710.0,102.11258959770204,0.9366197183098592,0.904358016184526,0.6554713502996512,0.8556765544367769,373,170.02438521385193,11,11,23,3,16,2.2945252145869937,31415
575,tile_x87552_y14848_gray_matter_cell_1,2017-026_Iba1_Temporal_pole_Batch_8,tile_x87552_y14848_gray_matter,382.0703,164.81549,436.87915,215.19498,25,1,4,5,4,9,1.25,537,88.76955199241638,0.856359448091317,1078,168.85281229019165,1349.0,142.08125436306,0.799110452186805,0.8414503284604946,0.4751295353835924,0.8397465890426399,552,218.4091612100601,15,18,24,4,25,2.2934014330283086,51731
576,tile_x37376_y52736_gray_matter_cell_0,2014-048_Iba1_Temporal_pole_Batch_8,tile_x37376_y52736_gray_matter,93.325966,243.45721,165.19064,341.22504,114,3,5,7,6,13,1.1666666666666667,937,135.49747383594513,0.6413381253263626,1984,332.3919162750244,3617.0,236.4374293088913,0.5485208736521979,0.711321237768191,0.2256579431754653,0.8130662146666521,1051,447.64674949646,18,37,45,10,114,2.292802549329354,4048
577,tile_x16384_y9216_gray_matter_cell_0,2018-001_Iba1_Temporal_pole_Batch_6,tile_x16384_y9216_gray_matter,264.2975,244.35794,334.00195,287.87662,23,0,2,2,2,4,1.0,462,96.08326029777528,0.6288634838411926,783,156.02438521385193,828.5,143.15398788452148,0.9450814725407364,0.917510347426206,0.4041910252261845,0.508037154833879,366,179.82337474822998,16,33,46,2,23,2.2924502473616033,95823
578,tile_x4096_y3072_gray_matter_cell_6,2016-020_Iba1_Temporal_pole_Batch_8,tile_x4096_y3072_gray_matter,373.72897,233.98694,506.41287,330.23822,171,2,2,4,2,6,2.0,310,63.94112491607666,0.9528203251756556,938,354.534051656723,4491.5,286.6405885219574,0.2088389179561393,0.8084994577601157,0.0937770992118581,0.686951212407657,699,308.14927566051483,11,79,106,6,171,2.2921209851111852,20974
579,tile_x70144_y42496_gray_matter_cell_2,2017-129_Iba1_Tp_B8_100,tile_x70144_y42496_gray_matter,24.988205,129.02802,54.279793,154.13837,0,0,0,0,0,0,0.0,278,62.87005722522736,0.883826356834428,337,65.94112491607666,314.0,64.04114925861359,1.0732484076433122,0.9711867873063862,0.9739284703928742,0.9621023558569868,74,99.74011445045473,0,0,0,0,0,2.2910292063716216,79072
580,tile_x27648_y6144_gray_matter_cell_4,2018-001_Iba1_Temporal_pole_Batch_6,tile_x27648_y6144_gray_matter,365.06906,325.792,458.2969,386.79352,117,2,5,6,5,11,1.2,363,71.11269783973694,0.9020324869033092,1200,315.90663504600525,3249.0,234.0254681110382,0.3693444136657433,0.7408058019324515,0.1511031837133204,0.7454754230462636,844,369.36247873306274,11,15,56,8,117,2.2906326440063203,99996
581,tile_x32768_y49664_gray_matter_cell_1,2017-026_Iba1_Temporal_pole_Batch_8,tile_x32768_y49664_gray_matter,401.65198,162.2815,447.38135,275.4659,106,2,5,8,5,13,1.6,667,109.84061968326569,0.6947199158755716,1143,321.8061298131943,2728.0,229.18759608268735,0.4189882697947214,0.7121915179668231,0.1386971284730129,0.6526374803047685,561,297.1787132024765,9,59,72,6,106,2.2893620166815354,44922
582,tile_x28160_y19968_gray_matter_cell_4,2018-001_Iba1_Temporal_pole_Batch_6,tile_x28160_y19968_gray_matter,144.0344,384.99146,305.86133,503.54352,171,5,6,10,5,15,2.0,1132,232.1076455116272,0.2640446659534113,1715,599.1858534812927,7148.0,377.0395882129669,0.2399272523782876,0.6292531541296452,0.0600275869901011,0.6318594759957272,862,462.6173119544983,23,42,118,11,171,2.289206216893787,100073
583,tile_x84480_y40448_gray_matter_cell_0,2016-020_Iba1_Temporal_pole_Batch_8,tile_x84480_y40448_gray_matter,120.360794,207.00755,211.12502,370.62024,178,3,1,4,1,5,4.0,365,69.69848430156708,0.9441827481371988,727,316.9360725879669,5990.0,329.3752272129059,0.1213689482470784,1.0392481503394866,0.0909496288302338,0.6938327927279709,455,287.2792184352875,14,32,121,10,178,2.2890773456446802,28214
584,tile_x74240_y23552_gray_matter_cell_1,2017-129_Iba1_Tp_B8_100,tile_x74240_y23552_gray_matter,83.8613,165.09567,224.82675,293.56693,167,1,4,4,3,7,1.3333333333333333,404,72.76955199241638,0.958720087011918,1245,408.3330411911011,5389.0,324.2584148645401,0.2310261644089812,0.794102808625732,0.0938318262149306,0.6440736575270766,841,408.3330411911011,12,24,103,4,167,2.2886170638532914,79598
585,tile_x40960_y49664_gray_matter_cell_0,2018-001_Iba1_Temporal_pole_Batch_6,tile_x40960_y49664_gray_matter,87.24234,158.82526,180.58102,241.5086,191,5,3,4,3,7,1.3333333333333333,469,81.25483322143555,0.8926563531491404,2194,387.50461411476135,4110.0,242.9015293121338,0.5338199513381995,0.6268351923164387,0.1836084781771531,0.8753690504257743,1725,469.5878744125366,12,33,56,9,191,2.2884719071232804,105359
586,tile_x41472_y42496_gray_matter_cell_2,2017-160_Iba1_Temporal_pole_Batch_6,tile_x41472_y42496_gray_matter,101.39571,97.33503,158.60947,171.73737,69,2,3,4,3,7,1.3333333333333333,435,86.87005722522736,0.7243674150451521,740,257.2792184352875,2126.5,185.58239209651947,0.3479896543616271,0.7213267873914906,0.1404857156697061,0.7758927867869715,378,210.89444243907928,14,21,40,5,69,2.2884497131080743,88183
587,tile_x53760_y2560_gray_matter_cell_3,2014-048_Iba1_Temporal_pole_Batch_8,tile_x53760_y2560_gray_matter,268.43945,353.5575,378.5255,443.1068,193,4,6,10,6,16,1.6666666666666667,635,118.911687374115,0.5643317768975266,1743,523.9310202598572,5416.5,282.5695925951004,0.3217945167543616,0.5393259449592289,0.0797919403800244,0.8524673624438182,1137,565.4873691797256,9,57,70,17,193,2.286394423108937,7596
588,tile_x40448_y48128_gray_matter_cell_1,2017-026_Iba1_Temporal_pole_Batch_8,tile_x40448_y48128_gray_matter,55.337593,245.21521,95.809074,284.2246,3,0,3,0,0,0,0.0,700,103.5979790687561,0.8196063924758931,794,115.9827550649643,807.5,103.71368718147278,0.98328173374613,0.8942164472932259,0.7417260376963802,0.9433660576894544,169,99.25483322143556,12,12,19,1,3,2.2861697642677328,45907
589,tile_x67072_y11264_gray_matter_cell_0,2017-063_Iba1_Temporal_pole_Batch_8,tile_x67072_y11264_gray_matter,402.13025,288.63177,489.16064,489.7104,232,3,2,5,2,7,2.5,529,89.5979790687561,0.8280739222079206,2014,543.1025931835175,7756.5,411.1108750104904,0.2596531940952749,0.7569672473863032,0.0858036133813843,0.5767103298507552,1485,633.5289993286133,17,62,89,11,232,2.284486850188766,66922
590,tile_x43008_y17408_gray_matter_cell_1,2016-020_Iba1_Temporal_pole_Batch_8,tile_x43008_y17408_gray_matter,50.640648,204.74408,116.47634,313.17828,109,5,4,9,2,11,4.5,1033,180.75230705738068,0.3973218849712885,743,397.1614682674408,2835.5,235.22645771503448,0.2620349144771645,0.5922690807373024,0.0591921973994574,0.6439722875602122,312,212.0660153627396,24,25,57,9,109,2.2843506685545396,21341
591,tile_x12288_y48128_gray_matter_cell_0,2017-160_Iba1_Temporal_pole_Batch_6,tile_x12288_y48128_gray_matter,131.47275,9.269852,303.9874,150.04419,255,5,6,11,6,17,1.8333333333333333,593,106.08326029777528,0.6621720420059563,1705,562.6589421033859,9420.5,395.76776576042175,0.1809882702616634,0.703388387076769,0.0676774203963483,0.7557931989667673,1123,631.5289993286133,10,28,100,7,255,2.2823788525277298,81983
592,tile_x10240_y41984_gray_matter_cell_3,2016-020_Iba1_Temporal_pole_Batch_8,tile_x10240_y41984_gray_matter,51.557617,247.84253,206.41321,399.58392,350,8,2,9,2,11,4.5,367,72.18376553058624,0.8851092122524566,2005,666.6416971683502,13966.5,442.5593953132629,0.1435577990190813,0.663863957494848,0.0566942862381502,0.8960955479926076,1648,715.8549002408981,11,121,136,12,350,2.281535535267786,14951
593,tile_x12288_y20992_gray_matter_cell_0,2017-160_Iba1_Temporal_pole_Batch_6,tile_x12288_y20992_gray_matter,51.618034,326.306,111.93896,375.89682,19,0,2,1,1,2,1.0,844,112.46803629398346,0.8384826603331773,1132,154.95331752300262,1262.0,142.47102344036102,0.8969889064976229,0.9194448090419968,0.5924538597539286,0.7812969533604325,393,202.30865597724917,19,28,38,2,19,2.281205651923736,81917
594,tile_x77824_y68608_gray_matter_cell_1,2017-063_Iba1_Temporal_pole_Batch_6,tile_x77824_y68608_gray_matter,153.97217,114.53668,262.3656,185.08115,187,4,2,7,2,9,3.5,245,55.69848430156708,0.9924055725348108,1546,396.6761870384216,4290.5,257.25701332092285,0.3603309637571378,0.6485315270412368,0.1234659190562358,0.8146730011787348,1301,396.6761870384216,9,35,87,13,187,2.2800282139734707,61692
595,tile_x79360_y25088_gray_matter_cell_1,2017-063_Iba1_Temporal_pole_Batch_8,tile_x79360_y25088_gray_matter,394.23975,369.286,500.3457,485.10828,250,6,4,11,4,15,2.75,321,63.94112491607666,0.9866300786496308,1766,551.6295045614243,6368.5,307.72363674640656,0.27730234749156,0.5578447748023626,0.0729298952023373,0.8451334756357066,1460,595.6711347103119,10,56,61,15,250,2.2796396904022473,68503
596,tile_x37888_y6144_gray_matter_cell_0,2017-129_Iba1_Tp_B8_100,tile_x37888_y6144_gray_matter,117.38571,222.82957,231.07782,425.7141,180,3,4,7,4,11,1.75,771,126.32590091228484,0.607126841497487,957,455.6051193475723,5315.5,348.2826603651047,0.1800395071018719,0.7644397430473264,0.0579354802219367,0.5506685583432528,491,318.7939372062683,16,36,92,6,180,2.2795862215779508,74843
597,tile_x28672_y19968_gray_matter_cell_0,2016-020_Iba1_Temporal_pole_Batch_8,tile_x28672_y19968_gray_matter,177.24323,5.813286,261.17902,89.97272,70,1,4,2,4,6,0.5,1825,203.9655101299286,0.5512635289913798,2687,299.66399443149567,3615.0,232.8238821029663,0.7432918395573997,0.776949805213221,0.3760177981432266,0.838036844456209,879,472.0731556415558,20,22,50,10,70,2.2740700195240167,18753
598,tile_x26112_y7168_gray_matter_cell_4,2018-001_Iba1_Temporal_pole_Batch_6,tile_x26112_y7168_gray_matter,244.80551,248.51791,330.176,319.2277,69,0,2,1,1,2,1.0,355,78.66904675960541,0.7208259971988835,1090,269.66399443149567,2588.5,202.87025809288025,0.4210932972764149,0.7523075467326306,0.1883607605839496,0.7903532980810755,774,284.634556889534,13,44,66,12,69,2.2739555962488396,99269
599,tile_x29184_y46592_gray_matter_cell_0,2017-063_Iba1_Temporal_pole_Batch_8,tile_x29184_y46592_gray_matter,215.02077,111.90936,372.80347,197.67319,224,4,2,7,2,9,3.5,254,56.87005722522736,0.9869070471454644,881,352.73506212234497,7718.5,365.5886249542236,0.1141413487076504,1.0364397084728154,0.0889792028038462,0.7257005020573919,627,395.1198381185532,10,36,75,11,224,2.272841329331775,63994
600,tile_x25600_y51200_gray_matter_cell_4,2017-063_Iba1_Temporal_pole_Batch_6,tile_x25600_y51200_gray_matter,312.67297,36.425766,392.0653,111.52872,74,1,3,4,3,7,1.3333333333333333,252,56.041630148887634,1.0082979530772962,462,176.95331752300262,1596.5,165.55161571502686,0.2893830253679925,0.9355666117619206,0.1854105410205016,0.7320014470875885,228,192.02438521385196,9,13,34,6,74,2.2719971759981044,54263
601,tile_x23040_y33280_gray_matter_cell_0,2017-026_Iba1_Temporal_pole_Batch_8,tile_x23040_y33280_gray_matter,115.40981,85.17963,176.70132,268.9445,161,3,7,9,8,17,1.125,521,131.39696860313416,0.3792074800735779,1228,462.57568180561066,3910.0,342.3348447084427,0.3140664961636829,0.7400623469270546,0.0721178275273047,0.4192609450335868,783,432.4335464239121,3,41,85,6,161,2.2691167224726394,44164
602,tile_x77312_y25600_gray_matter_cell_0,2014-048_Iba1_Temporal_pole_Batch_8,tile_x77312_y25600_gray_matter,112.213066,211.75533,193.95514,408.33746,177,3,2,4,1,5,4.0,1089,135.7401144504547,0.7427135063747204,2559,483.78888487815857,6297.0,391.1180605888367,0.4063839923773225,0.8084478019525791,0.1373941930136366,0.517282535280799,1479,547.9310202598572,27,72,151,8,177,2.268729385532564,12953
603,tile_x79872_y33792_gray_matter_cell_0,2017-026_Iba1_Temporal_pole_Batch_8,tile_x79872_y33792_gray_matter,281.34912,163.91666,442.41693,331.9824,293,5,3,8,3,11,2.6666666666666665,588,91.01219260692596,0.8920476133795707,2670,610.558436870575,9787.0,422.5296149253845,0.27281087156432,0.6920379596932039,0.0900050032117175,0.6888824877650933,2082,610.558436870575,14,63,89,16,293,2.2682338194396627,50874
604,tile_x30720_y56832_gray_matter_cell_2,2017-160_Iba1_Temporal_pole_Batch_6,tile_x30720_y56832_gray_matter,295.63858,294.95654,322.38107,315.8131,0,0,0,0,0,0,0.0,402,76.14213538169861,0.871336310686505,288,63.21320307254791,271.0,60.58944010734558,1.062730627306273,0.95849343431955,0.9057049843401904,0.9276524080758384,1,0.0,0,0,0,0,0,2.2679315602832473,86245
605,tile_x70144_y11264_gray_matter_cell_1,2017-014_Iba1_Temporal_pole_Batch_6,tile_x70144_y11264_gray_matter,47.91101,69.40985,192.66418,182.97238,220,3,3,6,3,9,2.0,374,74.66904675960541,0.8429469664449893,1748,528.0142805576324,9005.5,379.067751288414,0.1941036033535061,0.7179119301244713,0.0787879780544804,0.7875606644289177,1374,528.0142805576324,10,35,112,14,220,2.2678900869327183,40037
606,tile_x24064_y32256_gray_matter_cell_0,2016-020_Iba1_Temporal_pole_Batch_8,tile_x24064_y32256_gray_matter,68.5927,113.227875,150.63914,209.11276,100,2,3,2,3,5,0.6666666666666666,666,144.61017167568207,0.4002085934922672,1432,312.9777027368545,3444.5,235.0588610172272,0.4157352300769342,0.7510402784662906,0.1837071607234038,0.7833986128842965,776,393.3036036491394,13,53,56,7,100,2.2677309120520763,17794
607,tile_x14848_y15872_gray_matter_cell_0,2018-001_Iba1_Temporal_pole_Batch_6,tile_x14848_y15872_gray_matter,386.60394,386.0917,442.67108,448.95926,47,0,3,3,3,6,1.0,235,56.28427076339722,0.9321882813880316,515,158.36753106117249,1190.0,145.66588699817655,0.4327731092436975,0.9197964129522884,0.2580386735648197,0.7047597778165443,305,174.85281229019165,9,12,38,4,47,2.2676057957903724,94949
608,tile_x75264_y56320_gray_matter_cell_0,2014-048_Iba1_Temporal_pole_Batch_8,tile_x75264_y56320_gray_matter,28.372032,362.01935,89.15756,456.5993,118,7,4,9,3,12,3.0,446,92.42640614509584,0.6560736413172334,1568,298.4924215078354,2641.0,212.51712691783905,0.5937145020825445,0.7119682497944442,0.2211512018857676,0.734835947407971,1123,389.7472547292709,8,56,61,7,118,2.2660424196868654,12501
609,tile_x28160_y34816_gray_matter_cell_1,2017-063_Iba1_Temporal_pole_Batch_8,tile_x28160_y34816_gray_matter,275.68774,105.33218,338.4574,230.31491,99,4,6,5,9,14,0.5555555555555556,1373,233.722869515419,0.315847891391777,1319,424.57568180561066,3788.5,267.4172924757004,0.3481589019400818,0.6298459943311961,0.0919484532972897,0.6657300807826837,424,235.37972366809845,4,52,56,8,99,2.2658022984661947,63884
610,tile_x58880_y24576_gray_matter_cell_0,2017-129_Iba1_Tp_B8_100,tile_x58880_y24576_gray_matter,326.52484,100.92197,508.45404,201.69885,239,3,3,6,3,9,2.0,448,79.01219260692596,0.9017780303181708,1697,559.0020879507065,7303.0,356.868052482605,0.2323702587977543,0.638402002738269,0.0682440584489706,0.7206025971298597,1249,630.357426404953,14,68,82,9,239,2.264813224565162,77733
611,tile_x7168_y33280_gray_matter_cell_0,2017-160_Iba1_Temporal_pole_Batch_6,tile_x7168_y33280_gray_matter,161.7467,65.16637,296.00192,216.50935,336,6,5,11,4,15,2.75,939,121.74011445045473,0.7961740986170889,2720,649.369619011879,13330.5,442.2830567359924,0.2040433592138329,0.681096010326134,0.0810578043757484,0.856358668695853,1783,764.5239470005035,18,54,101,16,336,2.264586688455297,92571
612,tile_x87040_y21504_gray_matter_cell_0,2017-026_Iba1_Temporal_pole_Batch_8,tile_x87040_y21504_gray_matter,169.89069,296.67056,283.56702,467.46646,205,2,4,6,4,10,1.5,967,172.1248904466629,0.4101559200697456,2076,606.4995617866516,8776.0,373.70639204978943,0.2365542388331814,0.6161692696840697,0.0709212253181121,0.7896696122869818,1202,598.256921172142,12,38,95,6,205,2.264510078561574,51632
613,tile_x83456_y3584_gray_matter_cell_0,2017-026_Iba1_Temporal_pole_Batch_8,tile_x83456_y3584_gray_matter,205.25745,64.31204,285.99347,236.46732,233,6,3,9,3,12,3.0,263,57.455843687057495,1.0011455009081314,1264,457.9310202598572,5171.5,327.97445368766785,0.2444165135840665,0.7162092961109202,0.0757454954555838,0.6041521959631139,1020,471.34523379802704,10,44,93,17,233,2.2641322953629457,51335
614,tile_x87040_y44544_gray_matter_cell_4,2017-129_Iba1_Tp_B8_100,tile_x87040_y44544_gray_matter,82.20111,188.95746,173.47963,299.85928,107,3,1,4,1,5,4.0,787,132.1248904466629,0.5665200906268798,896,307.4213538169861,3583.0,258.94425880908966,0.2500697739324588,0.8423105799060537,0.1191378647380244,0.671497034746915,366,254.45079135894773,29,41,77,7,107,2.263717605149029,80868
615,tile_x86016_y34816_gray_matter_cell_1,2017-026_Iba1_Temporal_pole_Batch_8,tile_x86016_y34816_gray_matter,130.32108,138.7615,242.31332,231.27255,127,1,3,4,3,7,1.3333333333333333,530,87.25483322143555,0.8747959185620958,989,314.0071402788162,4148.0,258.1455612182617,0.2384281581485053,0.8221009273516731,0.1260454311683549,0.7822026593209102,509,339.90663504600525,13,62,70,5,127,2.2611673504410845,51577
616,tile_x71680_y41984_gray_matter_cell_0,2017-026_Iba1_Temporal_pole_Batch_8,tile_x71680_y41984_gray_matter,405.73145,50.439465,509.41168,147.88951,115,1,3,3,2,5,1.5,408,79.01219260692596,0.8212621347540484,848,310.4924215078354,3444.0,248.31106042861936,0.2462253193960511,0.7997330795474928,0.1105359905604438,0.7019091075504909,495,283.52185904979706,9,51,72,6,115,2.2591744735680996,49863
617,tile_x36352_y20992_gray_matter_cell_0,2017-129_Iba1_Tp_B8_100,tile_x36352_y20992_gray_matter,240.27946,229.49963,402.46234,415.78168,297,4,4,8,4,12,2.0,1063,159.29646337032318,0.5264181574670092,3076,832.4823168516159,11240.5,424.148321390152,0.2736533072372225,0.5094982954043376,0.0557758452786783,0.7851632948561234,2040,902.180801153183,20,56,86,16,297,2.2586295545380004,74499
618,tile_x8704_y65024_gray_matter_cell_1,2018-001_Iba1_Temporal_pole_Batch_6,tile_x8704_y65024_gray_matter,276.31848,199.21536,322.30823,259.72415,29,0,2,1,1,2,1.0,346,71.5979790687561,0.8481729830766324,549,120.32590091228484,683.5,124.34056186676024,0.803218727139722,1.0333648942084548,0.4765011623736151,0.5555494626927604,309,123.15432798862456,11,16,43,2,29,2.2571732814259433,106516
619,tile_x89088_y36864_gray_matter_cell_1,2017-129_Iba1_Tp_B8_100,tile_x89088_y36864_gray_matter,273.01666,335.48434,444.73615,438.26187,243,5,5,11,5,16,2.2,481,91.84061968326569,0.7166140678880469,1567,527.1442233324051,7923.5,365.7577240467072,0.1977661387013314,0.6938475427740175,0.0708630689806987,0.7442861091531757,1099,586.0142805576324,12,64,91,9,243,2.2562244638594184,81070
620,tile_x25600_y35840_gray_matter_cell_1,2018-001_Iba1_Temporal_pole_Batch_6,tile_x25600_y35840_gray_matter,381.31766,321.22968,453.00607,371.96014,67,0,2,2,2,4,1.0,443,82.5269113779068,0.8173769884927251,927,240.30865597724917,2145.5,186.25802743434903,0.4320671172220927,0.7750783120021393,0.201720840575356,0.7771563222614566,526,251.62236428260803,15,20,57,3,67,2.2545782356812105,98838
621,tile_x6656_y11264_gray_matter_cell_1,2017-026_Iba1_Temporal_pole_Batch_8,tile_x6656_y11264_gray_matter,239.4426,8.25219,284.178,86.681564,56,0,4,3,5,8,0.6,521,120.22539567947388,0.4529551033968422,671,182.36753106117249,1394.5,172.0818566083908,0.4811760487629974,0.943599201058814,0.2535346647858513,0.5917771834826333,287,175.29646337032318,7,9,42,4,56,2.2519684727123606,49331
622,tile_x31232_y15360_gray_matter_cell_0,2018-001_Iba1_Temporal_pole_Batch_6,tile_x31232_y15360_gray_matter,191.0528,53.287216,280.9333,123.04915,90,4,2,5,3,8,1.6666666666666667,506,112.32590091228484,0.5039652131792045,827,267.0365778207779,2526.5,203.66658568382263,0.3273302988323768,0.7626917156664352,0.1457383559938202,0.7654020144848226,404,230.1665205955505,15,49,55,9,90,2.249012181578909,101736
623,tile_x91136_y33792_gray_matter_cell_3,2017-129_Iba1_Tp_B8_100,tile_x91136_y33792_gray_matter,216.19513,127.971504,362.12762,269.06622,175,3,3,6,2,8,3.0,512,91.49747383594512,0.7685314022526004,1226,302.0071402788162,6018.0,334.3927936553955,0.2037221668328348,1.1072347274527368,0.1689141033720109,0.6763137674108303,714,361.7056245803833,15,60,76,11,175,2.2480060716498533,81196
624,tile_x9728_y3584_gray_matter_cell_0,2017-026_Iba1_Temporal_pole_Batch_8,tile_x9728_y3584_gray_matter,418.40198,273.9016,505.60522,348.05505,102,2,4,5,3,8,1.6666666666666667,547,95.01219260692596,0.7614449477073815,1316,294.2497808933258,2765.0,223.47977459430692,0.4759493670886076,0.7594900288993756,0.191000039492131,0.6957104877781763,769,357.7056245803833,16,26,57,10,102,2.24518358514115,52030
625,tile_x58368_y37888_gray_matter_cell_4,2017-026_Iba1_Temporal_pole_Batch_8,tile_x58368_y37888_gray_matter,209.93213,300.22705,299.57556,450.7566,149,1,6,6,7,13,0.8571428571428571,594,128.81118214130402,0.4498722213001937,2032,410.3330411911011,5729.5,320.480850815773,0.3546557291212148,0.781026187619432,0.1516563465957391,0.7010071020921677,1463,491.34523379802704,14,29,80,10,149,2.2444842554450606,48340
626,tile_x4608_y28672_gray_matter_cell_1,2018-001_Iba1_Temporal_pole_Batch_6,tile_x4608_y28672_gray_matter,155.57144,243.16454,254.25082,328.51733,125,2,2,4,2,6,2.0,357,69.11269783973694,0.9392093076934528,880,269.76449966430664,3913.5,259.262659907341,0.2248626549124824,0.961070341835067,0.1519577806791573,0.7316363213405109,527,320.3919162750244,10,68,82,6,125,2.242282984755972,105642
627,tile_x8192_y18944_gray_matter_cell_0,2017-026_Iba1_Temporal_pole_Batch_8,tile_x8192_y18944_gray_matter,343.4014,43.08574,395.08084,188.98035,108,2,3,5,2,7,2.5,313,67.11269783973694,0.8732624924124373,1056,303.2792184352875,1967.5,257.94458639621735,0.5367217280813215,0.8505185014886094,0.1442741345388876,0.3715966327312919,749,351.5634891986847,13,17,79,5,108,2.241666176364527,51125
628,tile_x16384_y49152_gray_matter_cell_1,2017-063_Iba1_Temporal_pole_Batch_6,tile_x16384_y49152_gray_matter,390.43567,392.90387,435.15698,439.67657,47,0,3,3,3,6,1.0,320,64.28427076339722,0.9730841508470678,659,157.1959581375122,981.0,117.61948156356812,0.6717635066258919,0.748234769883057,0.335129399467961,0.8910874964405838,339,157.1959581375122,10,29,29,5,47,2.2397921463838775,52949
629,tile_x43520_y45568_gray_matter_cell_0,2017-014_Iba1_Temporal_pole_Batch_6,tile_x43520_y45568_gray_matter,48.428833,52.44005,142.21577,120.42407,135,5,6,9,5,14,1.8,780,132.95331752300262,0.5545058210404202,1314,427.9898953437805,3367.5,220.4412270784378,0.3902004454342984,0.5150617560757355,0.0901442849199918,0.870826885393153,619,375.8061298131943,11,31,49,16,135,2.2384449876744186,37576
630,tile_x66560_y38400_gray_matter_cell_0,2017-160_Iba1_Temporal_pole_Batch_6,tile_x66560_y38400_gray_matter,237.56677,199.09148,345.47003,348.29498,200,5,3,8,3,11,2.6666666666666665,328,67.69848430156708,0.8993439489572547,1862,501.546244263649,5569.5,332.70052802562714,0.3343208546548164,0.6633496548540311,0.0930181237969427,0.6322940456216608,1538,542.4163014888763,12,35,124,7,200,2.2382964402706547,91648
631,tile_x37376_y21504_gray_matter_cell_1,2017-014_Iba1_Temporal_pole_Batch_6,tile_x37376_y21504_gray_matter,110.2814,93.56491,185.85141,208.19171,152,4,4,8,5,13,1.6,234,54.87005722522736,0.9766858485667832,889,365.6051193475723,3161.0,248.4763494729996,0.2812401138880101,0.6796303889737902,0.083577059732225,0.6433750929503416,669,397.7472547292709,9,27,67,10,152,2.23824582177811,36354
632,tile_x91136_y3072_gray_matter_cell_1,2017-014_Iba1_Temporal_pole_Batch_6,tile_x91136_y3072_gray_matter,179.9963,415.1659,250.59131,492.13025,59,1,2,1,3,4,0.3333333333333333,539,88.66904675960541,0.8614985484417081,563,167.88224983215332,1418.0,154.69246459007263,0.3970380818053596,0.9214343073477532,0.2510202151861395,0.7446424273771506,155,149.39696860313416,12,20,48,4,59,2.2373139716519104,42249
633,tile_x35840_y38400_gray_matter_cell_1,2017-014_Iba1_Temporal_pole_Batch_6,tile_x35840_y38400_gray_matter,32.563225,365.75952,106.91387,437.71875,45,0,3,3,3,6,1.0,573,101.15432798862456,0.7037129570971604,978,209.722869515419,1311.0,178.35947835445404,0.7459954233409611,0.8504531659640528,0.2794197734847021,0.5178693029730382,463,246.9360725879669,16,19,48,2,45,2.237095071012647,36011
634,tile_x38912_y11776_gray_matter_cell_0,2017-014_Iba1_Temporal_pole_Batch_6,tile_x38912_y11776_gray_matter,382.4853,203.31119,486.31543,307.87576,117,3,5,9,4,13,2.25,466,83.01219260692596,0.8497907717516017,1080,295.52185904979706,2404.5,206.76688468456268,0.4491578290704928,0.6996669733649764,0.15540121114944,0.7067611629531066,622,352.3919162750244,10,15,49,7,117,2.2349825883706873,36625
635,tile_x49664_y40960_gray_matter_cell_2,2017-160_Iba1_Temporal_pole_Batch_6,tile_x49664_y40960_gray_matter,144.60028,128.88278,272.4328,240.06729,268,11,3,11,3,14,3.6666666666666665,437,80.18376553058624,0.8541190457392468,2210,579.3279888629913,6876.0,326.6173404455185,0.3214077952297847,0.5637865712073548,0.0827471635765639,0.8099668707621246,1773,658.3401814699173,10,71,94,16,268,2.2348459482709297,89115
636,tile_x76288_y23552_gray_matter_cell_0,2016-020_Iba1_Temporal_pole_Batch_8,tile_x76288_y23552_gray_matter,158.3818,34.978046,283.04684,138.42427,221,5,4,9,4,13,2.25,574,86.42640614509583,0.965670241165387,1366,371.7056245803833,7430.5,330.330912232399,0.1838368885001009,0.8886895714997801,0.124240244601256,0.8557156389061835,793,424.8183224201202,14,58,94,20,221,2.233633062305615,26922
637,tile_x40448_y52736_gray_matter_cell_0,2017-026_Iba1_Temporal_pole_Batch_8,tile_x40448_y52736_gray_matter,383.924,240.81122,464.0506,379.17474,150,5,3,6,3,9,2.0,332,67.35533845424652,0.9196104594432174,1388,382.19090580940247,3769.0,290.0128802061081,0.3682674449456089,0.7588168001850277,0.119409431976881,0.5631206176993907,1074,417.1614682674408,9,41,85,7,150,2.2328325662884967,45913
638,tile_x16896_y35840_gray_matter_cell_0,2018-001_Iba1_Temporal_pole_Batch_6,tile_x16896_y35840_gray_matter,365.03857,309.2996,461.61487,389.2687,122,3,3,5,2,7,2.5,283,66.38477599620819,0.8069735705913225,745,314.0071402788162,2929.0,225.0811749696732,0.2543530215090475,0.7168027286571157,0.0949482772703988,0.7265255443367015,563,296.83556735515594,10,71,83,6,122,2.230941013183155,95936
639,tile_x60416_y24064_gray_matter_cell_1,2017-129_Iba1_Tp_B8_100,tile_x60416_y24064_gray_matter,219.86188,99.55328,269.6804,151.22542,25,0,2,2,2,4,1.0,706,101.25483322143556,0.8653325489552371,1155,150.02438521385193,1243.5,135.07531440258026,0.9288299155609168,0.9003557269042459,0.6448640058718755,0.8564532849770464,495,148.61017167568207,16,17,31,2,25,2.2304004245877698,77911
640,tile_x14848_y8704_gray_matter_cell_0,2017-026_Iba1_Temporal_pole_Batch_8,tile_x14848_y8704_gray_matter,284.81085,242.07077,408.57794,319.91226,159,3,3,5,2,7,2.5,280,60.28427076339722,0.9681883928939302,1380,348.634556889534,3907.5,269.2455989122391,0.3531669865642994,0.7722860330152252,0.1426750671072219,0.6773476440955832,1101,398.0904005765915,10,29,78,13,159,2.2303599042935156,43577
641,tile_x35840_y6656_gray_matter_cell_1,2017-129_Iba1_Tp_B8_100,tile_x35840_y6656_gray_matter,209.29736,235.59088,304.7531,330.77405,154,3,4,6,5,11,1.2,379,83.01219260692596,0.6911388465533412,697,264.7939372062683,4445.5,266.3995864391327,0.1567877629063097,1.006063768867992,0.1249184445294581,0.7871606687359903,373,271.37972366809845,8,61,63,10,154,2.2301880959362155,74483
642,tile_x78336_y28672_gray_matter_cell_1,2017-014_Iba1_Temporal_pole_Batch_6,tile_x78336_y28672_gray_matter,161.33916,112.312805,229.01405,203.46774,89,3,3,7,3,10,2.333333333333333,587,103.35533845424652,0.690529343479252,1036,263.62236428260803,2057.0,193.83067417144773,0.5036460865337871,0.7352588415588963,0.1873290445743503,0.6880169586452692,524,239.23758828639984,19,29,49,8,89,2.2285213598313303,41050
643,tile_x35328_y10752_gray_matter_cell_0,2017-014_Iba1_Temporal_pole_Batch_6,tile_x35328_y10752_gray_matter,364.3425,266.02094,510.07687,371.31866,231,4,7,9,7,16,1.2857142857142858,749,110.81118214130402,0.7665217911452227,1970,528.1736608743668,6332.0,322.3372869491577,0.3111181301326595,0.6102865607034312,0.0887406510106936,0.7658252436834937,1246,566.457931637764,12,25,72,8,231,2.225738328445099,35852
644,tile_x52224_y14336_gray_matter_cell_1,2016-020_Iba1_Temporal_pole_Batch_8,tile_x52224_y14336_gray_matter,37.818695,223.91011,167.78445,385.70782,301,4,6,10,6,16,1.6666666666666667,916,132.2670258283615,0.6579640445395006,2520,630.1980460882187,12322.5,432.2703714370728,0.2045039561777236,0.685927819231228,0.079736340559642,0.8287007890129452,1606,754.2224313020706,14,66,96,14,301,2.2250139009639973,23114
645,tile_x15360_y13312_gray_matter_cell_1,2018-001_Iba1_Temporal_pole_Batch_6,tile_x15360_y13312_gray_matter,150.751,41.66443,217.07397,80.731285,61,1,1,1,2,3,0.5,342,71.11269783973694,0.8498487893138615,1267,155.63960921764374,1321.0,146.25097477436066,0.959121877365632,0.9396770880466928,0.6572736404291213,0.77609545997301,925,155.63960921764374,8,31,41,5,61,2.224379295482207,95186
646,tile_x10240_y18432_gray_matter_cell_2,2017-129_Iba1_Tp_B8_100,tile_x10240_y18432_gray_matter,109.77557,144.36838,202.4739,249.51297,197,9,2,10,2,12,5.0,320,68.28427076339722,0.8624193473515535,1704,463.0020879507065,4185.5,261.4942137002945,0.4071198184207382,0.5647797720690505,0.0998880547030443,0.7691889624429039,1409,456.1736608743668,12,74,82,10,197,2.224218518894337,69204
647,tile_x23040_y22528_gray_matter_cell_0,2017-026_Iba1_Temporal_pole_Batch_8,tile_x23040_y22528_gray_matter,91.71008,269.66248,214.1687,450.16724,281,7,6,14,6,20,2.333333333333333,844,188.55129659175876,0.298327483159215,1813,674.9259679317474,11448.0,439.8926553726196,0.1583682739343116,0.6517643064181289,0.050014437876088,0.7434402377276961,1109,627.369619011879,13,41,113,11,281,2.2238632844095414,44153
648,tile_x68608_y21504_gray_matter_cell_4,2014-048_Iba1_Temporal_pole_Batch_8,tile_x68608_y21504_gray_matter,202.33524,61.620583,251.0947,126.19718,40,2,2,4,2,6,2.0,312,65.69848430156708,0.9083511230937146,680,152.61017167568207,830.0,132.38529086112976,0.8192771084337349,0.8674735727476082,0.3669034664488815,0.5951254028967383,370,194.6518018245697,12,15,37,4,40,2.222212893579907,10876
649,tile_x38400_y12288_gray_matter_cell_2,2014-048_Iba1_Temporal_pole_Batch_8,tile_x38400_y12288_gray_matter,335.46313,271.855,463.43256,357.52182,212,8,4,11,5,16,2.2,720,103.15432798862456,0.8502907452916235,2145,536.8010774850845,6078.5,309.332470536232,0.3528831126100189,0.5762515827752359,0.0935428080409132,0.7982800295751764,1428,604.3990565538406,15,59,85,12,212,2.220354428375314,4204
650,tile_x64512_y72192_gray_matter_cell_2,2014-048_Iba1_Temporal_pole_Batch_8,tile_x64512_y72192_gray_matter,394.02423,33.17654,441.38934,135.4089,86,1,4,5,4,9,1.25,409,80.66904675960541,0.7898039872887823,1010,278.73506212234497,2175.5,211.3160794973373,0.4642610894047345,0.7581252171446753,0.1633608684716238,0.6122148535251568,616,305.7056245803833,14,20,60,6,86,2.218289399982148,10058
651,tile_x86016_y35328_gray_matter_cell_0,2017-129_Iba1_Tp_B8_100,tile_x86016_y35328_gray_matter,277.1285,190.86142,347.59567,263.06595,32,2,4,3,2,5,1.5,712,145.29646337032318,0.4238183642240623,1088,243.37972366809845,1881.5,180.6494472026825,0.5782620249800691,0.7422534814323217,0.2308181586049379,0.7245040420969974,405,271.2792184352875,15,15,44,3,32,2.218236219742822,80786
652,tile_x79360_y20480_gray_matter_cell_1,2014-048_Iba1_Temporal_pole_Batch_8,tile_x79360_y20480_gray_matter,222.50928,236.7784,256.48914,276.60907,0,0,0,0,0,0,0.0,496,85.15432798862457,0.8595637433866349,669,101.84061968326569,660.5,96.09182822704317,1.0128690386071155,0.9435510950924902,0.8105763257044408,0.89889667383238,238,149.1959581375122,0,0,0,0,0,2.2170306941276006,13469
653,tile_x19456_y12800_gray_matter_cell_1,2018-001_Iba1_Temporal_pole_Batch_6,tile_x19456_y12800_gray_matter,319.38068,410.85687,440.39368,467.79102,125,3,1,4,1,5,4.0,481,87.5979790687561,0.7877107395578307,1497,347.3208485841751,3540.5,252.99558663368225,0.422821635362237,0.7284203861213572,0.1559444623870389,0.6951020547585105,1016,347.3208485841751,20,35,86,16,125,2.216741065227961,96620
654,tile_x67584_y47104_gray_matter_cell_0,2017-063_Iba1_Temporal_pole_Batch_8,tile_x67584_y47104_gray_matter,43.8925,190.58823,106.87154,291.48947,135,5,6,9,8,17,1.125,353,89.25483322143555,0.5568280233324495,927,323.3208485841751,2333.0,196.624347448349,0.3973424774967852,0.6081400203833708,0.1114351438994809,0.7583156416494208,629,331.22034335136414,9,18,41,11,135,2.2151046593148407,66991
655,tile_x20992_y44544_gray_matter_cell_2,2017-014_Iba1_Temporal_pole_Batch_6,tile_x20992_y44544_gray_matter,257.5263,304.4295,292.93134,328.86102,8,0,2,1,1,2,1.0,316,67.69848430156708,0.8664411215563795,400,76.18376553058624,382.5,72.72911512851715,1.0457516339869282,0.9546537194898548,0.8660540280204043,0.9087087211857204,132,70.76955199241638,9,9,15,2,8,2.2140180093979063,33468
656,tile_x38912_y64512_gray_matter_cell_0,2017-160_Iba1_Temporal_pole_Batch_6,tile_x38912_y64512_gray_matter,123.41823,84.92928,212.52202,211.80197,210,4,3,7,3,10,2.333333333333333,385,75.69848430156708,0.8442989049018911,1114,370.0487704277039,5178.5,291.1563417911529,0.2151202085546007,0.7868053215110897,0.1022297088322539,0.7676466101001528,734,399.1198381185532,14,67,80,9,210,2.212627314404312,87729
657,tile_x26624_y15360_gray_matter_cell_3,2016-020_Iba1_Temporal_pole_Batch_8,tile_x26624_y15360_gray_matter,2.4750443,129.95901,124.71451,315.85962,282,5,3,8,3,11,2.6666666666666665,814,124.1248904466629,0.6639211632842936,1670,650.4995617866516,10922.5,434.7131307125092,0.1528953994048981,0.668275824073629,0.049594363232655,0.7263173197973247,1238,534.5168067216873,21,77,110,14,282,2.212450382448661,18343
658,tile_x16896_y18432_gray_matter_cell_0,2017-160_Iba1_Temporal_pole_Batch_6,tile_x16896_y18432_gray_matter,11.435532,125.29339,108.06339,323.64856,268,4,2,6,2,8,3.0,470,93.84061968326569,0.670696419593156,1445,634.156415939331,7846.0,387.1419272422791,0.1841702778485852,0.610483340563279,0.0451528252567049,0.6578361755540845,1130,547.7300097942352,19,30,124,5,268,2.209889026202577,82857
659,tile_x12288_y22528_gray_matter_cell_1,2017-014_Iba1_Temporal_pole_Batch_6,tile_x12288_y22528_gray_matter,21.772875,100.497734,84.37045,178.14105,83,3,8,9,10,19,0.9,614,135.63960921764374,0.4193775472570534,1416,290.14927566051483,2419.5,188.15766549110413,0.5852448853068816,0.6484857322589198,0.2113635701174671,0.8587992536998938,813,386.57568180561066,13,34,45,8,83,2.206307952019375,32013
660,tile_x87552_y21504_gray_matter_cell_1,2014-048_Iba1_Temporal_pole_Batch_8,tile_x87552_y21504_gray_matter,203.39528,134.67267,310.4541,216.29398,143,3,2,5,2,7,2.5,278,60.28427076339722,0.9612727615161164,790,255.82337474823,3496.0,238.10015559196472,0.2259725400457665,0.9307208765668592,0.1516898451046885,0.7749290283173624,512,293.37972366809845,11,53,75,18,143,2.2038933667072804,14616
661,tile_x69120_y23040_gray_matter_cell_0,2016-020_Iba1_Temporal_pole_Batch_8,tile_x69120_y23040_gray_matter,29.137745,260.8958,136.0891,355.75793,122,2,3,5,3,8,1.6666666666666667,257,57.455843687057495,0.978305679594638,785,299.0782079696655,2767.0,234.03732633590695,0.2837007589447055,0.7825288506464656,0.1102833579634654,0.6348173196755926,546,299.0782079696655,9,29,55,6,122,2.2024626401769103,25907
662,tile_x64512_y37376_gray_matter_cell_1,2017-014_Iba1_Temporal_pole_Batch_6,tile_x64512_y37376_gray_matter,178.2475,18.189957,327.56506,189.78969,231,5,3,8,3,11,2.6666666666666665,633,102.6690467596054,0.7546307785318627,1560,477.2030984163284,9288.0,393.5882712602616,0.1679586563307493,0.824781466353518,0.086085092949689,0.7534384408482915,958,521.2447285652161,19,41,110,6,231,2.201919705920385,39474
663,tile_x8704_y23040_gray_matter_cell_0,2017-026_Iba1_Temporal_pole_Batch_8,tile_x8704_y23040_gray_matter,323.0479,76.69643,477.20935,155.95847,211,6,2,8,2,10,4.0,273,60.28427076339722,0.943983683071582,1102,397.50461411476135,4774.5,314.7392717599869,0.2308095088490941,0.7917877191461236,0.0876409567896152,0.6056697597168603,884,361.7056245803833,10,55,121,15,211,2.2011056131871976,51674
664,tile_x42496_y8192_gray_matter_cell_1,2017-063_Iba1_Temporal_pole_Batch_8,tile_x42496_y8192_gray_matter,341.1276,179.00885,394.25986,285.68094,197,5,2,8,1,9,8.0,118,42.485281229019165,0.8215138252164069,1047,342.29141104221344,2672.5,235.3301634788513,0.3917680074836295,0.6875140768572454,0.1122960660244198,0.6064184204843752,1006,339.1198381185532,5,35,94,15,197,2.2010444626500103,64723
665,tile_x37376_y35840_gray_matter_cell_2,2018-001_Iba1_Temporal_pole_Batch_6,tile_x37376_y35840_gray_matter,54.42357,318.2472,140.9277,408.3069,113,3,3,4,2,6,2.0,518,117.39696860313416,0.4723086050929413,880,323.3208485841751,3394.0,247.20030772686005,0.2592810842663524,0.7645665561294683,0.1057852498722149,0.6979489976899369,437,307.66399443149567,10,38,81,10,113,2.19959760416018,104399
666,tile_x46080_y18432_gray_matter_cell_0,2016-020_Iba1_Temporal_pole_Batch_8,tile_x46080_y18432_gray_matter,325.12506,258.8729,406.84723,332.6528,88,1,5,5,6,11,0.8333333333333334,311,64.87005722522736,0.9287133553543392,790,211.5807341337204,1763.0,168.30687177181244,0.4480998298355076,0.7954735220147284,0.2217607674611914,0.7820931465121226,491,262.7939372062683,10,12,45,10,88,2.199538210166978,21925
667,tile_x23552_y57344_gray_matter_cell_1,2017-129_Iba1_Tp_B8_100,tile_x23552_y57344_gray_matter,234.7402,278.57877,343.3336,362.14273,167,3,5,8,6,14,1.3333333333333333,755,120.46803629398346,0.6537521850171426,1902,435.3036036491394,4773.5,263.5565938949585,0.3984497747983659,0.6054546566708157,0.126135069749232,0.8635729263302532,1160,483.34523379802704,11,42,51,22,167,2.1985891525101953,71966
668,tile_x66048_y24576_gray_matter_cell_1,2014-048_Iba1_Temporal_pole_Batch_8,tile_x66048_y24576_gray_matter,285.5842,65.706566,341.24454,117.9891,27,0,3,2,4,6,0.5,718,105.49747383594512,0.8106813598808652,784,174.1248904466629,1144.0,130.86584281921387,0.6853146853146853,0.7515631021131931,0.3249407767799009,0.8394276597949074,176,147.29646337032318,17,20,29,4,27,2.1976109494325615,10278
669,tile_x37888_y20480_gray_matter_cell_3,2018-001_Iba1_Temporal_pole_Batch_6,tile_x37888_y20480_gray_matter,163.04956,80.84384,284.98425,234.11276,310,5,2,6,3,9,2.0,135,42.72792184352875,0.9292233006769558,1760,681.9970356225967,8282.0,368.24814784526825,0.2125090557836271,0.5399556429289954,0.0475507704357375,0.7674744880793353,1735,682.8254626989365,6,52,133,13,310,2.196202810530167,104491
670,tile_x31744_y28160_gray_matter_cell_0,2018-001_Iba1_Temporal_pole_Batch_6,tile_x31744_y28160_gray_matter,224.1257,353.1441,311.83725,466.8421,142,2,4,6,4,10,1.5,318,64.04163014888763,0.9743438039123378,1158,386.0904005765915,3464.5,250.41854393482208,0.3342473661423005,0.6486008032337618,0.0976203624409017,0.6942525085858834,842,432.71781718730927,10,16,61,6,142,2.194892756636072,102010
671,tile_x34304_y13312_gray_matter_cell_4,2017-014_Iba1_Temporal_pole_Batch_6,tile_x34304_y13312_gray_matter,353.39154,75.055786,460.35968,168.84558,165,3,5,8,5,13,1.6,384,83.25483322143555,0.6961810186326007,736,381.0193328857422,4409.5,258.581897854805,0.1669123483388139,0.6786582084860954,0.0637079534070153,0.8287107522636342,480,333.3208485841751,11,33,73,9,165,2.1928414737582496,35651
672,tile_x30720_y34816_gray_matter_cell_2,2018-001_Iba1_Temporal_pole_Batch_6,tile_x30720_y34816_gray_matter,148.33545,397.66632,259.82852,496.50323,134,2,3,5,3,8,1.6666666666666667,739,133.9827550649643,0.5173166954243501,1786,383.9482651948929,5028.5,292.1218937635422,0.3551754996519837,0.7608366028565346,0.1522460028634751,0.7404915442872966,1047,470.6173119544983,16,55,61,21,134,2.1927311551429667,101489
673,tile_x9728_y40960_gray_matter_cell_0,2017-160_Iba1_Temporal_pole_Batch_6,tile_x9728_y40960_gray_matter,130.34473,349.48145,266.30145,467.13184,199,6,5,10,3,13,3.333333333333333,727,104.22539567947388,0.8410022733932272,1825,438.2741661071777,5502.5,296.9580082893372,0.331667423898228,0.677562200224956,0.119393583840135,0.7841151261908464,1098,540.4995617866516,17,48,90,10,199,2.1925307765087028,93502
674,tile_x6144_y37376_gray_matter_cell_0,2017-014_Iba1_Temporal_pole_Batch_6,tile_x6144_y37376_gray_matter,136.7706,22.998596,243.34042,185.85013,337,8,2,12,2,14,6.0,580,95.25483322143556,0.8032741951319333,2061,665.4701242446899,9527.0,390.5559289455414,0.216332528602918,0.5868872466496121,0.0584831464334386,0.7848733064857517,1487,734.3401814699173,19,35,89,15,337,2.1921914316812017,39430
675,tile_x37888_y43008_gray_matter_cell_1,2014-048_Iba1_Temporal_pole_Batch_8,tile_x37888_y43008_gray_matter,175.21762,142.68988,324.89426,296.70123,207,3,3,6,4,10,1.5,512,84.18376553058624,0.9078688796708267,1698,418.57568180561066,6315.0,348.431760430336,0.2688836104513064,0.8324223684646592,0.1217866160259633,0.6536537372137221,1186,418.57568180561066,13,39,90,10,207,2.191655230523646,4141
676,tile_x38912_y54272_gray_matter_cell_0,2017-026_Iba1_Temporal_pole_Batch_8,tile_x38912_y54272_gray_matter,88.227905,155.23389,183.92868,315.9272,173,4,5,9,4,13,2.25,465,87.15432798862457,0.7692808114838244,1489,408.8183224201202,3391.0,297.6734536886215,0.4391035092892952,0.7281313908008232,0.1119550938185264,0.4809029500445277,1045,467.0020879507065,9,60,72,8,173,2.1896377891443124,45778
677,tile_x9728_y29696_gray_matter_cell_0,2018-001_Iba1_Temporal_pole_Batch_6,tile_x9728_y29696_gray_matter,351.40894,225.03091,443.5404,306.2233,141,3,4,7,4,11,1.75,428,89.01219260692596,0.6788200088128121,1187,391.7472547292709,3477.0,254.65305185317996,0.3413862525165372,0.6500442537348878,0.09719605979533,0.6737779343999325,842,349.9482651948929,11,25,70,8,141,2.189138211269633,106644
678,tile_x74240_y45568_gray_matter_cell_0,2017-129_Iba1_Tp_B8_100,tile_x74240_y45568_gray_matter,213.03723,152.94144,334.25336,309.89227,221,6,1,8,1,9,8.0,1476,200.36753106117249,0.4619995237558054,1101,580.156415939331,6993.5,366.4798883199692,0.1574319010509759,0.6316915201680597,0.0411061671682469,0.6543410256424571,834,453.5878744125366,29,84,139,10,221,2.1886025390361024,79635
679,tile_x26112_y10240_gray_matter_cell_0,2017-014_Iba1_Temporal_pole_Batch_6,tile_x26112_y10240_gray_matter,403.1209,224.28477,461.68182,290.77856,44,2,2,3,1,4,3.0,686,98.911687374115,0.8811275050306784,992,190.6518018245697,1489.5,163.3805714845657,0.6659953004363881,0.8569579197310819,0.3429570287853459,0.7012123394552878,309,254.3502861261368,18,47,50,3,44,2.1870188687134102,34157
680,tile_x39936_y45568_gray_matter_cell_1,2017-129_Iba1_Tp_B8_100,tile_x39936_y45568_gray_matter,320.97437,121.68112,482.39014,211.27756,187,0,5,5,5,10,1.0,623,95.49747383594512,0.8584482976105874,1363,303.1787132024765,5256.5,327.3195240497589,0.2592980119851612,1.079625678835704,0.1863409516874332,0.6165420622776688,740,391.26197350025177,12,19,100,8,187,2.18575589703137,75185
681,tile_x27136_y48128_gray_matter_cell_2,2017-063_Iba1_Temporal_pole_Batch_6,tile_x27136_y48128_gray_matter,240.13177,337.85876,378.94257,439.92883,264,8,2,10,2,12,5.0,705,124.71067690849304,0.5696284972932812,1495,697.9970356225967,7490.0,326.9835708141327,0.1995994659546061,0.4684598273722912,0.0385606104267994,0.880318476848384,1034,556.1147857904434,17,80,99,16,264,2.184655902183196,54470
682,tile_x84480_y6656_gray_matter_cell_0,2014-048_Iba1_Temporal_pole_Batch_8,tile_x84480_y6656_gray_matter,251.5575,195.61734,388.60248,266.32208,206,7,5,11,4,15,2.75,547,103.74011445045473,0.6387100426618444,1623,470.03152549266815,4173.5,278.6569064855576,0.3888822331376542,0.592847269538954,0.0923154537917819,0.675414933820379,1149,501.8305150270462,12,56,60,10,206,2.1836457591693104,14276
683,tile_x74752_y17920_gray_matter_cell_0,2016-020_Iba1_Temporal_pole_Batch_8,tile_x74752_y17920_gray_matter,254.8346,254.92822,403.21466,323.8546,154,2,3,5,3,8,1.6666666666666667,422,75.35533845424652,0.933886861259974,1167,349.8061298131943,4045.0,294.57018876075745,0.2885043263288009,0.8420955599550691,0.1198466472388968,0.585801937683233,745,415.1614682674408,12,55,97,6,154,2.183461566171146,26709
684,tile_x1536_y3072_gray_matter_cell_3,2017-014_Iba1_Temporal_pole_Batch_6,tile_x1536_y3072_gray_matter,51.42273,26.35788,227.9802,225.55634,538,11,4,13,3,16,4.333333333333333,372,70.76955199241638,0.933383052895244,2290,914.8082177639008,18980.0,524.0017644166946,0.1206533192834562,0.5727995816407633,0.0343862829027972,0.8686414983293682,1918,975.5777697563173,11,42,142,14,538,2.1833141177381195,32688
685,tile_x46592_y24064_gray_matter_cell_1,2017-063_Iba1_Temporal_pole_Batch_6,tile_x46592_y24064_gray_matter,158.6903,439.73987,231.63257,500.5133,101,4,5,10,4,14,2.5,419,79.11269783973694,0.8412624364921194,1164,270.7939372062683,1955.0,170.1281316280365,0.5953964194373401,0.6282567969697455,0.1994733911178057,0.848798025569762,757,315.0782079696655,10,18,45,10,101,2.1832681908645863,57117
686,tile_x65536_y52736_gray_matter_cell_0,2017-063_Iba1_Temporal_pole_Batch_8,tile_x65536_y52736_gray_matter,83.38187,188.6864,233.95123,285.51825,274,8,4,14,4,18,3.5,468,83.01219260692596,0.8534379424458145,1817,543.1442233324051,6683.5,345.9326503276825,0.2718635445500112,0.6369075384899586,0.0773988417246278,0.7018280279652329,1420,527.0020879507065,10,67,114,10,274,2.1823756349270713,66784
687,tile_x50688_y8704_gray_matter_cell_2,2017-026_Iba1_Temporal_pole_Batch_8,tile_x50688_y8704_gray_matter,30.425278,107.421684,103.10234,195.84424,125,3,5,8,5,13,1.6,675,107.01219260692596,0.7407081304637573,1662,345.1198381185532,3210.0,219.95776534080505,0.5177570093457944,0.6373373566118986,0.1753480882773921,0.8337508674736007,987,345.1198381185532,12,30,51,9,125,2.182103809678122,47319
688,tile_x38400_y11264_gray_matter_cell_1,2014-048_Iba1_Temporal_pole_Batch_8,tile_x38400_y11264_gray_matter,176.58868,190.2177,284.46912,348.86407,141,2,5,6,4,10,1.5,728,138.61017167568207,0.4761579507977603,2180,486.0731556415558,4667.0,333.0828377008438,0.46710949217913,0.6852524848059468,0.1159479524413732,0.5286194675935915,1475,544.7422024011612,11,24,91,6,141,2.1803666689462506,4200
689,tile_x72704_y44032_gray_matter_cell_0,2017-160_Iba1_Temporal_pole_Batch_6,tile_x72704_y44032_gray_matter,214.75424,381.7765,256.6523,450.62988,15,0,2,2,2,4,1.0,607,99.49747383594512,0.7705031989170593,1151,160.22539567947388,1223.5,144.42297995090485,0.9407437678790356,0.9013738386380316,0.5634073160267444,0.7371251585192616,573,198.1665205955505,20,22,28,3,15,2.177210336944564,92742
690,tile_x59904_y47616_gray_matter_cell_1,2017-063_Iba1_Temporal_pole_Batch_8,tile_x59904_y47616_gray_matter,81.80215,117.40881,219.42728,326.58047,389,12,3,11,3,14,3.6666666666666665,545,96.42640614509584,0.7365706419606277,2657,743.269113779068,14211.5,465.8382331132889,0.1869612637652605,0.6267423527728563,0.0604378833217294,0.8229615100341908,2120,812.9675980806351,15,37,107,11,389,2.176821736671712,66183
691,tile_x88064_y19968_gray_matter_cell_1,2014-048_Iba1_Temporal_pole_Batch_8,tile_x88064_y19968_gray_matter,34.54857,29.748867,120.386734,145.06964,82,2,3,4,3,7,1.3333333333333333,699,121.9827550649643,0.5903236244601698,1203,308.3919162750244,2478.0,252.4416787624359,0.4854721549636804,0.8185742408932276,0.1589532895863065,0.4886400353940165,600,318.04877042770386,19,19,79,3,82,2.1765359332475716,14650
692,tile_x19456_y11776_gray_matter_cell_1,2018-001_Iba1_Temporal_pole_Batch_6,tile_x19456_y11776_gray_matter,116.19424,20.30693,187.00125,104.96721,172,6,3,9,2,11,4.5,797,121.29646337032318,0.6807253261536971,1540,423.0609630346298,4556.0,260.557559132576,0.3380158033362598,0.6158865551281032,0.1081246407536389,0.8433080093974036,755,471.34523379802704,9,41,67,9,172,2.176338958189091,96614
693,tile_x44544_y36864_gray_matter_cell_0,2017-026_Iba1_Temporal_pole_Batch_8,tile_x44544_y36864_gray_matter,337.16934,316.07172,446.9752,428.40875,55,1,2,3,2,5,1.5,388,71.35533845424652,0.9576099473694348,754,186.1665205955505,1253.5,177.82046914100647,0.6015157558835261,0.9551688916576144,0.2733871174874298,0.4981621176943279,369,249.27921843528748,13,19,64,3,55,2.1753115402555467,46375
694,tile_x29696_y34304_gray_matter_cell_10,2018-001_Iba1_Temporal_pole_Batch_6,tile_x29696_y34304_gray_matter,77.47085,450.86444,110.50324,486.46027,8,0,3,1,1,2,1.0,317,67.5979790687561,0.8717695622320122,389,102.32590091228484,491.5,87.45670735836029,0.7914547304170906,0.8546878803767324,0.4668617690261828,0.8075085714080437,118,96.911687374115,10,13,15,2,8,2.1753016363296904,100946
695,tile_x19456_y7168_gray_matter_cell_0,2017-063_Iba1_Temporal_pole_Batch_8,tile_x19456_y7168_gray_matter,204.76715,126.618935,263.47528,196.21078,47,0,3,3,3,6,1.0,341,66.5269113779068,0.9682099041366744,698,176.1248904466629,1132.5,153.1099113225937,0.6163355408388521,0.8693258001994953,0.282763803434434,0.6070737646721099,357,243.48022890090945,11,11,49,3,47,2.1752902394804585,63207
696,tile_x67072_y50688_gray_matter_cell_1,2016-020_Iba1_Temporal_pole_Batch_8,tile_x67072_y50688_gray_matter,144.9299,346.30768,191.95175,384.15784,13,0,2,2,2,4,1.0,551,88.76955199241638,0.8786853927342936,854,120.56854152679443,881.0,108.94142973423004,0.9693530079455164,0.9035642992332252,0.7382436495816219,0.9328238281658676,333,175.09545290470123,14,15,21,2,13,2.1733324130879597,25649
697,tile_x34304_y21504_gray_matter_cell_0,2018-001_Iba1_Temporal_pole_Batch_6,tile_x34304_y21504_gray_matter,393.93347,203.06229,458.72638,285.34076,82,0,2,2,2,4,1.0,262,61.69848430156708,0.8648925674363309,851,268.4924215078354,2116.0,189.78592216968536,0.4021739130434782,0.7068576502229016,0.148345836063859,0.7382399416297659,636,252.5929267406464,11,28,68,3,82,2.172951626591262,103085
698,tile_x46592_y41472_gray_matter_cell_1,2017-026_Iba1_Temporal_pole_Batch_8,tile_x46592_y41472_gray_matter,297.9828,232.20758,381.01282,293.04968,109,0,5,5,5,10,1.0,254,56.87005722522736,0.9869070471454644,864,279.66399443149567,2571.0,197.86676156520844,0.3360560093348891,0.7075160389074553,0.1388195057296883,0.8252133571528301,614,303.3208485841751,9,20,44,6,109,2.172525797719285,46761
699,tile_x71680_y18944_gray_matter_cell_0,2017-026_Iba1_Temporal_pole_Batch_8,tile_x71680_y18944_gray_matter,436.67682,91.878174,510.84387,162.23462,127,4,1,4,0,4,0.0,131,43.31370830535889,0.8774662571992972,1453,266.9360725879669,2609.5,206.6589856147766,0.5568116497413298,0.7741890543724606,0.2562482720154011,0.767818511779611,1453,266.9360725879669,17,45,70,9,127,2.167846435339886,49836
700,tile_x49664_y11264_gray_matter_cell_1,2017-026_Iba1_Temporal_pole_Batch_8,tile_x49664_y11264_gray_matter,269.4859,68.84766,373.4834,184.8566,130,1,6,7,6,13,1.1666666666666667,719,129.7401144504547,0.5367724296621944,1083,457.1025931835175,4058.5,279.35528349876404,0.2668473573980535,0.6111435105917427,0.0651344800240345,0.6535241410927078,616,352.29141104221344,14,21,85,6,130,2.167820898696351,47134
701,tile_x53248_y26112_gray_matter_cell_1,2017-026_Iba1_Temporal_pole_Batch_8,tile_x53248_y26112_gray_matter,304.52002,98.78056,374.08832,170.27681,72,1,4,4,5,9,0.8,341,69.35533845424652,0.8908497288654118,902,208.1665205955505,1730.5,180.43903183937076,0.5212366368101705,0.8668014017006515,0.2615740369762213,0.667913914740987,563,269.2792184352875,10,30,44,5,72,2.167125761209338,47651
702,tile_x5120_y34816_gray_matter_cell_3,2017-160_Iba1_Temporal_pole_Batch_6,tile_x5120_y34816_gray_matter,388.15012,36.627113,424.68533,74.43502,10,0,1,1,1,2,1.0,439,77.84061968326569,0.9104619803094924,622,103.94112491607666,631.0,97.67200756072998,0.9857369255150554,0.939685881210075,0.7234781564802258,0.8311874831828957,245,125.49747383594512,14,21,23,2,10,2.16580543321197,89400
703,tile_x5632_y26624_gray_matter_cell_3,2018-001_Iba1_Temporal_pole_Batch_6,tile_x5632_y26624_gray_matter,151.29608,33.46551,269.56393,98.11191,114,1,2,3,2,5,1.5,327,71.35533845424652,0.8070578680149618,565,271.52185904979706,2345.5,253.5698087215424,0.2408868045192922,0.9338835908420828,0.0963049732260257,0.4584059174929008,405,221.82337474823,10,80,105,4,114,2.165037568291995,105835
704,tile_x34816_y3072_gray_matter_cell_2,2014-048_Iba1_Temporal_pole_Batch_8,tile_x34816_y3072_gray_matter,281.62897,199.62762,402.60052,451.16547,364,11,3,12,3,15,4.0,884,169.78174459934235,0.3853719896837572,2305,810.8670928478241,15800.5,552.1203886270523,0.1458814594474858,0.6809012148809312,0.0440536038247582,0.6513480604249523,1587,742.4406867027283,28,119,148,19,364,2.1649426015440576,3400
705,tile_x20480_y15360_gray_matter_cell_0,2018-001_Iba1_Temporal_pole_Batch_6,tile_x20480_y15360_gray_matter,65.01642,38.108185,220.21683,136.48077,199,2,5,6,6,12,1.0,537,164.2670258283615,0.2500825342683582,1532,564.1736608743668,9064.0,388.4525394439697,0.1690203000882612,0.6885336313679352,0.0604843497249854,0.7548381316939793,1078,525.9310202598572,3,35,85,6,199,2.1649236558220384,96860
706,tile_x32256_y64000_gray_matter_cell_0,2017-160_Iba1_Temporal_pole_Batch_6,tile_x32256_y64000_gray_matter,400.26276,6.2902145,443.16498,96.53505,76,1,6,7,4,11,1.75,587,98.42640614509584,0.7614207525825404,1176,235.722869515419,1591.5,178.62647891044617,0.7389255419415646,0.757781708994349,0.2659584218701656,0.6267940021361518,591,321.0782079696655,10,24,43,6,76,2.163370965990691,86660
707,tile_x34816_y51712_gray_matter_cell_0,2017-129_Iba1_Tp_B8_100,tile_x34816_y51712_gray_matter,48.9404,200.87384,188.05978,334.66467,163,4,3,7,3,10,2.333333333333333,511,87.01219260692596,0.8481458455412896,1350,332.04877042770386,4829.5,302.94443345069885,0.2795320426545191,0.9123492102093425,0.153865013662106,0.66128105495858,839,332.04877042770386,12,27,64,8,163,2.161466712335593,74261
708,tile_x43520_y15360_gray_matter_cell_2,2016-020_Iba1_Temporal_pole_Batch_8,tile_x43520_y15360_gray_matter,246.67046,193.78253,425.34137,299.35263,274,4,4,7,5,12,1.4,1069,176.40916121006012,0.4316634716837811,2131,702.0975408554077,9740.5,423.3128184080124,0.2187772701606693,0.6029259380288741,0.0543248342538892,0.6830748186120199,1229,626.156415939331,18,20,89,17,274,2.161267804663664,21433
709,tile_x43008_y36352_gray_matter_cell_0,2014-048_Iba1_Temporal_pole_Batch_8,tile_x43008_y36352_gray_matter,346.40204,168.34784,420.81067,325.2696,138,4,3,6,4,10,1.5,560,127.63960921764374,0.4319435161598758,2274,399.26197350025177,4903.5,308.2604418992996,0.4637503823799327,0.7720756354451703,0.1792604268325755,0.6484559064410066,1714,520.9015827178955,9,66,88,8,138,2.1600514958084207,5219
710,tile_x6656_y19456_gray_matter_cell_0,2017-129_Iba1_Tp_B8_100,tile_x6656_y19456_gray_matter,351.9745,345.58893,430.765,433.53192,119,3,6,8,7,15,1.1428571428571428,745,122.46803629398346,0.6241954926960891,1767,322.9777027368545,3146.0,221.06131398677823,0.5616656071201526,0.6844476015326901,0.2128635649085353,0.8089898784421148,1037,437.78888487815857,7,27,48,7,119,2.1585463552446575,78609
711,tile_x15360_y20992_gray_matter_cell_2,2016-020_Iba1_Temporal_pole_Batch_8,tile_x15360_y20992_gray_matter,94.48988,137.82098,219.73561,328.23825,226,7,7,13,8,21,1.625,2606,317.9482651948929,0.3239450558425081,1762,691.269113779068,8659.5,370.0885517597199,0.2034759512673941,0.5353755062720789,0.0463363117822091,0.7944953847437086,725,443.7472547292709,23,39,78,13,226,2.1576681995603044,16017
712,tile_x68608_y29696_gray_matter_cell_0,2016-020_Iba1_Temporal_pole_Batch_8,tile_x68608_y29696_gray_matter,200.34372,16.068241,349.4012,131.49081,237,6,4,9,3,12,3.0,471,78.76955199241638,0.9539245379622818,1441,471.445739030838,6347.5,313.02224922180176,0.2270185112248917,0.6639624103195606,0.081472382209802,0.8140707640538976,972,527.7300097942352,12,52,77,9,237,2.157249709117224,25856
713,tile_x37376_y3584_gray_matter_cell_0,2014-048_Iba1_Temporal_pole_Batch_8,tile_x37376_y3584_gray_matter,34.11496,113.38451,103.14189,233.90865,65,3,7,7,4,11,1.75,1564,232.0660153627396,0.3649417262483025,2439,407.1614682674408,4375.5,272.32101225852966,0.5574220089132671,0.6688280534435487,0.1848793138760606,0.7414386932842919,918,507.5878744125366,21,35,64,5,65,2.1554628148764015,4003
714,tile_x46080_y49152_gray_matter_cell_2,2014-048_Iba1_Temporal_pole_Batch_8,tile_x46080_y49152_gray_matter,41.818764,180.12494,89.21787,272.00027,90,3,2,5,2,7,2.5,372,71.94112491607666,0.9032300024254706,797,233.37972366809845,1802.0,185.00293898582456,0.4422863485016648,0.7927121348764942,0.1838831534099155,0.6616181265575214,447,207.23758828639984,10,43,67,5,90,2.1552512400214265,5952
715,tile_x35328_y13312_gray_matter_cell_1,2014-048_Iba1_Temporal_pole_Batch_8,tile_x35328_y13312_gray_matter,147.87619,252.67293,199.96478,334.45282,39,0,2,1,1,2,1.0,418,86.5269113779068,0.701590569102588,892,198.85281229019165,1562.5,177.6574456691742,0.57088,0.8934117834346419,0.2834727021673008,0.6221040989288625,516,223.23758828639984,18,28,53,2,39,2.154528662744468,3504
716,tile_x61440_y26624_gray_matter_cell_1,2017-160_Iba1_Temporal_pole_Batch_6,tile_x61440_y26624_gray_matter,83.12563,320.8194,205.22513,489.43964,322,8,3,11,3,14,3.6666666666666665,575,94.56854152679443,0.8079497041478946,2318,759.6955199241638,11264.5,403.5408504009247,0.2057792178969328,0.5311876137445275,0.0504712621112118,0.8692541517283214,1747,816.2224313020706,16,49,95,9,322,2.153426284495197,90904
717,tile_x6144_y3584_gray_matter_cell_0,2017-160_Iba1_Temporal_pole_Batch_6,tile_x6144_y3584_gray_matter,92.46752,92.284546,214.74896,305.8778,126,0,7,4,8,12,0.5,1206,184.46803629398343,0.4453638089387893,1059,346.5929267406464,3384.0,329.6563004255295,0.3129432624113475,0.9511339528062832,0.1107812939086399,0.3913068563283119,511,333.722869515419,9,10,87,8,126,2.1529471142985592,90998
718,tile_x62464_y35328_gray_matter_cell_0,2017-026_Iba1_Temporal_pole_Batch_8,tile_x62464_y35328_gray_matter,168.09866,33.971558,256.18158,219.92053,261,6,7,11,9,20,1.2222222222222223,928,162.40916121006012,0.442116571477853,1247,663.4701242446899,6884.5,376.8359942436218,0.1811315273440337,0.5679773368433444,0.0355986537503589,0.6092247116553667,786,468.8183224201202,6,52,109,10,261,2.1517851246013677,48900
719,tile_x45056_y50688_gray_matter_cell_1,2014-048_Iba1_Temporal_pole_Batch_8,tile_x45056_y50688_gray_matter,166.12848,263.55585,332.3365,393.12152,287,11,2,11,2,13,5.5,438,78.42640614509583,0.8948687584171717,2867,649.7543950080872,8903.5,367.8765513896942,0.3220081990228561,0.5661778576890049,0.0853373407422779,0.8267351711405052,2429,649.7543950080872,11,73,119,9,287,2.1515167966134903,5702
720,tile_x73216_y41472_gray_matter_cell_0,2016-020_Iba1_Temporal_pole_Batch_8,tile_x73216_y41472_gray_matter,128.6735,124.599884,248.21194,352.7273,269,7,4,10,3,13,3.333333333333333,414,86.76955199241638,0.6909959388317164,1972,657.0264731645584,7365.5,452.89636051654816,0.2677347091168284,0.6893121951923481,0.0574051739490444,0.4512471130954222,1560,730.1391710042953,9,26,123,8,269,2.1513139496178275,26536
721,tile_x38400_y44032_gray_matter_cell_0,2018-001_Iba1_Temporal_pole_Batch_6,tile_x38400_y44032_gray_matter,321.3683,24.931229,437.27295,152.10254,197,3,4,7,4,11,1.75,664,106.22539567947388,0.7394711389519709,2644,561.1269783973694,6931.0,340.60182428359985,0.3814745346991776,0.6069959873545738,0.1055234582407649,0.7507784933059866,1987,632.7249574661255,15,31,63,12,197,2.1508535498717003,104728
722,tile_x36864_y51200_gray_matter_cell_1,2017-063_Iba1_Temporal_pole_Batch_8,tile_x36864_y51200_gray_matter,146.453,182.46515,235.41144,317.51294,277,8,4,11,4,15,2.75,459,78.42640614509583,0.9377734249166252,1857,511.1025931835175,6449.5,322.36159813404083,0.2879292968447166,0.6307179858473014,0.0893317000203184,0.779918659267588,1398,590.357426404953,11,20,68,11,277,2.1498026400718198,64412
723,tile_x79360_y29696_gray_matter_cell_0,2017-063_Iba1_Temporal_pole_Batch_8,tile_x79360_y29696_gray_matter,239.28514,267.84064,295.4602,313.1319,68,2,4,7,5,12,1.4,398,74.18376553058624,0.9088143751272044,799,176.2670258283615,1006.5,120.3996729850769,0.793840039741679,0.6830527287747797,0.323157686235447,0.8725152543598941,403,235.37972366809845,10,15,27,11,68,2.149221513714507,68509
724,tile_x33792_y15360_gray_matter_cell_0,2017-014_Iba1_Temporal_pole_Batch_6,tile_x33792_y15360_gray_matter,49.684246,276.04892,173.17662,399.11502,251,5,6,11,6,17,1.8333333333333333,829,135.63960921764374,0.5662279913291486,1993,524.3157962560654,6467.5,317.23938751220703,0.3081561654425976,0.6050540338046074,0.0911027063564051,0.8075549731128898,1165,613.5706294775009,11,47,62,17,251,2.149094891305208,35550
725,tile_x66560_y25600_gray_matter_cell_1,2017-160_Iba1_Temporal_pole_Batch_6,tile_x66560_y25600_gray_matter,87.09558,353.58755,157.58145,451.25967,128,1,3,4,3,7,1.3333333333333333,269,64.28427076339722,0.8179988643058163,1059,367.6051193475723,3453.0,235.2923662662506,0.3066898349261511,0.640068252269851,0.0984787942272786,0.7837738468146903,832,356.7766922712326,9,64,67,10,128,2.148295156944674,91639
726,tile_x25600_y28160_gray_matter_cell_4,2018-001_Iba1_Temporal_pole_Batch_6,tile_x25600_y28160_gray_matter,164.02246,414.7955,232.03598,492.78574,97,3,4,7,4,11,1.75,818,137.15432798862457,0.546442078415724,793,377.1198381185532,2634.0,202.9155930280685,0.3010630220197418,0.5380666104451367,0.0700687377243274,0.8038866035647418,362,247.9655101299286,17,21,50,7,97,2.148169464163979,98783
727,tile_x50688_y17408_gray_matter_cell_1,2014-048_Iba1_Temporal_pole_Batch_8,tile_x50688_y17408_gray_matter,379.59155,266.2866,412.075,309.54245,4,0,1,1,1,2,1.0,325,67.11269783973694,0.906742204581604,602,99.69848430156708,583.5,96.45936131477356,1.0317052270779776,0.967510810124296,0.7610781319830305,0.7880648559127472,286,142.81118214130402,13,13,16,1,4,2.147791122829805,6951
728,tile_x11264_y57856_gray_matter_cell_0,2017-129_Iba1_Tp_B8_100,tile_x11264_y57856_gray_matter,20.425995,371.21387,177.03343,502.97076,278,5,5,10,5,15,2.0,548,88.28427076339722,0.883534992377572,2355,692.5828220844269,8709.0,360.2805427312851,0.2704099207716156,0.5201984964729118,0.061696047767396,0.8431338739565802,1811,772.281306385994,14,58,93,12,278,2.1477688618840003,69504
729,tile_x60416_y30720_gray_matter_cell_2,2017-160_Iba1_Temporal_pole_Batch_6,tile_x60416_y30720_gray_matter,42.685062,248.37,159.55966,344.27423,197,8,4,9,5,14,1.8,676,112.18376553058624,0.6749887480895255,1612,492.7594473361969,4262.5,286.9454154968262,0.3781818181818182,0.5823235192100757,0.0834266841450122,0.6505425011952116,1002,513.0020879507065,16,29,86,7,197,2.1470509142404786,90752
730,tile_x31232_y43008_gray_matter_cell_1,2016-032_Iba1_Temporal_pole_Batch_8,tile_x31232_y43008_gray_matter,224.20033,356.42575,354.9148,461.48233,176,4,4,6,4,10,1.5,309,64.28427076339722,0.9396343831616998,1390,442.1320307254791,4720.5,314.654656291008,0.2944603325918865,0.7116757765201993,0.0893553800531734,0.5991416902251845,1105,461.78888487815857,9,28,114,13,176,2.1448539273932132,29108
731,tile_x11264_y53760_gray_matter_cell_0,2017-160_Iba1_Temporal_pole_Batch_6,tile_x11264_y53760_gray_matter,392.62482,106.47179,471.4168,250.23354,158,6,4,8,4,12,2.0,1042,145.9827550649643,0.614432913646832,1434,393.7472547292709,4244.0,278.7991638183594,0.3378887841658812,0.7080663051480918,0.1162315254655983,0.6861235176183038,718,406.6761870384216,21,35,64,9,158,2.144595217365973,81754
732,tile_x45568_y35840_gray_matter_cell_3,2017-160_Iba1_Temporal_pole_Batch_6,tile_x45568_y35840_gray_matter,224.05736,248.7461,294.23022,297.3302,89,2,4,5,3,8,1.6666666666666667,424,89.35533845424652,0.6673208776706531,733,264.5512965917587,1762.5,166.36258101463318,0.415886524822695,0.6288481030253839,0.1316115639404097,0.8002536995720678,402,230.55129659175876,15,25,39,14,89,2.1438279280707637,88669
733,tile_x45568_y52736_gray_matter_cell_2,2017-063_Iba1_Temporal_pole_Batch_6,tile_x45568_y52736_gray_matter,57.05144,390.16995,82.066086,413.15848,0,0,0,0,0,0,0.0,391,74.72792184352875,0.8798746626799001,307,63.455843687057495,286.5,61.33061110973358,1.0715532286212914,0.9665084812707742,0.958087102977312,0.9571497849981676,41,36.97056245803833,0,0,0,0,0,2.14147161897815,57003
734,tile_x44544_y36864_gray_matter_cell_3,2014-048_Iba1_Temporal_pole_Batch_8,tile_x44544_y36864_gray_matter,323.98712,171.13812,396.09442,219.80237,16,1,1,2,1,3,2.0,657,118.6690467596054,0.5862735834264889,986,175.78174459934235,1358.0,149.67748141288757,0.7260677466863034,0.8514961650542611,0.4009952591125799,0.7617223531741,375,224.1665205955505,22,29,35,2,16,2.141157418112121,5569
735,tile_x13312_y9728_gray_matter_cell_0,2017-063_Iba1_Temporal_pole_Batch_6,tile_x13312_y9728_gray_matter,50.73106,352.38028,93.22322,391.53714,12,0,2,2,2,4,1.0,380,69.94112491607666,0.976176243656812,702,114.6690467596054,753.0,104.2151656150818,0.9322709163346612,0.908834324170852,0.6708950254155165,0.8712504073591508,322,177.4385987520218,11,13,21,2,12,2.1405812650997555,52423
736,tile_x68096_y21504_gray_matter_cell_1,2014-048_Iba1_Temporal_pole_Batch_8,tile_x68096_y21504_gray_matter,231.06961,209.70511,335.4567,370.12692,179,3,8,11,8,19,1.375,1076,203.92387998104093,0.3251516513211818,1427,561.7300097942352,7336.0,332.5224030017853,0.1945201744820065,0.5919612575507405,0.0568301215274929,0.8337337187787124,718,386.634556889534,17,49,71,19,179,2.139780315277957,10762
737,tile_x25600_y74240_gray_matter_cell_5,2014-048_Iba1_Temporal_pole_Batch_8,tile_x25600_y74240_gray_matter,393.99765,190.09445,498.47794,244.94131,153,5,4,7,5,12,1.4,787,113.01219260692596,0.7743441013886448,1911,371.36247873306274,3483.5,239.7309331893921,0.5485861920482273,0.6455443048723075,0.1741303637586469,0.7616887251047203,1195,405.26197350025177,11,57,76,16,153,2.1394106784466826,1875
738,tile_x85504_y20992_gray_matter_cell_2,2016-020_Iba1_Temporal_pole_Batch_8,tile_x85504_y20992_gray_matter,310.59674,459.2021,350.79205,501.52704,1,0,1,0,0,0,0.0,542,96.42640614509584,0.7325161246654315,722,116.32590091228484,769.5,105.17810130119324,0.9382716049382716,0.9041675196696084,0.6704929444649632,0.8741135149550653,194,158.95331752300262,17,17,17,1,1,2.139384641503103,28285
739,tile_x41472_y26112_gray_matter_cell_0,2017-160_Iba1_Temporal_pole_Batch_6,tile_x41472_y26112_gray_matter,106.29556,21.718979,233.80322,234.0579,325,5,5,10,5,15,2.0,529,100.22539567947388,0.6617744215648145,2235,771.6538897752762,10216.0,412.56154215335846,0.2187744714173845,0.5346458400844789,0.0471674385180741,0.754246432506574,1728,814.281306385994,11,41,113,8,325,2.1390971371924574,88143
740,tile_x35840_y17920_gray_matter_cell_0,2016-020_Iba1_Temporal_pole_Batch_8,tile_x35840_y17920_gray_matter,73.733154,107.02353,176.04648,253.88907,160,2,3,6,2,8,3.0,1051,125.63960921764374,0.8366800741125512,1600,364.0487704277039,5715.0,297.05338072776794,0.2799650043744532,0.8159713886103058,0.1517087777856413,0.8138738598740523,650,351.4213538169861,19,64,81,8,160,2.138282935964499,19933
741,tile_x8704_y53760_gray_matter_cell_0,2017-063_Iba1_Temporal_pole_Batch_8,tile_x8704_y53760_gray_matter,163.76883,269.16418,313.94186,448.29773,372,8,3,11,3,14,3.6666666666666665,371,71.94112491607666,0.900801964784542,1530,598.1147857904434,12778.5,446.7251522541046,0.1197323629533982,0.7468886622886799,0.0537442761073869,0.8046535474383573,1159,651.8132700920105,12,24,122,9,372,2.137947990281969,69037
742,tile_x76288_y53248_gray_matter_cell_0,2014-048_Iba1_Temporal_pole_Batch_8,tile_x76288_y53248_gray_matter,289.36768,180.5941,396.22144,332.3307,151,2,7,8,8,16,1.0,684,140.36753106117249,0.436247190934039,1651,509.7300097942352,6048.0,326.7844433784485,0.2729828042328042,0.6410932005168047,0.0798502961841514,0.7117031681838916,1066,497.7300097942352,11,28,90,7,151,2.13606295381649,12715
743,tile_x27648_y7168_gray_matter_cell_1,2018-001_Iba1_Temporal_pole_Batch_6,tile_x27648_y7168_gray_matter,301.14282,314.56024,404.54126,405.41742,179,2,5,8,4,12,2.0,877,112.81118214130402,0.8659746062586562,2203,447.7300097942352,5685.0,284.05984115600586,0.3875109938434476,0.6344444976707105,0.1380994509525358,0.8853615419950339,1326,447.7300097942352,17,42,61,13,179,2.1358771689326255,100000
744,tile_x22016_y10752_gray_matter_cell_4,2017-129_Iba1_Tp_B8_100,tile_x22016_y10752_gray_matter,113.79182,232.80795,189.67712,340.10477,152,6,2,4,2,6,2.0,437,88.18376553058624,0.7061777366679829,1364,323.90663504600525,4178.5,262.7995911836624,0.326432930477444,0.8113436489077673,0.1633746031228128,0.7602928389014441,934,388.0904005765915,14,44,70,6,152,2.135695823877154,71642
745,tile_x52736_y38400_gray_matter_cell_2,2017-160_Iba1_Temporal_pole_Batch_6,tile_x52736_y38400_gray_matter,2.9667664,142.0329,83.11305,234.05658,180,8,4,10,4,14,2.5,738,121.15432798862456,0.6318127122632059,1909,464.71781718730927,5042.0,276.02675342559814,0.3786195953986513,0.5939663667217276,0.1110803259081347,0.8315920917491213,1178,532.1736608743668,13,26,61,10,180,2.134869258783193,89620
746,tile_x75264_y52736_gray_matter_cell_0,2017-063_Iba1_Temporal_pole_Batch_8,tile_x75264_y52736_gray_matter,198.03662,132.75073,289.1124,201.20349,89,2,3,6,3,9,2.0,262,58.28427076339722,0.9691888768601108,734,196.1665205955505,2203.0,186.25510382652283,0.333182024512029,0.94947447332533,0.2396934386179744,0.7980093808202008,480,224.30865597724917,10,57,62,6,89,2.1345386072151697,67972
747,tile_x50688_y41984_gray_matter_cell_1,2017-160_Iba1_Temporal_pole_Batch_6,tile_x50688_y41984_gray_matter,49.56122,61.75545,100.77792,90.20824,10,0,1,1,1,2,1.0,700,101.69848430156708,0.8505090583133654,665,113.74011445045473,692.0,105.06512808799744,0.9609826589595376,0.9237297552901962,0.6459578605824153,0.7877687882033073,97,93.25483322143556,16,16,25,1,10,2.1343928170259434,89273
748,tile_x52736_y31232_gray_matter_cell_1,2017-160_Iba1_Temporal_pole_Batch_6,tile_x52736_y31232_gray_matter,79.61102,3.0142899,177.71616,87.54535,67,1,5,6,5,11,1.2,1099,210.6934319734573,0.3111039760764742,1091,401.4041088819504,3236.5,230.99903392791748,0.3370925382357485,0.575477502139502,0.0850885234076009,0.7621933374343383,340,256.9360725879669,10,51,56,5,67,2.1339326082594763,89611
749,tile_x92672_y18432_gray_matter_cell_1,2017-014_Iba1_Temporal_pole_Batch_6,tile_x92672_y18432_gray_matter,163.1741,248.85736,211.6596,377.33038,81,2,2,3,2,5,1.5,395,92.18376553058624,0.5841146128324135,438,211.0538227558136,908.0,245.462087392807,0.4823788546255506,1.1630307576887784,0.1235655848010578,0.1893768403579953,218,153.7401144504547,20,27,87,5,81,2.1330428082808073,42418
750,tile_x62976_y46592_gray_matter_cell_0,2017-026_Iba1_Temporal_pole_Batch_8,tile_x62976_y46592_gray_matter,16.852142,79.59024,259.89984,196.85635,389,17,2,22,2,24,11.0,918,124.32590091228484,0.7463272780825468,3841,852.2640614509583,11524.5,506.9399974346161,0.3332899475031454,0.5948156450144846,0.0664516578788117,0.5635323338717576,2923,975.4183894395828,25,51,123,11,389,2.1320512720801905,48967
751,tile_x36864_y11776_gray_matter_cell_1,2014-048_Iba1_Temporal_pole_Batch_8,tile_x36864_y11776_gray_matter,145.58347,234.466,309.07834,300.78778,162,6,4,10,3,13,3.333333333333333,681,138.81118214130402,0.4441279144239853,1916,479.6883796453476,4450.5,318.25871217250824,0.4305134254578137,0.6634697142503418,0.1046374079704692,0.5521512595862735,1243,555.1442233324051,19,43,82,12,162,2.131469538342544,3832
752,tile_x54272_y49664_gray_matter_cell_1,2017-026_Iba1_Temporal_pole_Batch_8,tile_x54272_y49664_gray_matter,118.59878,312.74078,205.33798,376.50677,94,2,3,4,4,8,1.0,458,93.25483322143556,0.6618089599265425,1017,213.48022890090945,2614.5,207.30150878429413,0.3889845094664372,0.9710571786978772,0.2804242050149451,0.7645283320160965,559,296.73506212234497,10,36,54,17,94,2.13099047930071,47786
753,tile_x10240_y7680_gray_matter_cell_3,2017-014_Iba1_Temporal_pole_Batch_6,tile_x10240_y7680_gray_matter,217.08311,148.63232,309.0515,244.73553,168,5,4,7,4,11,1.75,504,94.18376553058624,0.7139837060650999,1066,448.4751765727997,4520.5,264.16030645370483,0.2358146222762968,0.5890187913462462,0.0666024568210248,0.814069002099443,646,414.3330411911011,14,48,63,10,168,2.1284004968725045,31734
754,tile_x78336_y30208_gray_matter_cell_1,2017-063_Iba1_Temporal_pole_Batch_8,tile_x78336_y30208_gray_matter,160.90659,49.2843,294.87677,183.85333,214,2,3,6,2,8,3.0,311,63.11269783973694,0.9811530604705802,1285,484.0731556415558,6916.0,329.24050533771515,0.1858010410641989,0.6801461752229648,0.0689113872606271,0.8017488200271747,975,538.9432128667831,10,20,105,5,214,2.1279411057155233,68433
755,tile_x64000_y18944_gray_matter_cell_0,2017-129_Iba1_Tp_B8_100,tile_x64000_y18944_gray_matter,12.275894,411.4842,95.58533,510.66162,112,6,2,8,1,9,8.0,402,81.25483322143555,0.7651340169849776,1372,333.5046141147613,2950.5,227.21823954582212,0.465005931198102,0.6813046354664067,0.1550102018071813,0.7181565100155022,981,376.1320307254791,16,38,67,8,112,2.1276882750138264,78355
756,tile_x37376_y15360_gray_matter_cell_1,2016-032_Iba1_Temporal_pole_Batch_8,tile_x37376_y15360_gray_matter,157.00632,12.034683,329.13684,168.39792,362,11,6,17,6,23,2.833333333333333,411,77.5979790687561,0.8577305214613151,2409,759.4528793096542,10816.0,410.0845565795898,0.2227255917159763,0.5399736675596758,0.0524861839335987,0.8082202243268863,1999,811.979790687561,10,49,86,12,362,2.127194545358208,29298
757,tile_x22016_y31744_gray_matter_cell_1,2016-020_Iba1_Temporal_pole_Batch_8,tile_x22016_y31744_gray_matter,189.38516,313.50287,237.76602,365.5915,5,0,1,0,2,2,0.0,1179,137.7401144504547,0.780913247108267,1140,142.22539567947388,1272.5,131.0855417251587,0.8958742632612967,0.9216746495863474,0.708207324428218,0.9305893300223456,146,146.22539567947388,15,15,16,4,5,2.1235810275844247,17384
758,tile_x11776_y38912_gray_matter_cell_2,2017-160_Iba1_Temporal_pole_Batch_6,tile_x11776_y38912_gray_matter,447.74805,28.485624,480.29626,75.54024,1,0,1,0,0,0,0.0,521,99.11269783973694,0.666482870281844,535,127.15432798862456,660.0,103.9826682806015,0.8106060606060606,0.8177674321074149,0.4158161491333996,0.7670645008109217,123,80.42640614509583,14,14,14,1,1,2.123457111305839,81830
759,tile_x68096_y41984_gray_matter_cell_0,2016-020_Iba1_Temporal_pole_Batch_8,tile_x68096_y41984_gray_matter,299.8935,39.609955,396.72125,129.4679,160,2,4,6,4,10,1.5,652,111.39696860313416,0.6602535033598944,1364,319.5634891986847,5116.5,269.3587237596512,0.2665884882243721,0.8428958027560548,0.1678455863251146,0.8861775653544234,734,368.6761870384216,15,60,69,14,160,2.123382543178774,25800
760,tile_x57344_y49664_gray_matter_cell_3,2017-063_Iba1_Temporal_pole_Batch_8,tile_x57344_y49664_gray_matter,258.40295,236.61958,409.3495,348.6679,236,7,9,11,6,17,1.8333333333333333,1037,178.61017167568207,0.4084851233939637,2066,653.8132700920105,7686.5,351.04410576820374,0.2687829311129903,0.536917988401798,0.0607341166507955,0.7838178053767166,1106,653.1269783973694,13,39,94,10,236,2.1226197240261846,65943
761,tile_x16896_y19968_gray_matter_cell_4,2018-001_Iba1_Temporal_pole_Batch_6,tile_x16896_y19968_gray_matter,159.56879,236.30603,284.48315,313.2926,134,1,5,4,5,9,0.8,561,109.63960921764374,0.5864591511037066,765,319.0365778207779,4509.5,279.129705786705,0.1696418671693092,0.8749144304811,0.0944474730597211,0.72732102089488,362,242.36753106117249,11,22,76,6,134,2.1225960282246876,95880
762,tile_x61440_y39936_gray_matter_cell_1,2017-129_Iba1_Tp_B8_100,tile_x61440_y39936_gray_matter,34.750183,173.76236,167.6026,356.55508,171,4,4,8,4,12,2.0,1313,178.71067690849304,0.516622825696679,1240,407.1198381185532,8528.5,368.4024246931076,0.1453948525532039,0.9048992218007046,0.0940128067716312,0.7896553061700146,392,249.722869515419,15,79,103,7,171,2.1211433548121335,78037
763,tile_x35328_y7680_gray_matter_cell_0,2014-048_Iba1_Temporal_pole_Batch_8,tile_x35328_y7680_gray_matter,321.96487,178.02231,400.97592,282.28647,147,2,3,5,3,8,1.6666666666666667,310,65.11269783973694,0.9188406023230812,1078,413.78888487815857,3412.0,233.4325498342514,0.3159437280187573,0.5641344133808388,0.0791172136324017,0.7868574455011822,826,381.4041088819504,11,31,52,16,147,2.120895852322577,3587
764,tile_x69632_y15360_gray_matter_cell_0,2017-026_Iba1_Temporal_pole_Batch_8,tile_x69632_y15360_gray_matter,229.2063,343.6057,362.64282,464.33423,193,3,4,6,3,9,2.0,384,74.5269113779068,0.8687900574605976,1254,436.8183224201202,5275.0,302.4951113462448,0.2377251184834123,0.6924963899644142,0.082585862208775,0.7244286326812502,918,419.8477599620819,11,31,59,11,193,2.119210860443788,49618
765,tile_x18944_y40960_gray_matter_cell_1,2017-026_Iba1_Temporal_pole_Batch_8,tile_x18944_y40960_gray_matter,383.94708,388.59607,444.5376,455.50342,54,1,2,3,2,5,1.5,467,81.01219260692596,0.8941820992864069,665,173.09545290470123,1236.0,167.22975134849548,0.5380258899676376,0.966112907891144,0.2789074984686862,0.5553940806223514,231,181.68123936653137,12,24,47,6,54,2.119095316389693,43915
766,tile_x35328_y15360_gray_matter_cell_0,2016-020_Iba1_Temporal_pole_Batch_8,tile_x35328_y15360_gray_matter,96.87555,338.16687,175.9003,438.63806,162,5,3,8,3,11,2.6666666666666665,235,54.87005722522736,0.9808597197145044,922,366.8771975040436,3744.5,247.17394983768463,0.2462278007744692,0.673723936835732,0.0860794226105741,0.770190759218878,687,405.26197350025177,8,19,70,5,162,2.1185943814890176,19850
767,tile_x10752_y2560_gray_matter_cell_1,2016-020_Iba1_Temporal_pole_Batch_8,tile_x10752_y2560_gray_matter,231.76077,316.07208,452.90628,399.15533,276,7,2,8,1,9,8.0,518,89.5979790687561,0.8108549937688145,2019,633.6711347103119,7321.0,440.9297430515289,0.275781996994946,0.6958337202042566,0.0631856320599907,0.4731964527168455,1503,694.5411919355392,17,90,106,12,276,2.1183797003121434,15004
768,tile_x62464_y60416_gray_matter_cell_1,2017-063_Iba1_Temporal_pole_Batch_6,tile_x62464_y60416_gray_matter,8.769409,322.34955,180.10797,493.0511,282,3,6,9,6,15,1.5,338,67.94112491607666,0.9201552274113356,984,343.76449966430664,8593.0,367.5302857160568,0.1145118119399511,1.0691339160237836,0.1046364294751059,0.7994078551422515,655,380.73506212234497,10,54,77,17,282,2.118149388834205,59442
769,tile_x38912_y33280_gray_matter_cell_4,2018-001_Iba1_Temporal_pole_Batch_6,tile_x38912_y33280_gray_matter,254.21782,274.87,370.24713,380.8706,200,4,4,8,4,12,2.0,226,54.28427076339722,0.963763084078511,1024,442.8599525690079,4872.0,286.94110548496246,0.2101806239737274,0.6479274177320208,0.0656110521551426,0.7435866932702004,850,434.6173119544983,8,26,79,6,200,2.1167589898612964,104865
770,tile_x74240_y15360_gray_matter_cell_3,2017-014_Iba1_Temporal_pole_Batch_6,tile_x74240_y15360_gray_matter,321.48505,104.40485,360.72095,187.23486,74,1,8,8,9,17,0.8888888888888888,758,126.08326029777528,0.5991895200349714,1138,234.0660153627396,1831.0,183.8734328746796,0.6215182960131076,0.7855622807511166,0.2610209717501258,0.6805503155221242,393,303.76449966430664,9,29,40,7,74,2.1163236028890418,40524
771,tile_x19968_y19456_gray_matter_cell_0,2017-063_Iba1_Temporal_pole_Batch_8,tile_x19968_y19456_gray_matter,237.52386,375.6458,278.10126,438.2646,17,0,1,1,1,2,1.0,492,84.42640614509583,0.8673978901993599,691,134.95331752300262,841.5,120.03245961666109,0.8211527035056447,0.889436894326082,0.4767830209515111,0.7339501667235624,202,168.5096664428711,16,32,32,2,17,2.1160067163757823,63209
772,tile_x52224_y45568_gray_matter_cell_0,2017-129_Iba1_Tp_B8_100,tile_x52224_y45568_gray_matter,28.773819,105.05054,136.81613,277.49646,235,5,4,9,4,13,2.25,348,67.35533845424652,0.9639290358019263,1089,488.1320307254791,6060.5,333.9612350463867,0.1796881445425295,0.6841616899223796,0.0574332153635699,0.6828513976086202,779,496.6173119544983,10,30,77,10,235,2.115923785449156,76936
773,tile_x44032_y30720_gray_matter_cell_0,2017-026_Iba1_Temporal_pole_Batch_8,tile_x44032_y30720_gray_matter,105.10452,380.07465,186.26962,443.22668,87,3,4,6,4,10,1.5,556,99.15432798862456,0.7106590723242624,1523,295.3208485841751,2732.0,207.56175124645236,0.5574670571010248,0.7028347380198291,0.2194429091275554,0.7968854668329679,967,295.3208485841751,14,21,56,6,87,2.1159032902913997,46283
774,tile_x67584_y41984_gray_matter_cell_0,2017-026_Iba1_Temporal_pole_Batch_8,tile_x67584_y41984_gray_matter,189.32687,306.28802,281.5012,443.23407,162,4,8,10,6,16,1.6666666666666667,853,131.15432798862457,0.6231514962129491,2149,471.1025931835175,5070.0,289.295476436615,0.4238658777120315,0.614081689683929,0.1216789041796297,0.7612626766438085,1302,545.9726504087448,14,60,80,8,162,2.114149346235823,49437
775,tile_x6144_y39424_gray_matter_cell_2,2016-020_Iba1_Temporal_pole_Batch_8,tile_x6144_y39424_gray_matter,350.68347,126.88971,396.99316,234.10403,78,1,2,3,2,5,1.5,227,54.041630148887634,0.976739698300056,388,178.2670258283615,1485.0,173.7635416984558,0.2612794612794613,0.9747374248884272,0.1534262081800319,0.6180434353382374,227,136.46803629398346,9,33,45,4,78,2.1119706240908247,24768
776,tile_x28672_y60928_gray_matter_cell_2,2017-063_Iba1_Temporal_pole_Batch_6,tile_x28672_y60928_gray_matter,389.0379,13.587128,510.89948,143.84625,205,3,3,6,3,9,2.0,273,60.28427076339722,0.943983683071582,1164,415.7472547292709,6411.0,347.2984507083893,0.1815629386991109,0.835359576660453,0.0846260487862429,0.6679284602582205,901,427.0609630346298,9,26,102,10,205,2.1119353688418636,54705
777,tile_x81408_y46080_gray_matter_cell_1,2017-129_Iba1_Tp_B8_100,tile_x81408_y46080_gray_matter,58.08174,258.13123,149.80438,380.61035,109,0,6,6,6,12,1.0,498,83.25483322143555,0.902859758539154,1499,290.83556735515594,3006.0,229.33266746997836,0.4986693280106454,0.7885303353902623,0.2226980750189109,0.7182357118733221,1001,290.83556735515594,13,16,51,7,109,2.110395156419696,80323
778,tile_x43008_y53760_gray_matter_cell_1,2016-032_Iba1_Temporal_pole_Batch_8,tile_x43008_y53760_gray_matter,337.35522,116.19287,452.5736,198.83102,145,5,3,8,3,11,2.6666666666666665,385,76.42640614509583,0.8282924785565356,1242,315.4629839658737,3365.0,256.540354013443,0.3690936106983655,0.8132185614563106,0.156831987375028,0.6425154173650633,879,353.6051193475723,13,21,58,10,145,2.1084914073184695,29509
779,tile_x22528_y54784_gray_matter_cell_1,2017-160_Iba1_Temporal_pole_Batch_6,tile_x22528_y54784_gray_matter,71.79931,46.889267,192.1123,207.79224,281,4,4,8,4,12,2.0,348,68.5269113779068,0.9312510859668276,1252,542.7178171873093,7836.0,358.46245408058167,0.1597753956100051,0.6604950910555141,0.0534153445212634,0.7663319700328324,906,580.1736608743668,12,36,84,12,281,2.108048158389455,84159
780,tile_x34304_y4096_gray_matter_cell_1,2014-048_Iba1_Temporal_pole_Batch_8,tile_x34304_y4096_gray_matter,348.88446,193.19696,431.4649,344.61133,116,0,5,5,5,10,1.0,467,87.25483322143555,0.77081074333679,1146,359.9482651948929,2772.5,287.33538246154785,0.4133453561767358,0.7982685575827709,0.1111512400133708,0.4219910132369519,726,358.29141104221344,10,23,97,4,116,2.1076979328362144,3304
781,tile_x16384_y11776_gray_matter_cell_1,2018-001_Iba1_Temporal_pole_Batch_6,tile_x16384_y11776_gray_matter,389.55786,401.29193,493.286,458.0014,91,4,5,8,4,12,2.0,726,142.81118214130402,0.4473238524766736,1362,334.14927566051483,2606.5,218.6610667705536,0.5225398043353155,0.6543813878941529,0.1532872113719309,0.6850537818470276,706,287.8650048971176,16,32,61,9,91,2.10733298945937,95618
782,tile_x55296_y7168_gray_matter_cell_1,2017-026_Iba1_Temporal_pole_Batch_8,tile_x55296_y7168_gray_matter,223.20877,473.26337,252.10785,509.7088,22,1,1,1,2,3,0.5,351,70.04163014888763,0.8990927380435214,404,105.74011445045473,449.5,81.98379981517792,0.8987764182424917,0.7753329967653101,0.4540583606862351,0.8403950264091868,153,83.01219260692596,11,17,23,5,22,2.106744261062431,47914
783,tile_x27136_y39424_gray_matter_cell_1,2018-001_Iba1_Temporal_pole_Batch_6,tile_x27136_y39424_gray_matter,226.15262,52.40927,355.3085,153.56537,227,5,3,8,3,11,2.6666666666666665,718,148.1248904466629,0.4112237829667581,1064,437.445739030838,9453.5,384.62188279628754,0.112550907071455,0.8792447805033332,0.0698719897318006,0.8030350726966984,601,332.04877042770386,17,56,81,21,227,2.105883436667236,99650
784,tile_x72704_y33792_gray_matter_cell_1,2017-063_Iba1_Temporal_pole_Batch_8,tile_x72704_y33792_gray_matter,381.36316,294.20132,457.29065,446.7518,174,3,3,6,2,8,3.0,252,57.69848430156708,0.9512213631984664,937,425.8893901109696,4065.0,308.8157448768616,0.2305043050430504,0.7251078614482429,0.0649166070894613,0.5356382034735633,710,425.3036036491394,10,35,92,9,174,2.10564724950558,67581
785,tile_x33280_y3584_gray_matter_cell_0,2014-048_Iba1_Temporal_pole_Batch_8,tile_x33280_y3584_gray_matter,160.2981,181.2154,227.2879,327.56046,112,5,2,7,2,9,3.5,420,89.69848430156708,0.6559775030478924,1007,325.66399443149567,1907.5,263.69195687770844,0.527916120576671,0.8097055903832094,0.1193163182236967,0.3447312422193496,649,277.2792184352875,19,31,79,5,112,2.105594554319838,3120
786,tile_x64000_y26624_gray_matter_cell_0,2017-063_Iba1_Temporal_pole_Batch_6,tile_x64000_y26624_gray_matter,371.0918,103.44451,467.50848,257.07947,205,4,3,7,3,10,2.333333333333333,532,92.5269113779068,0.7808819165827121,2265,559.2447285652161,7223.0,355.5392737388611,0.3135816142876921,0.6357489942748741,0.0910068897343779,0.7180460822641025,1736,644.357426404953,12,29,120,7,205,2.105292481100187,59601
787,tile_x57856_y19456_gray_matter_cell_2,2017-160_Iba1_Temporal_pole_Batch_6,tile_x57856_y19456_gray_matter,253.83014,145.62402,287.22876,192.10165,14,0,2,2,2,4,1.0,468,88.62741661071777,0.7487201762600656,515,115.15432798862456,579.5,101.31660842895508,0.8886971527178602,0.8798332654849373,0.4880412857281638,0.709417696172784,171,93.35533845424652,12,13,28,2,14,2.103756768120841,90383
788,tile_x31232_y44032_gray_matter_cell_0,2016-020_Iba1_Temporal_pole_Batch_8,tile_x31232_y44032_gray_matter,253.33876,152.67142,423.38025,347.94202,331,2,3,8,0,8,0.0,555,100.81118214130402,0.6862548586822964,1780,677.3279888629913,17108.5,509.0879285335541,0.1040418505421281,0.751612124265149,0.0487564214175821,0.8295378367225803,1295,646.0142805576324,14,108,126,9,331,2.1023001523808245,19315
789,tile_x73216_y59392_gray_matter_cell_0,2014-048_Iba1_Temporal_pole_Batch_8,tile_x73216_y59392_gray_matter,150.73178,354.58405,233.9852,420.63678,79,1,2,2,1,3,2.0,266,58.87005722522736,0.9645007833537866,976,233.37972366809845,2137.5,191.84005427360532,0.4566081871345029,0.822008233013555,0.2251818792071237,0.7298563824244592,714,266.69343197345734,9,47,66,7,79,2.101632009023079,12057
790,tile_x37376_y41472_gray_matter_cell_0,2016-032_Iba1_Temporal_pole_Batch_8,tile_x37376_y41472_gray_matter,299.6386,98.74887,401.55243,269.1557,194,5,4,9,4,13,2.25,341,66.5269113779068,0.9682099041366744,1722,500.8599525690079,5466.5,305.76937329769135,0.31500960395134,0.6104887638337642,0.0862601869502331,0.73473588265775,1381,500.8599525690079,11,36,62,11,194,2.1007630859062907,29303
791,tile_x6656_y33792_gray_matter_cell_0,2017-160_Iba1_Temporal_pole_Batch_6,tile_x6656_y33792_gray_matter,239.5213,127.13514,346.22028,198.42664,141,3,2,5,2,7,2.5,394,77.94112491607666,0.8150284082890895,798,385.0193328857422,3327.5,234.3870357275009,0.2398196844477836,0.6087669259898107,0.0676468659938874,0.7611333561365343,536,360.19090580940247,9,57,65,8,141,2.100228237096939,91743
792,tile_x47104_y27648_gray_matter_cell_2,2016-020_Iba1_Temporal_pole_Batch_8,tile_x47104_y27648_gray_matter,114.841125,8.160416,277.83258,248.63966,279,4,4,6,6,12,1.0,678,109.25483322143556,0.7137699188285561,1900,502.9188276529312,10605.0,449.764306306839,0.1791607732201791,0.8943079510581087,0.0943990613544308,0.6587954088832403,1323,518.1320307254791,9,64,99,22,279,2.098250076209823,22202
793,tile_x40448_y8192_gray_matter_cell_0,2014-048_Iba1_Temporal_pole_Batch_8,tile_x40448_y8192_gray_matter,150.55537,243.10059,254.13377,328.60486,147,3,5,7,6,13,1.1666666666666667,755,107.25483322143556,0.8247514198106912,1993,381.9482651948929,3960.0,254.3664942979813,0.5032828282828283,0.6659710685377461,0.171675404405252,0.7691043024803026,1238,477.2030984163284,14,18,74,7,147,2.098060564835975,4734
794,tile_x34816_y24064_gray_matter_cell_0,2018-001_Iba1_Temporal_pole_Batch_6,tile_x34816_y24064_gray_matter,353.6186,163.83572,419.96576,294.91888,84,2,3,4,3,7,1.3333333333333333,1058,160.95331752300262,0.5132106573732363,1966,352.29141104221344,3767.5,264.7163050174713,0.5218314532183145,0.7514128835396205,0.1990624144294813,0.6756188229129297,926,451.2030984163284,13,42,59,5,84,2.0972979204584594,103322
795,tile_x33792_y51200_gray_matter_cell_1,2017-014_Iba1_Temporal_pole_Batch_6,tile_x33792_y51200_gray_matter,17.070633,400.08075,88.50906,475.7751,130,2,2,4,2,6,2.0,217,52.87005722522736,0.9755511313753764,470,246.20815074443817,2794.5,203.4854987859726,0.1681875111826802,0.8264775076321039,0.097432280904877,0.8480999700453612,316,231.9655101299286,9,30,64,8,130,2.096904650880343,35625
796,tile_x19456_y26112_gray_matter_cell_0,2017-063_Iba1_Temporal_pole_Batch_6,tile_x19456_y26112_gray_matter,416.65924,308.7147,451.0136,343.4545,1,0,1,0,0,0,0.0,419,78.18376553058624,0.8613719404182354,601,97.49747383594512,586.0,89.01280272006989,1.0255972696245734,0.9129754773938856,0.7945067834091094,0.9293997012255916,188,149.78174459934235,13,13,13,1,1,2.0959455244503777,53386
797,tile_x24064_y70656_gray_matter_cell_0,2014-048_Iba1_Temporal_pole_Batch_8,tile_x24064_y70656_gray_matter,159.95206,293.19678,292.64255,407.18896,133,2,6,7,7,14,1.0,829,171.68123936653137,0.353442454862073,2108,450.6173119544983,5824.0,322.95152592659,0.3619505494505494,0.7166869034077422,0.1304562004283458,0.7017081949989231,1323,455.6883796453476,17,33,98,6,133,2.095757397290997,1640
798,tile_x9728_y33792_gray_matter_cell_0,2018-001_Iba1_Temporal_pole_Batch_6,tile_x9728_y33792_gray_matter,367.48624,222.52011,445.6027,328.38522,143,3,6,11,5,16,2.2,576,110.911687374115,0.5884068531993125,1283,448.8599525690079,4403.5,270.3714374303818,0.2913591461337572,0.6023514369747984,0.0800229950648589,0.7569832062852119,778,378.534051656723,13,26,57,7,143,2.0917419780892232,106666
799,tile_x8704_y38400_gray_matter_cell_1,2017-014_Iba1_Temporal_pole_Batch_6,tile_x8704_y38400_gray_matter,197.52393,406.9469,248.22882,499.30927,99,2,3,5,3,8,1.6666666666666667,554,88.08326029777527,0.8972900800081393,1177,305.90663504600525,2318.5,207.84433937072757,0.5076558119473797,0.6794371731736707,0.1580551070283162,0.6744357177413273,649,326.634556889534,12,26,49,8,99,2.091717528626601,41863
800,tile_x63488_y39424_gray_matter_cell_2,2017-129_Iba1_Tp_B8_100,tile_x63488_y39424_gray_matter,279.8996,38.800674,320.87482,105.676056,34,0,5,3,5,8,0.6,538,87.25483322143555,0.8880003852573727,827,150.46803629398346,1004.5,134.37155306339264,0.8232951717272274,0.8930239031023066,0.4590149886635199,0.6991093839600544,307,196.75230705738068,11,16,36,3,34,2.091100526224063,78329
801,tile_x25088_y19456_gray_matter_cell_0,2018-001_Iba1_Temporal_pole_Batch_6,tile_x25088_y19456_gray_matter,390.24182,47.865574,498.7713,155.97827,185,2,4,7,4,11,1.75,661,116.1248904466629,0.6159715998637665,1900,519.4873691797256,5978.5,305.138729095459,0.3178054695993978,0.5873843084525332,0.0884735553231233,0.8068771772212351,1242,611.7127648591995,12,36,58,10,185,2.090763416984281,98496
802,tile_x27648_y28672_gray_matter_cell_1,2017-014_Iba1_Temporal_pole_Batch_6,tile_x27648_y28672_gray_matter,330.27258,143.86697,477.5597,256.87323,248,7,4,10,5,15,2.0,525,100.42640614509584,0.6541439435188531,1815,494.9604578018189,10360.0,413.0621819496155,0.1751930501930502,0.8345357198513921,0.0930991002923661,0.763024968806968,1309,537.2447285652161,15,21,78,8,248,2.089807658636646,34453
803,tile_x6656_y3072_gray_matter_cell_0,2017-160_Iba1_Temporal_pole_Batch_6,tile_x6656_y3072_gray_matter,287.66687,178.43394,444.39368,337.63086,86,1,4,4,5,9,0.8,733,117.49747383594512,0.6672011399952031,907,260.30865597724915,2421.0,220.17212319374084,0.3746385790995456,0.8458117628365911,0.1682053989587672,0.6275957479087014,360,228.75230705738068,11,24,52,8,86,2.089802553917256,91731
804,tile_x45568_y51712_gray_matter_cell_0,2017-026_Iba1_Temporal_pole_Batch_8,tile_x45568_y51712_gray_matter,204.94228,1.4460373,316.12927,95.12757,125,3,6,6,5,11,1.2,617,117.74011445045473,0.5593016760613593,1217,370.4335464239121,4003.0,270.7845393419266,0.3040219835123657,0.7309935667436814,0.1114499359794476,0.6860372943531549,673,333.8061298131943,7,25,93,6,125,2.0896694027282288,46549
805,tile_x6144_y15360_gray_matter_cell_3,2016-020_Iba1_Temporal_pole_Batch_8,tile_x6144_y15360_gray_matter,362.34656,142.23062,466.39307,343.29224,356,8,1,11,0,11,0.0,258,57.455843687057495,0.98211231648022,1739,688.3990565538406,7937.0,406.0822131633759,0.2191004157742219,0.5898936224524236,0.0461135877925246,0.6048369429290241,1739,688.3990565538406,27,79,127,12,356,2.087658947441157,24721
806,tile_x47104_y66048_gray_matter_cell_1,2014-048_Iba1_Temporal_pole_Batch_8,tile_x47104_y66048_gray_matter,356.80725,315.37305,461.33368,422.86194,221,9,1,9,1,10,9.0,272,60.87005722522736,0.9225105636798644,1844,464.8599525690079,5493.0,288.4516416788101,0.3356999817950118,0.6205129955478147,0.1072325203559328,0.8296089582712559,1575,507.8305150270462,12,39,78,12,221,2.0871261569598865,6196
807,tile_x6656_y28160_gray_matter_cell_1,2017-026_Iba1_Temporal_pole_Batch_8,tile_x6656_y28160_gray_matter,344.94922,418.30032,392.1444,489.18088,59,0,5,5,5,10,1.0,607,105.49747383594512,0.6853531830747704,1203,242.1665205955505,1936.0,169.30566084384918,0.6213842975206612,0.6991290969019271,0.2577788533027258,0.8487352863930493,618,309.2792184352875,14,16,40,4,59,2.0863392563884364,49353
808,tile_x69632_y68096_gray_matter_cell_1,2017-063_Iba1_Temporal_pole_Batch_6,tile_x69632_y68096_gray_matter,429.3775,292.32474,470.09564,344.07968,27,1,3,4,3,7,1.3333333333333333,386,77.01219260692596,0.8178585383871491,542,135.63960921764374,733.5,114.3390531539917,0.7389229720518065,0.8429621245113311,0.3701997241259331,0.7050514323714281,220,139.88224983215332,9,29,35,3,27,2.0854668089430475,60493
809,tile_x54784_y25600_gray_matter_cell_0,2017-026_Iba1_Temporal_pole_Batch_8,tile_x54784_y25600_gray_matter,112.08526,16.420334,234.55737,148.65656,124,2,7,8,6,14,1.3333333333333333,1210,165.09545290470123,0.5578597275007285,1479,442.7594473361969,4539.5,282.6885629892349,0.3258068069170614,0.6384698614337716,0.0948074279484044,0.7138408681109186,485,337.36247873306274,18,40,68,8,124,2.0851873508237855,47814
810,tile_x85504_y16896_gray_matter_cell_2,2014-048_Iba1_Temporal_pole_Batch_8,tile_x85504_y16896_gray_matter,33.7894,215.50374,163.3378,297.05988,332,14,1,11,1,12,11.0,884,111.84061968326569,0.8881023097564759,4228,538.0731556415558,6349.5,314.2593629360199,0.6658792030868572,0.5840457931065562,0.1835110377750428,0.8079285217569329,3432,587.8721451759338,17,74,102,13,332,2.0849523997786705,14357
811,tile_x68096_y20992_gray_matter_cell_0,2014-048_Iba1_Temporal_pole_Batch_8,tile_x68096_y20992_gray_matter,414.32516,431.01566,461.98563,486.51138,13,0,2,2,2,4,1.0,858,140.56854152679443,0.5456584364398135,759,144.1248904466629,932.0,126.72381126880646,0.8143776824034334,0.8792638861758847,0.4591701628046803,0.7293052238619154,177,131.7401144504547,18,20,30,2,13,2.084608640644189,10759
812,tile_x73216_y77312_gray_matter_cell_0,2014-048_Iba1_Temporal_pole_Batch_8,tile_x73216_y77312_gray_matter,113.93481,145.36761,201.53864,236.04932,94,3,4,7,4,11,1.75,1064,123.49747383594512,0.8766683824549283,2048,323.4629839658737,3179.0,236.08156037330627,0.6442277445737653,0.7298564969592117,0.2459748130019843,0.7167641214411696,984,323.4629839658737,20,21,62,6,94,2.084592843382618,12064
813,tile_x46080_y34304_gray_matter_cell_2,2017-026_Iba1_Temporal_pole_Batch_8,tile_x46080_y34304_gray_matter,318.27838,12.306816,395.4328,91.593506,76,1,4,4,4,8,1.0,538,98.81118214130402,0.6924364952722654,902,238.45079135894773,1911.0,196.5058616399765,0.4720041862899006,0.8240939798105757,0.1993512051110702,0.621898532252603,412,273.4213538169861,8,18,60,6,76,2.084591104603349,46613
814,tile_x51200_y28672_gray_matter_cell_0,2016-020_Iba1_Temporal_pole_Batch_8,tile_x51200_y28672_gray_matter,358.4072,189.20229,508.558,327.84277,158,7,4,10,5,15,2.0,602,93.5979790687561,0.8635220104328036,1580,380.3330411911011,3853.5,263.4631470441818,0.4100168677825354,0.6927169572727258,0.137258370506681,0.6976305283444248,981,457.445739030838,10,33,64,9,158,2.0840913917552824,22873
815,tile_x37888_y55808_gray_matter_cell_0,2017-063_Iba1_Temporal_pole_Batch_6,tile_x37888_y55808_gray_matter,292.4026,301.00482,390.0995,403.98053,123,1,3,4,3,7,1.3333333333333333,343,66.5269113779068,0.9738885546008196,1143,279.0365778207779,3429.0,233.34265303611755,0.3333333333333333,0.8362439607684372,0.1844734289705654,0.7913873180282011,800,279.0365778207779,11,24,44,8,123,2.0834280861305343,55936
816,tile_x41472_y48128_gray_matter_cell_1,2017-014_Iba1_Temporal_pole_Batch_6,tile_x41472_y48128_gray_matter,18.862488,63.791885,90.77493,158.69678,129,2,5,6,3,9,2.0,324,71.01219260692596,0.8074005288575076,878,347.66399443149567,3332.5,242.68389916419983,0.2634658664666166,0.6980415086153499,0.0912819583260972,0.7110466488950022,614,313.2792184352875,8,66,84,8,129,2.0827953663970575,37244
817,tile_x80384_y18944_gray_matter_cell_2,2016-020_Iba1_Temporal_pole_Batch_8,tile_x80384_y18944_gray_matter,276.06415,318.51825,393.0146,483.5791,221,4,4,8,4,12,2.0,461,87.25483322143555,0.7609073933153323,881,418.2325359582901,6365.0,363.7672004699707,0.1384131971720345,0.869772600633464,0.0632921927309213,0.6044511336643899,677,351.36247873306274,11,17,112,7,221,2.082517289750595,27605
818,tile_x69632_y20480_gray_matter_cell_1,2016-020_Iba1_Temporal_pole_Batch_8,tile_x69632_y20480_gray_matter,189.31516,387.2102,276.62875,451.06494,61,1,3,3,4,7,0.75,643,105.01219260692596,0.7327256318029425,707,204.0660153627396,1125.0,147.81368899345398,0.6284444444444445,0.7243425061772598,0.2133476723181917,0.647042898117679,269,169.09545290470123,10,21,52,7,61,2.0819862037797114,25963
819,tile_x69120_y33280_gray_matter_cell_0,2017-063_Iba1_Temporal_pole_Batch_8,tile_x69120_y33280_gray_matter,70.86641,250.44313,116.61923,287.3722,21,0,4,3,5,8,0.6,419,77.01219260692596,0.8877790870057396,582,117.9827550649643,644.5,102.56644690036774,0.9030256012412724,0.869334224683023,0.5254069121524951,0.7698784508523028,231,124.81118214130402,10,14,22,3,21,2.0791768749642476,67115
820,tile_x30208_y48128_gray_matter_cell_1,2016-020_Iba1_Temporal_pole_Batch_8,tile_x30208_y48128_gray_matter,220.99194,264.22556,338.0882,383.6166,263,7,3,9,5,14,1.8,386,73.5979790687561,0.895499587899674,1438,579.6295045614243,6230.5,315.2526959180832,0.2308000963004574,0.5438865575978894,0.0537858185045186,0.7877984935817088,1109,577.6295045614243,9,54,97,9,263,2.077878387504276,19064
821,tile_x75776_y59392_gray_matter_cell_1,2014-048_Iba1_Temporal_pole_Batch_8,tile_x75776_y59392_gray_matter,318.4712,280.63507,359.87695,314.18036,0,0,0,0,0,0,0.0,431,79.49747383594513,0.8569993199223618,637,99.15432798862456,620.0,93.68700909614564,1.0274193548387096,0.9448605118567676,0.8141903400549553,0.8876521398973093,210,146.2670258283615,0,0,0,0,0,2.077528711044844,12610
822,tile_x8704_y38400_gray_matter_cell_2,2018-001_Iba1_Temporal_pole_Batch_6,tile_x8704_y38400_gray_matter,318.8008,383.57138,400.34457,484.5065,156,5,1,6,1,7,6.0,116,40.72792184352875,0.8787864501714765,910,334.5929267406464,3625.5,247.35767006874084,0.2509998620879878,0.7392794356961278,0.1021451486476876,0.7446068213107043,869,317.52185904979706,6,80,89,9,156,2.0769459243250052,106474
823,tile_x79360_y32256_gray_matter_cell_0,2017-026_Iba1_Temporal_pole_Batch_8,tile_x79360_y32256_gray_matter,259.5324,69.605286,381.5769,291.72388,659,25,3,27,3,30,9.0,424,83.5979790687561,0.7624022390835566,4158,1173.0752435922625,14780.5,482.72597324848175,0.2813165995737627,0.4115046974908864,0.0379701759671847,0.797072188855911,3744,1215.3595143556597,10,42,104,25,659,2.0754453150331225,50824
824,tile_x37888_y61952_gray_matter_cell_2,2017-063_Iba1_Temporal_pole_Batch_6,tile_x37888_y61952_gray_matter,237.38751,64.03287,327.58997,145.65262,79,0,5,4,4,8,1.0,373,72.5269113779068,0.8910874553299658,734,177.53910398483276,2200.5,211.4350516796112,0.3335605544194501,1.1909210249122029,0.2926293458561577,0.618553494047542,361,233.23758828639984,10,14,58,5,79,2.075039786551243,55947
825,tile_x10752_y27136_gray_matter_cell_2,2017-129_Iba1_Tp_B8_100,tile_x10752_y27136_gray_matter,269.22955,1.4073868,345.63824,80.34223,68,0,3,3,3,6,1.0,898,118.911687374115,0.7980628907936675,1523,279.8650048971176,2536.0,196.8922998905182,0.6005520504731862,0.7035259730415334,0.2443501300055747,0.8220564651966578,630,356.04877042770386,18,36,40,6,68,2.071059078069479,69348
826,tile_x25600_y25600_gray_matter_cell_2,2017-129_Iba1_Tp_B8_100,tile_x25600_y25600_gray_matter,47.768433,23.862526,127.3477,103.08593,81,2,3,5,3,8,1.6666666666666667,664,96.911687374115,0.8884349456245297,1101,253.0365778207779,2324.5,190.58949220180511,0.4736502473650247,0.753209254737854,0.2160879613769201,0.8041582256534637,454,259.62236428260803,16,25,54,11,81,2.0700758070732426,72343
827,tile_x30208_y18944_gray_matter_cell_0,2014-048_Iba1_Temporal_pole_Batch_8,tile_x30208_y18944_gray_matter,102.06074,72.79897,238.5971,232.22818,228,6,5,11,5,16,2.2,1024,194.75230705738068,0.3392693279529936,1825,724.8843377828598,7623.5,393.5004962682724,0.2393913556765265,0.5428459076269159,0.0436450806433951,0.6186908595075049,1137,560.4163014888763,15,50,106,12,228,2.0690860626815115,2529
828,tile_x47104_y52224_gray_matter_cell_0,2017-063_Iba1_Temporal_pole_Batch_6,tile_x47104_y52224_gray_matter,180.81244,80.757866,308.63522,197.12714,172,3,3,5,2,7,2.5,339,75.69848430156708,0.7434216331473793,1055,436.9604578018189,5829.5,316.83491563797,0.1809760699888498,0.7250883002820104,0.069434937360349,0.7297516739380423,789,393.26197350025177,12,21,76,8,172,2.068774889736614,57212
829,tile_x74240_y51712_gray_matter_cell_2,2017-063_Iba1_Temporal_pole_Batch_8,tile_x74240_y51712_gray_matter,217.72227,418.64096,328.85193,494.0469,161,6,2,3,3,6,1.0,283,61.11269783973694,0.9522114230666144,1112,338.69343197345734,3804.5,249.15811455249784,0.2922854514390853,0.73564495508736,0.1218150931676917,0.770118189006383,830,380.4924215078354,9,18,80,11,161,2.0683648523138842,67818
830,tile_x77312_y32256_gray_matter_cell_0,2017-129_Iba1_Tp_B8_100,tile_x77312_y32256_gray_matter,221.74658,90.49333,295.46588,151.29054,32,0,2,1,1,2,1.0,617,99.9827550649643,0.775612551601496,936,194.85281229019165,1382.5,159.12803328037262,0.6770343580470163,0.816657616639299,0.3097935391506956,0.6860908281127271,354,219.23758828639984,14,24,49,2,32,2.0682988097876964,80028
831,tile_x42496_y22528_gray_matter_cell_1,2017-160_Iba1_Temporal_pole_Batch_6,tile_x42496_y22528_gray_matter,51.47581,333.703,124.65251,441.50403,97,5,1,5,1,6,5.0,554,88.18376553058624,0.8952459178811499,1342,323.0193328857422,2957.0,231.02801382541656,0.4538383496787284,0.7152142002198221,0.1616238129103117,0.6961966026537124,808,373.64674949646,15,54,76,8,97,2.0678497946182635,88268
832,tile_x64000_y29184_gray_matter_cell_0,2016-020_Iba1_Temporal_pole_Batch_8,tile_x64000_y29184_gray_matter,25.097847,132.81308,112.14269,219.08432,112,2,5,7,5,12,1.4,416,74.76955199241638,0.9350904848469124,1158,287.4213538169861,2455.5,199.06266832351685,0.4715943799633476,0.6925813467925869,0.1761490730216005,0.7786999736433758,745,350.19090580940247,11,23,41,8,112,2.067459661846928,25118
833,tile_x4096_y27136_gray_matter_cell_1,2017-026_Iba1_Temporal_pole_Batch_8,tile_x4096_y27136_gray_matter,108.10411,285.71054,150.05684,377.9774,54,1,5,6,5,11,1.2,467,92.6690467596054,0.6833722720458667,650,213.722869515419,982.5,143.43635880947113,0.6615776081424937,0.671132477000188,0.1788221151847262,0.6001004040341139,269,167.4385987520218,8,8,40,5,54,2.0664858273328415,45988
834,tile_x45056_y37888_gray_matter_cell_1,2017-063_Iba1_Temporal_pole_Batch_6,tile_x45056_y37888_gray_matter,340.67142,77.34042,393.16348,161.4057,54,1,3,3,2,5,1.5,504,95.74011445045473,0.6909593783185212,1077,224.6518018245697,1756.0,183.65410482883453,0.6133257403189066,0.8175055946012388,0.2681672601749027,0.6542339789008051,576,292.2497808933258,10,37,54,6,54,2.0662746447342863,56911
835,tile_x36352_y39936_gray_matter_cell_2,2017-160_Iba1_Temporal_pole_Batch_6,tile_x36352_y39936_gray_matter,90.240234,310.61154,152.74274,402.09103,34,0,3,3,3,6,1.0,923,162.85281229019165,0.4373418518212711,1185,240.20815074443817,1720.5,197.95283126831052,0.6887532693984307,0.8240887357686549,0.2580790401218401,0.5517484293128316,326,226.55129659175876,20,21,47,5,34,2.065908587315805,87405
836,tile_x70656_y44544_gray_matter_cell_1,2017-160_Iba1_Temporal_pole_Batch_6,tile_x70656_y44544_gray_matter,333.28943,319.9804,387.57434,438.63287,84,1,4,4,3,7,1.3333333333333333,647,110.18376553058624,0.6696978799152999,1251,295.8650048971176,2193.5,226.0301461219788,0.570321404148621,0.7639637753054883,0.1795891002332273,0.5395289726107733,625,349.3208485841751,15,46,75,5,84,2.063729459089865,92349
837,tile_x34816_y41984_gray_matter_cell_0,2017-014_Iba1_Temporal_pole_Batch_6,tile_x34816_y41984_gray_matter,380.49176,154.80038,478.84174,227.38623,121,2,4,6,4,10,1.5,421,80.18376553058624,0.8228469525314025,1141,288.3502861261368,3348.0,231.3743615150452,0.3408004778972521,0.8024072548130995,0.172446639281197,0.7858955808635033,722,353.7056245803833,10,27,58,6,121,2.0635710043794666,35830
838,tile_x18432_y32768_gray_matter_cell_0,2018-001_Iba1_Temporal_pole_Batch_6,tile_x18432_y32768_gray_matter,256.31512,127.217896,351.02118,277.5207,184,5,5,10,5,15,2.0,683,122.71067690849304,0.5699881988951903,2345,456.4751765727997,5882.0,331.8454040288925,0.3986739204352261,0.7269736035163548,0.1414224577558648,0.6712174984173934,1675,548.1147857904434,12,64,79,12,184,2.0626328323403675,96410
839,tile_x17408_y10752_gray_matter_cell_1,2018-001_Iba1_Temporal_pole_Batch_6,tile_x17408_y10752_gray_matter,252.2091,311.82382,376.57617,388.4612,145,2,3,6,3,9,2.0,716,101.74011445045473,0.8692374771311001,2486,395.8061298131943,4165.0,279.33069801330566,0.5968787515006002,0.7057260536746597,0.1994095515089335,0.670791478012506,1770,395.8061298131943,12,64,97,7,145,2.0620533418789293,96032
840,tile_x68096_y29696_gray_matter_cell_0,2016-020_Iba1_Temporal_pole_Batch_8,tile_x68096_y29696_gray_matter,57.197113,66.263855,135.85939,162.60718,75,0,3,3,3,6,1.0,432,75.5979790687561,0.9498898327356968,801,192.75230705738068,1699.5,220.25114572048187,0.471315092674316,1.1426641220689258,0.2709213371535826,0.4402452516156975,369,192.75230705738068,12,14,81,4,75,2.0617175237441763,25790
841,tile_x30720_y29184_gray_matter_cell_1,2016-020_Iba1_Temporal_pole_Batch_8,tile_x30720_y29184_gray_matter,270.72586,237.42474,318.01315,284.65497,40,1,1,3,0,3,0.0,453,86.18376553058624,0.7664028929638927,755,154.1248904466629,961.5,123.0226310491562,0.7852314092563702,0.7982009310282684,0.3994029367458478,0.7983422813975855,321,179.1959581375122,17,23,31,9,40,2.060485587813622,19111
842,tile_x55296_y64512_gray_matter_cell_3,2017-063_Iba1_Temporal_pole_Batch_6,tile_x55296_y64512_gray_matter,140.6545,421.22656,181.8809,489.87292,33,0,1,1,1,2,1.0,459,80.76955199241638,0.8841525455146692,525,143.78174459934235,833.0,137.91904270648956,0.6302521008403361,0.9592249912588724,0.319125618590976,0.5503087234998142,127,102.32590091228484,15,15,48,1,33,2.0604021756581927,58443
843,tile_x81408_y41472_gray_matter_cell_1,2016-020_Iba1_Temporal_pole_Batch_8,tile_x81408_y41472_gray_matter,13.702568,269.43042,84.68597,378.55176,151,3,4,6,5,11,1.2,634,110.1248904466629,0.6569436863513018,1445,397.7472547292709,4193.0,268.7788828611374,0.3446219890293346,0.6757529553386443,0.1147792359615233,0.7293641911250895,866,394.57568180561066,7,42,71,7,151,2.0589006546122306,27767
844,tile_x14848_y43008_gray_matter_cell_7,2018-001_Iba1_Temporal_pole_Batch_6,tile_x14848_y43008_gray_matter,12.251137,148.62286,71.89383,257.1084,134,2,2,3,1,4,3.0,203,62.97056245803833,0.6433254863378565,1018,361.0193328857422,3024.5,248.07898271083832,0.3365845594313109,0.6871625979912606,0.0981514507797432,0.6175661851762102,889,367.50461411476135,11,50,101,5,134,2.05777364996393,95072
845,tile_x75264_y24064_gray_matter_cell_3,2017-129_Iba1_Tp_B8_100,tile_x75264_y24064_gray_matter,168.57565,204.07434,300.31528,276.87036,157,3,3,6,3,9,2.0,769,112.911687374115,0.7579811554592959,1085,355.8061298131943,4336.5,267.93880927562714,0.2502017756255044,0.7530471985299991,0.1076992677595179,0.7590632554149338,396,285.0365778207779,20,47,63,7,157,2.0576211686630788,79737
846,tile_x81920_y24576_gray_matter_cell_0,2017-063_Iba1_Temporal_pole_Batch_6,tile_x81920_y24576_gray_matter,178.72021,155.10123,311.88968,265.92148,244,4,5,10,5,15,2.0,322,67.11269783973694,0.8983722765393124,1343,495.5878744125366,6783.0,329.8334881067276,0.1979949874686716,0.6655398671682754,0.0687138896100557,0.78350574609887,1050,510.9015827178955,10,35,68,9,244,2.0555041706193626,62171
847,tile_x30208_y18944_gray_matter_cell_1,2017-014_Iba1_Temporal_pole_Batch_6,tile_x30208_y18944_gray_matter,359.83795,387.63623,470.54987,489.64313,171,5,4,6,7,13,0.8571428571428571,599,126.1248904466629,0.4731894817488832,1454,427.78888487815857,4469.5,268.71874594688416,0.3253160308759369,0.6281573819371669,0.0998424611768123,0.777808844959779,928,538.0142805576324,6,43,84,8,171,2.054856661791384,34873
848,tile_x86528_y28160_gray_matter_cell_2,2017-063_Iba1_Temporal_pole_Batch_8,tile_x86528_y28160_gray_matter,129.23965,328.3797,250.59097,437.7928,210,4,5,9,4,13,2.25,737,127.39696860313416,0.5706359958952825,1492,529.8721451759338,5866.5,318.0286878347397,0.2543254069717889,0.6001989172862529,0.0667784766550834,0.7288805214070601,1016,467.5878744125366,10,34,86,10,210,2.054468836761756,68953
849,tile_x99840_y20480_gray_matter_cell_1,2017-014_Iba1_Temporal_pole_Batch_6,tile_x99840_y20480_gray_matter,146.50488,404.8722,249.59299,476.93054,162,2,5,6,4,10,1.5,307,64.5269113779068,0.9265449297726576,1231,394.6761870384216,3653.5,239.73082375526428,0.3369371835226495,0.6074114213835925,0.0993084193075928,0.7988610012414962,927,424.2325359582901,10,29,71,13,162,2.0536201681565482,43045
850,tile_x7680_y65024_gray_matter_cell_1,2018-001_Iba1_Temporal_pole_Batch_6,tile_x7680_y65024_gray_matter,215.42918,26.293564,344.10376,180.0659,180,4,3,7,3,10,2.333333333333333,762,100.6690467596054,0.9448718767742664,1378,369.7056245803833,6527.0,314.6813613176346,0.2111230274245442,0.8511673623434823,0.1266913505794769,0.8282881272354423,636,404.6761870384216,16,35,71,8,180,2.0530775171189686,106290
851,tile_x60416_y42496_gray_matter_cell_3,2017-129_Iba1_Tp_B8_100,tile_x60416_y42496_gray_matter,371.92883,441.04315,440.41296,500.57452,77,1,2,2,3,5,0.6666666666666666,576,87.35533845424652,0.9485351866793736,1295,214.75230705738068,1736.5,155.9657685756683,0.7457529513389001,0.7262588733633261,0.3528612402307097,0.8970694611216076,721,238.0660153627396,14,23,35,8,77,2.052440733099422,77931
852,tile_x87552_y10240_gray_matter_cell_1,2014-048_Iba1_Temporal_pole_Batch_8,tile_x87552_y10240_gray_matter,367.12415,52.839993,473.87683,135.42593,178,5,3,10,3,13,3.333333333333333,286,63.11269783973694,0.9022822356739096,1377,418.8599525690079,4186.5,267.36108779907227,0.3289143676101755,0.63830663724058,0.0986293397503102,0.73597753898688,1114,427.9310202598572,10,46,73,10,178,2.0514877363327226,14600
853,tile_x80384_y30720_gray_matter_cell_0,2017-063_Iba1_Temporal_pole_Batch_8,tile_x80384_y30720_gray_matter,99.745766,104.65703,161.1417,159.65736,32,0,3,3,3,6,1.0,496,82.76955199241638,0.9098092155351424,1233,166.02438521385193,1367.5,147.02873980998993,0.9016453382084096,0.8855852085861111,0.5621201832455605,0.7949370324768438,737,166.02438521385193,11,16,37,3,32,2.051330683216362,68581
854,tile_x43008_y65536_gray_matter_cell_0,2017-063_Iba1_Temporal_pole_Batch_6,tile_x43008_y65536_gray_matter,114.53102,384.02704,204.60326,451.9234,82,0,4,4,4,8,1.0,513,87.84061968326569,0.8354807488397525,606,223.5807341337204,2122.5,196.02145993709564,0.2855123674911661,0.8767368114099583,0.1523399232700006,0.6941451987422356,187,160.36753106117249,13,20,52,6,82,2.051297915612983,56687
855,tile_x19968_y55808_gray_matter_cell_0,2017-129_Iba1_Tp_B8_100,tile_x19968_y55808_gray_matter,292.12933,121.73956,429.3686,283.20673,163,2,6,8,6,14,1.3333333333333333,1141,190.0660153627396,0.3969049985271281,2257,512.4163014888763,6188.5,337.69545245170593,0.3647087339419891,0.6590255842183363,0.1080178548077904,0.6819379107916599,1148,561.2863587141037,13,24,76,15,163,2.051182613749004,71298
856,tile_x98816_y24064_gray_matter_cell_0,2017-014_Iba1_Temporal_pole_Batch_6,tile_x98816_y24064_gray_matter,369.33264,69.13542,413.61816,103.56377,9,0,1,1,1,2,1.0,537,87.69848430156708,0.8774047369192826,625,112.32590091228484,682.5,101.03592586517334,0.9157509157509156,0.8994891208936054,0.622486676357713,0.8401578094212355,151,112.08326029777528,13,13,21,1,9,2.0501656288545065,43007
857,tile_x78848_y26112_gray_matter_cell_0,2017-129_Iba1_Tp_B8_100,tile_x78848_y26112_gray_matter,21.21201,324.05133,111.45407,410.55402,43,0,3,2,2,4,1.0,653,115.53910398483276,0.6147026067708893,962,232.55129659175876,1788.5,204.06378042697904,0.5378809057869723,0.8775000759733919,0.2235359640823423,0.5397180623141665,377,232.89444243907928,6,24,66,2,43,2.049038734601459,80130
858,tile_x84992_y45568_gray_matter_cell_0,2017-129_Iba1_Tp_B8_100,tile_x84992_y45568_gray_matter,392.47296,53.205914,488.73334,160.80244,131,4,3,7,3,10,2.333333333333333,533,88.08326029777527,0.8632772791414047,1131,342.29141104221344,3302.0,245.6091786623001,0.3425196850393701,0.7175440888641231,0.1213054925249463,0.6878563444606314,642,361.8477599620819,14,26,64,14,131,2.0490141821077184,80711
859,tile_x65024_y27648_gray_matter_cell_0,2017-160_Iba1_Temporal_pole_Batch_6,tile_x65024_y27648_gray_matter,437.80554,192.61697,507.43414,291.47623,122,4,3,7,2,9,3.5,469,86.18376553058624,0.7934723108169219,1188,335.9482651948929,2356.5,226.01716899871823,0.5041374920432845,0.6727737345736834,0.1322761357360039,0.5796881818659573,747,353.8477599620819,13,50,65,7,122,2.048970462544472,91434
860,tile_x42496_y47616_gray_matter_cell_1,2016-020_Iba1_Temporal_pole_Batch_8,tile_x42496_y47616_gray_matter,269.39096,2.5526276,377.5021,120.36546,166,4,5,10,5,15,2.0,1014,171.722869515419,0.4321072419991167,1570,465.5289993286133,7106.0,346.5235263109207,0.2209400506614129,0.744365070297828,0.0910366015438351,0.7436517712583499,869,409.1025931835175,12,50,64,11,166,2.0482262971787524,21296
861,tile_x46080_y34816_gray_matter_cell_0,2017-063_Iba1_Temporal_pole_Batch_6,tile_x46080_y34816_gray_matter,300.47705,177.43903,351.6604,228.29547,44,1,1,1,2,3,0.5,411,75.5979790687561,0.9037146325332672,1325,149.1959581375122,1348.0,134.10636031627655,0.9829376854599406,0.8988605454892569,0.7480172730559379,0.9418917753330736,914,149.1959581375122,12,21,29,10,44,2.048002495468965,57040
862,tile_x53248_y25600_gray_matter_cell_2,2017-160_Iba1_Temporal_pole_Batch_6,tile_x53248_y25600_gray_matter,240.47533,192.58633,293.75403,242.34879,9,0,1,1,1,2,1.0,987,130.95331752300262,0.7232592661342211,1184,145.39696860313416,1234.0,136.35834884643555,0.959481361426256,0.937834881679206,0.7038025928653041,0.8339913691704629,341,173.4385987520218,26,31,35,2,9,2.0467909321389186,89664
863,tile_x77312_y19968_gray_matter_cell_0,2017-014_Iba1_Temporal_pole_Batch_6,tile_x77312_y19968_gray_matter,192.04364,242.94424,313.2647,334.01248,210,6,3,10,3,13,3.333333333333333,575,128.22539567947388,0.439470383725446,1198,442.3746713399887,6933.0,328.35967659950256,0.1727967690754363,0.7422659972933678,0.0769283072289019,0.8080373314367777,737,380.9188276529312,11,44,74,9,210,2.044160224850982,40959
864,tile_x22528_y38400_gray_matter_cell_0,2017-026_Iba1_Temporal_pole_Batch_8,tile_x22528_y38400_gray_matter,12.301773,84.22119,173.08798,297.6178,301,3,7,11,6,17,1.8333333333333333,736,159.29646337032318,0.364481433580168,2159,740.3401814699173,17513.5,531.7622898817062,0.1232763296885259,0.7182674980924477,0.0494993919645772,0.7783012695326788,1549,698.6833273172379,10,73,136,8,301,2.0438974147318785,44139
865,tile_x40960_y9216_gray_matter_cell_0,2017-014_Iba1_Temporal_pole_Batch_6,tile_x40960_y9216_gray_matter,94.00772,143.18912,267.25488,319.41074,291,6,5,12,4,16,3.0,624,122.46803629398346,0.5228160905266571,1842,766.2396762371063,15117.5,469.3394000530243,0.121845543244584,0.6125229671711638,0.0394248652376287,0.8624140309418995,1350,701.9554054737091,20,40,95,12,291,2.0431471935858827,37109
866,tile_x17408_y23040_gray_matter_cell_2,2017-160_Iba1_Temporal_pole_Batch_6,tile_x17408_y23040_gray_matter,150.95407,203.85782,247.36606,278.709,75,1,4,5,4,9,1.25,628,99.9827550649643,0.7894403280482002,1284,269.8650048971176,2500.5,207.8333170413971,0.5134973005398921,0.7701380811514659,0.2215550975584435,0.7274554213587044,658,326.634556889534,12,21,45,4,75,2.0421130358321347,82970
867,tile_x3072_y39424_gray_matter_cell_0,2017-063_Iba1_Temporal_pole_Batch_8,tile_x3072_y39424_gray_matter,154.92297,267.29398,278.81012,363.3527,129,2,3,5,3,8,1.6666666666666667,321,65.11269783973694,0.9514446236958358,896,321.22034335136414,3373.0,262.09581875801086,0.2656388971242218,0.8159377952949872,0.1091218674702529,0.6170296305344164,596,340.29141104221344,10,14,76,5,129,2.0418611639418334,64110
868,tile_x14336_y38912_gray_matter_cell_0,2017-063_Iba1_Temporal_pole_Batch_8,tile_x14336_y38912_gray_matter,126.489655,255.56915,228.77579,429.70795,145,4,3,7,3,10,2.333333333333333,2113,247.42135381698608,0.4337455211182211,1314,646.6416971683502,6167.5,348.8690716028213,0.2130522902310498,0.5395090869186477,0.0394891529352529,0.6367868452462357,526,307.0782079696655,31,50,124,5,145,2.0414265698246887,62864
869,tile_x24576_y27648_gray_matter_cell_9,2018-001_Iba1_Temporal_pole_Batch_6,tile_x24576_y27648_gray_matter,309.5763,320.5171,412.15106,359.12976,75,0,3,2,2,4,1.0,562,97.11269783973694,0.7488488051459785,1314,304.4507913589477,2227.5,215.4546926021576,0.5898989898989899,0.7076831419634456,0.1781439241603611,0.6029977085928119,806,321.2792184352875,14,62,67,5,75,2.0413016065330556,98336
870,tile_x14848_y47104_gray_matter_cell_2,2017-129_Iba1_Tp_B8_100,tile_x14848_y47104_gray_matter,308.04742,36.44966,378.60693,133.5973,68,1,3,4,3,7,1.3333333333333333,805,109.63960921764374,0.8415322934732331,1176,267.0365778207779,2119.0,212.10194754600525,0.5549787635677206,0.7942805037306832,0.207240999575251,0.5919043179576348,394,255.0365778207779,17,29,65,5,68,2.037744314270331,70250
871,tile_x51712_y57856_gray_matter_cell_0,2016-020_Iba1_Temporal_pole_Batch_8,tile_x51712_y57856_gray_matter,214.68579,1.387783,278.75345,42.410324,15,0,2,1,3,4,0.3333333333333333,1133,133.78174459934235,0.7955107698497467,1420,155.29646337032318,1445.5,144.5436235666275,0.9823590453130404,0.9307592744204726,0.7399034927822211,0.8694209166941381,404,194.30865597724917,16,20,28,5,15,2.0371529762742693,23089
872,tile_x22528_y20992_gray_matter_cell_0,2017-129_Iba1_Tp_B8_100,tile_x22528_y20992_gray_matter,148.74698,272.7944,337.51144,385.21243,297,6,4,10,4,14,2.5,638,102.5269113779068,0.7627018395071219,2961,747.4112491607666,11251.0,450.8518866300583,0.2631766065238645,0.6032179568293881,0.0666084014881315,0.6955577692872522,2323,843.9381605386734,16,37,131,20,297,2.0370465584549406,71765
873,tile_x62976_y24064_gray_matter_cell_0,2017-129_Iba1_Tp_B8_100,tile_x62976_y24064_gray_matter,389.49622,349.68637,486.52515,405.8597,50,2,3,4,2,6,2.0,266,59.455843687057495,0.9455889931007374,576,163.0538227558136,892.5,136.6806445121765,0.6453781512605042,0.838254768898408,0.2722515600834301,0.6003493610425116,325,173.88224983215332,9,14,46,7,50,2.0358727214297216,78249
874,tile_x76288_y25088_gray_matter_cell_1,2014-048_Iba1_Temporal_pole_Batch_8,tile_x76288_y25088_gray_matter,428.9505,181.19217,478.32062,267.38275,50,1,3,4,3,7,1.3333333333333333,402,75.01219260692596,0.8977846938891566,913,175.68123936653137,1343.0,167.2582951784134,0.6798212956068503,0.9520555284190316,0.3717319316231452,0.603268355640925,511,175.68123936653137,11,28,46,3,50,2.0356463457707874,12687
875,tile_x21504_y14848_gray_matter_cell_0,2017-014_Iba1_Temporal_pole_Batch_6,tile_x21504_y14848_gray_matter,396.1654,192.92862,469.40088,250.12222,111,3,2,4,3,7,1.3333333333333333,277,61.21320307254791,0.9289651518800364,527,252.00714027881625,2453.5,201.5102688074112,0.2147951905441206,0.7996212670183226,0.1042785027927093,0.7592793028567063,363,211.8650048971176,9,52,68,11,111,2.033333101396121,33505
876,tile_x36864_y49152_gray_matter_cell_0,2017-063_Iba1_Temporal_pole_Batch_6,tile_x36864_y49152_gray_matter,251.58058,374.8354,318.11804,470.65265,77,1,2,3,2,5,1.5,360,90.911687374115,0.5473598371001862,903,191.5807341337204,1805.0,207.23139882087708,0.5002770083102493,1.0816922680556844,0.3091675810806509,0.5281727041875213,543,283.3208485841751,14,32,74,8,77,2.032163425665735,55767
877,tile_x32256_y8704_gray_matter_cell_2,2014-048_Iba1_Temporal_pole_Batch_8,tile_x32256_y8704_gray_matter,330.79633,226.73744,434.1142,296.79688,97,2,4,6,4,10,1.5,591,92.6690467596054,0.8648244384991589,1693,311.8061298131943,2999.5,229.91453659534452,0.5644274045674279,0.7373637482145983,0.2188252960105691,0.7130596612952834,1102,311.8061298131943,12,27,55,6,97,2.0316762439675755,2993
878,tile_x10240_y41984_gray_matter_cell_0,2016-032_Iba1_Temporal_pole_Batch_8,tile_x10240_y41984_gray_matter,218.03741,338.42773,332.41992,456.94482,184,4,6,9,6,15,1.5,267,58.87005722522736,0.9681267261483496,722,277.52185904979706,4556.5,278.5413165092468,0.1584549544606606,1.0036734312134556,0.1178020015281958,0.7380095653772877,468,307.0782079696655,8,11,89,9,184,2.0314816518605108,28604
879,tile_x32768_y46592_gray_matter_cell_0,2018-001_Iba1_Temporal_pole_Batch_6,tile_x32768_y46592_gray_matter,424.66302,282.4521,510.66846,341.18054,77,2,4,4,6,10,0.6666666666666666,705,104.18376553058624,0.8162043042665508,1391,244.1665205955505,2112.5,203.0550407171249,0.6584615384615384,0.8316252376527711,0.2932005394601922,0.6438415963997379,693,308.69343197345734,12,17,51,6,77,2.0303381590907525,102568
880,tile_x41984_y37888_gray_matter_cell_1,2017-160_Iba1_Temporal_pole_Batch_6,tile_x41984_y37888_gray_matter,276.3394,49.777462,345.38278,128.06812,162,7,2,10,1,11,10.0,205,50.62741661071777,1.005060467625063,1091,401.6051193475723,2748.0,202.2651742696762,0.3970160116448326,0.5036419221903001,0.0850033681018672,0.8440814700752629,941,368.29141104221344,9,22,52,17,162,2.0302816490286753,88241
881,tile_x57856_y41472_gray_matter_cell_2,2017-160_Iba1_Temporal_pole_Batch_6,tile_x57856_y41472_gray_matter,158.36511,340.69873,240.32602,453.31653,139,1,5,5,4,9,1.25,519,95.84061968326569,0.7100321202523453,1005,354.534051656723,3908.0,267.1815402507782,0.257164790174002,0.7536131973847078,0.1004754634412765,0.687941518635931,609,312.14927566051483,11,19,73,8,139,2.029640051155256,90414
882,tile_x26112_y17920_gray_matter_cell_3,2018-001_Iba1_Temporal_pole_Batch_6,tile_x26112_y17920_gray_matter,213.26547,208.36627,283.0379,280.94904,51,0,3,3,3,6,1.0,405,81.01219260692596,0.7754684158693679,700,195.3380935192108,1475.5,176.77170085906982,0.4744154523890206,0.9049525244889572,0.2305334844538196,0.5933672830346715,332,227.48022890090945,11,14,56,4,51,2.0292150365863955,99068
883,tile_x23552_y24064_gray_matter_cell_2,2018-001_Iba1_Temporal_pole_Batch_6,tile_x23552_y24064_gray_matter,208.04855,271.7494,268.97736,344.31738,87,4,2,2,4,6,0.5,856,138.95331752300262,0.5571162017836695,1595,211.722869515419,2042.5,186.459357380867,0.780905752753978,0.8806765079635757,0.4471312343492898,0.738250182475259,809,245.76449966430664,13,42,50,11,87,2.028219493310975,97834
884,tile_x26112_y47616_gray_matter_cell_1,2014-048_Iba1_Temporal_pole_Batch_8,tile_x26112_y47616_gray_matter,210.96533,128.443,271.55048,197.25177,41,0,3,3,3,6,1.0,627,113.01219260692596,0.616917092211792,1290,199.92387998104093,1933.5,176.27228605747223,0.6671838634600465,0.8816970042507597,0.4055741166575565,0.7819625725173269,663,290.1076455116272,14,23,35,4,41,2.0273580714155615,1929
885,tile_x32768_y53248_gray_matter_cell_1,2017-063_Iba1_Temporal_pole_Batch_6,tile_x32768_y53248_gray_matter,76.663055,417.89688,206.28583,480.4017,67,0,3,3,3,6,1.0,1320,145.39696860313416,0.7846447825863186,1898,254.4091612100601,3242.0,270.4906852245331,0.5854410857495373,1.063211261489105,0.3685026199577427,0.5568243853883353,578,391.8061298131943,19,27,81,3,67,2.0272970839916877,55247
886,tile_x70144_y56320_gray_matter_cell_0,2017-063_Iba1_Temporal_pole_Batch_6,tile_x70144_y56320_gray_matter,299.80038,8.319702,485.41074,156.53644,278,7,3,9,3,12,3.0,371,69.11269783973694,0.9760410452500587,2127,615.3868639469147,9646.5,416.93031442165375,0.2204944798631628,0.677509285374703,0.0705798792158115,0.6973530203123228,1756,685.3279888629913,11,38,88,14,278,2.027196051198766,60539
887,tile_x89088_y30208_gray_matter_cell_0,2017-129_Iba1_Tp_B8_100,tile_x89088_y30208_gray_matter,322.4602,96.18921,488.94397,283.2841,396,6,4,10,4,14,2.5,616,93.49747383594512,0.8855046010677469,1899,650.3990565538406,14793.0,477.3484771251679,0.1283715270736159,0.733931687500307,0.0564124580444286,0.8158212972427712,1299,696.7838325500488,15,68,104,12,396,2.026679654642974,81055
888,tile_x51200_y31232_gray_matter_cell_0,2016-020_Iba1_Temporal_pole_Batch_8,tile_x51200_y31232_gray_matter,307.97662,15.370041,401.83167,99.38315,151,5,5,8,4,12,2.0,754,112.32590091228484,0.750967926357945,1217,420.8183224201202,3724.0,230.32656300067904,0.3267991407089151,0.5473301677457251,0.0863597071187927,0.882127746016361,584,383.8477599620819,11,37,56,12,151,2.0264069676761696,22880
889,tile_x8704_y23040_gray_matter_cell_1,2017-160_Iba1_Temporal_pole_Batch_6,tile_x8704_y23040_gray_matter,56.119843,33.851715,191.90219,165.577,205,6,8,12,8,20,1.5,848,142.02438521385193,0.5282991114746655,1975,496.41630148887634,7392.5,375.8369227647781,0.2671626648630368,0.7571002838495622,0.1007128520671086,0.6576613355173379,1143,589.5706294775009,13,41,85,9,205,2.0261118997712826,93238
890,tile_x23552_y14336_gray_matter_cell_1,2017-014_Iba1_Temporal_pole_Batch_6,tile_x23552_y14336_gray_matter,1.8898315,60.648865,172.2262,243.26248,192,3,2,5,2,7,2.5,429,80.18376553058624,0.8384829991353246,1629,524.9432128667831,5089.0,398.7038812637329,0.3201021811750835,0.7595181183243787,0.0742858844363608,0.4022919924228338,1231,554.156415939331,16,24,107,7,192,2.0254563245682666,33721
891,tile_x1024_y31744_gray_matter_cell_0,2017-160_Iba1_Temporal_pole_Batch_6,tile_x1024_y31744_gray_matter,336.95282,94.32979,399.5672,127.09633,22,1,1,2,1,3,2.0,541,87.5979790687561,0.8859698754694104,631,135.29646337032318,736.0,119.99222719669342,0.8573369565217391,0.8868836938350697,0.4331779428992183,0.6423643782382035,180,132.81118214130402,17,19,35,3,22,2.0251278015858305,81515
892,tile_x81920_y35840_gray_matter_cell_0,2017-063_Iba1_Temporal_pole_Batch_6,tile_x81920_y35840_gray_matter,277.4513,90.72839,414.9115,218.79883,213,3,5,8,5,13,1.6,450,82.76955199241638,0.825431747965351,1977,523.1858534812927,7237.0,353.08901810646057,0.2731794942655796,0.6748825790242545,0.0907621026215123,0.7294575375458074,1529,583.4701242446899,12,14,72,9,213,2.0246523677668518,62185
893,tile_x25600_y12288_gray_matter_cell_2,2017-014_Iba1_Temporal_pole_Batch_6,tile_x25600_y12288_gray_matter,17.486883,7.959503,80.62719,81.86066,73,1,4,6,3,9,2.0,496,83.01219260692596,0.9044983321647948,944,220.1665205955505,1932.5,179.06485497951508,0.4884864165588616,0.8133155508618866,0.2447255426233076,0.7573709723408862,469,269.9655101299286,12,17,51,6,73,2.024330427670638,34035
894,tile_x15360_y54272_gray_matter_cell_2,2018-001_Iba1_Temporal_pole_Batch_6,tile_x15360_y54272_gray_matter,59.16545,160.37558,148.93764,245.69913,123,1,4,5,4,9,1.25,632,104.76955199241638,0.7235303757190458,1617,395.6051193475723,3862.5,239.74178445339203,0.4186407766990291,0.6060128464686493,0.1298362842347793,0.8444829571781431,985,479.546244263649,10,55,59,9,123,2.0240406020081005,95353
895,tile_x34816_y10240_gray_matter_cell_0,2017-129_Iba1_Tp_B8_100,tile_x34816_y10240_gray_matter,299.81274,273.58618,421.64917,377.69153,136,3,6,8,5,13,1.6,713,125.68123936653136,0.5672290758577169,1484,407.0193328857422,3866.5,263.2078146934509,0.3838096469675417,0.6466715298934909,0.1125676730656683,0.701342762557697,813,424.2325359582901,23,52,63,7,136,2.0238412790281757,74196
896,tile_x12800_y59392_gray_matter_cell_4,2018-001_Iba1_Temporal_pole_Batch_6,tile_x12800_y59392_gray_matter,242.25735,185.42603,376.5364,292.20917,130,1,2,3,2,5,1.5,1308,195.23758828639984,0.4312119019768854,670,350.0904005765915,6415.5,347.87977373600006,0.1044345725196789,0.9936855542541282,0.0686948629516267,0.6661653131352196,292,155.78174459934235,38,67,111,12,130,2.022115587937592,94316
897,tile_x28672_y41472_gray_matter_cell_0,2017-129_Iba1_Tp_B8_100,tile_x28672_y41472_gray_matter,317.07568,245.95697,445.9729,351.49878,165,3,7,8,8,16,1.0,954,162.32590091228485,0.4549698261218682,1920,504.9015827178955,6139.5,310.6550017595291,0.3127290495968727,0.6152783282778931,0.0946449897560045,0.7994405382967749,992,521.1442233324051,25,40,72,18,165,2.0219656234915324,73028
898,tile_x48128_y7168_gray_matter_cell_0,2014-048_Iba1_Temporal_pole_Batch_8,tile_x48128_y7168_gray_matter,35.890717,364.6318,103.87599,404.2039,27,0,2,1,1,2,1.0,504,86.32590091228485,0.8498810810162395,1016,166.36753106117249,1273.5,142.63698875904083,0.7978013349038084,0.857360735290313,0.4612819157797079,0.7865828800412845,521,239.27921843528748,14,18,38,2,27,2.0204219056116246,6400
899,tile_x17920_y40448_gray_matter_cell_0,2017-014_Iba1_Temporal_pole_Batch_6,tile_x17920_y40448_gray_matter,2.0498352,6.733841,170.7799,220.62042,505,12,10,19,9,28,2.111111111111111,998,167.09545290470123,0.4491704133286807,2419,1036.3889518976212,16222.0,480.9562066793442,0.1491184810750832,0.4640692143608021,0.028300895845054,0.881258246197142,1639,1018.7320977449416,14,32,94,15,505,2.0186883849355794,33092
900,tile_x24576_y35328_gray_matter_cell_1,2017-026_Iba1_Temporal_pole_Batch_8,tile_x24576_y35328_gray_matter,49.325066,306.25208,99.54206,359.54834,15,0,1,1,1,2,1.0,711,115.9827550649643,0.6641904443351717,1047,148.02438521385193,1356.0,144.2979701757431,0.7721238938053098,0.9748256678605672,0.6004682013652294,0.8183688865333159,371,224.9360725879669,9,9,26,1,15,2.017972504027267,44267
901,tile_x81920_y19456_gray_matter_cell_0,2016-020_Iba1_Temporal_pole_Batch_8,tile_x81920_y19456_gray_matter,39.193783,128.61249,161.98434,262.1059,145,4,4,8,4,12,2.0,753,143.88224983215332,0.4570780859048249,1423,432.9604578018189,4397.5,320.99445283412933,0.3235929505400796,0.7413943861382827,0.0953933929077916,0.5363158813620372,758,378.0904005765915,18,44,92,8,145,2.0178705469374325,27818
902,tile_x8704_y29696_gray_matter_cell_3,2017-160_Iba1_Temporal_pole_Batch_6,tile_x8704_y29696_gray_matter,214.6846,337.63794,247.25375,377.07898,9,1,2,2,0,2,0.0,393,79.11269783973694,0.7890599941322266,507,100.5269113779068,561.5,94.335103392601,0.9029385574354408,0.938406463498822,0.6304536227694212,0.7928900448026375,231,101.84061968326569,11,16,18,3,9,2.0178519260416468,93257
903,tile_x12800_y54272_gray_matter_cell_1,2017-160_Iba1_Temporal_pole_Batch_6,tile_x12800_y54272_gray_matter,211.14021,114.36493,302.08588,192.85416,164,4,3,6,4,10,1.5,283,62.28427076339722,0.916725963338175,1019,385.4041088819504,3726.0,237.6872866153717,0.2734836285560923,0.6167222433224643,0.0862087537932479,0.8287829515415983,763,414.6173119544983,10,51,67,10,164,2.016316561105564,82133
904,tile_x11776_y25600_gray_matter_cell_4,2017-014_Iba1_Temporal_pole_Batch_6,tile_x11776_y25600_gray_matter,289.49423,88.324135,327.70853,119.04369,7,0,2,2,2,4,1.0,440,79.01219260692596,0.8856748512053464,567,95.74011445045473,568.5,87.62064838409424,0.9973614775725592,0.9151926429901828,0.7773293006083363,0.9305236335412136,173,131.1959581375122,13,15,16,3,7,2.0155158434970795,31946
905,tile_x37376_y24064_gray_matter_cell_0,2018-001_Iba1_Temporal_pole_Batch_6,tile_x37376_y24064_gray_matter,17.53263,276.2213,56.60961,350.73584,50,1,4,5,4,9,1.25,275,62.5269113779068,0.8839111348422224,653,188.85281229019165,1080.0,146.7950804233551,0.6046296296296296,0.7772988850056914,0.2300785503344215,0.6298115445728312,393,196.85281229019165,9,12,45,4,50,2.0122602310265005,104345
906,tile_x13824_y29696_gray_matter_cell_0,2017-063_Iba1_Temporal_pole_Batch_6,tile_x13824_y29696_gray_matter,277.9937,119.83554,319.8083,163.50082,24,0,4,2,2,4,1.0,666,102.5269113779068,0.7961746475105692,487,211.3380935192108,795.0,105.271630525589,0.6125786163522012,0.498119523899366,0.1370197764315918,0.9014762581410763,86,96.76955199241638,13,17,24,4,24,2.0107951357628164,52467
907,tile_x46080_y15872_gray_matter_cell_2,2016-020_Iba1_Temporal_pole_Batch_8,tile_x46080_y15872_gray_matter,194.10138,40.61061,319.68237,154.23682,168,1,4,6,3,9,2.0,916,115.74011445045473,0.859285577887153,1798,414.9604578018189,5415.5,318.42360377311707,0.3320099713784507,0.7673589080268297,0.1312157971556211,0.6711783170480492,882,510.2152910232544,15,42,93,6,168,2.010610754953369,21916
908,tile_x66560_y59392_gray_matter_cell_0,2016-020_Iba1_Temporal_pole_Batch_8,tile_x66560_y59392_gray_matter,194.36478,163.7893,310.37112,351.9312,199,3,6,7,5,12,1.4,882,142.95331752300262,0.5423628974108509,1194,472.1320307254791,7288.0,373.33470726013184,0.1638309549945115,0.7907421716049744,0.0673111887532739,0.6570849127870929,582,379.3208485841751,16,32,103,7,199,2.008749368755689,25528
909,tile_x36864_y6656_gray_matter_cell_0,2017-129_Iba1_Tp_B8_100,tile_x36864_y6656_gray_matter,30.254303,154.9141,190.09662,320.86725,201,3,4,8,3,11,2.6666666666666665,447,91.94112491607666,0.6645042469319439,877,369.5634891986847,11987.5,450.5693845748901,0.0731595411887382,1.2191934477939057,0.080692159774085,0.7420191720205958,507,340.73506212234497,15,40,136,9,201,2.0079878037709364,74651
910,tile_x8704_y46080_gray_matter_cell_1,2017-160_Iba1_Temporal_pole_Batch_6,tile_x8704_y46080_gray_matter,212.06866,170.18549,295.2398,240.8219,49,0,2,2,2,4,1.0,647,95.84061968326569,0.8851460150351973,876,151.0538227558136,2099.0,184.58253610134125,0.4173415912339209,1.2219653414513618,0.4824480208153627,0.7741784623995573,236,191.4385987520218,14,19,53,3,49,2.005632511825106,93295
911,tile_x44032_y38400_gray_matter_cell_1,2017-160_Iba1_Temporal_pole_Batch_6,tile_x44032_y38400_gray_matter,269.12836,32.752304,395.99542,118.493835,191,7,2,10,2,12,5.0,637,92.6690467596054,0.9321373389576384,1911,449.9310202598572,5287.5,282.1338371038437,0.361418439716312,0.6270602034527373,0.1186256699787439,0.8347374408312371,1274,449.9310202598572,16,51,87,10,191,2.0054996426706877,88509
912,tile_x34304_y30208_gray_matter_cell_0,2017-063_Iba1_Temporal_pole_Batch_6,tile_x34304_y30208_gray_matter,158.4047,151.93097,273.85022,305.07263,425,10,7,15,6,21,2.5,619,115.9827550649643,0.578247376995037,2115,867.3940042257309,10331.5,388.063952088356,0.2047137395344335,0.4473906323975075,0.0353254256974563,0.8621178546353553,1591,815.9381605386734,10,42,84,16,425,2.004646149207083,55383
913,tile_x18432_y38400_gray_matter_cell_1,2018-001_Iba1_Temporal_pole_Batch_6,tile_x18432_y38400_gray_matter,404.77164,231.38184,501.3986,296.16217,64,3,2,6,2,8,3.0,1019,148.32590091228485,0.5820362826476233,1878,296.2497808933258,2729.5,221.21411442756653,0.6880381022165232,0.7467148625747735,0.2688991171349484,0.7009181336082927,859,296.2497808933258,9,38,54,5,64,2.0045106361165144,96437
914,tile_x96768_y14336_gray_matter_cell_0,2017-014_Iba1_Temporal_pole_Batch_6,tile_x96768_y14336_gray_matter,333.7654,297.48706,476.18246,475.3982,279,11,4,13,4,17,3.25,386,74.18376553058624,0.8814129366811578,2270,644.8843377828598,8871.0,378.62502562999725,0.255889978581896,0.5871208268628859,0.0685917782886148,0.7776135359926019,1884,644.8843377828598,12,31,85,12,279,2.0042411972959755,42718
915,tile_x64000_y34304_gray_matter_cell_2,2017-063_Iba1_Temporal_pole_Batch_8,tile_x64000_y34304_gray_matter,435.22015,27.943153,484.92902,76.12807,40,2,3,5,2,7,2.5,344,67.69848430156708,0.943214385491755,678,152.1248904466629,875.0,122.61154389381409,0.7748571428571429,0.8059926520492936,0.3681620341988596,0.7314004025978845,343,184.85281229019165,11,13,26,4,40,2.0038637711110105,66606
916,tile_x78848_y7680_gray_matter_cell_1,2014-048_Iba1_Temporal_pole_Batch_8,tile_x78848_y7680_gray_matter,376.018,66.665054,454.9748,120.119064,66,2,2,4,2,6,2.0,530,87.39696860313416,0.8719528372527477,1341,239.27921843528748,2297.5,184.5059596300125,0.5836779107725789,0.7710906147075691,0.29432603434031,0.8480951640292366,814,312.7766922712326,16,39,49,5,66,2.003810485249984,13420
917,tile_x41984_y7680_gray_matter_cell_4,2017-063_Iba1_Temporal_pole_Batch_8,tile_x41984_y7680_gray_matter,174.93286,287.0345,257.22968,387.76276,153,4,4,8,4,12,2.0,630,94.6690467596054,0.8833532377227088,1443,359.4629839658737,3780.5,250.06844663619995,0.3816955429176035,0.6956723161791275,0.1403355964567612,0.7596985782773853,818,434.4751765727997,13,48,69,8,153,2.0037377164244874,64692
918,tile_x59904_y58880_gray_matter_cell_1,2017-063_Iba1_Temporal_pole_Batch_6,tile_x59904_y58880_gray_matter,140.29153,156.29218,224.4123,211.42685,73,2,1,3,1,4,3.0,235,55.11269783973694,0.9722420141828256,843,227.23758828639984,1587.0,174.86557626724243,0.5311909262759924,0.7695275134096647,0.2051526333091952,0.6521960195323382,608,227.23758828639984,10,26,62,6,73,2.003562673511581,59045
919,tile_x71168_y13824_gray_matter_cell_1,2017-014_Iba1_Temporal_pole_Batch_6,tile_x71168_y13824_gray_matter,323.9909,322.68195,449.86945,481.52777,273,6,5,10,6,16,1.6666666666666667,439,100.56854152679443,0.5454438890420003,1462,526.2741661071777,8795.5,369.61574482917786,0.1662213631970894,0.7023254581603464,0.0663335336359369,0.8090390254180625,1038,565.0437180995941,11,34,80,18,273,2.00255670203755,40169
920,tile_x51712_y52224_gray_matter_cell_0,2016-020_Iba1_Temporal_pole_Batch_8,tile_x51712_y52224_gray_matter,77.24814,234.10175,250.43637,383.12018,376,8,3,10,4,14,2.5,562,89.01219260692596,0.8913477685813094,2079,623.9137753248215,12109.0,416.3738517761231,0.1716904781567429,0.6673580040116134,0.0671143215623915,0.8777104055664339,1518,623.9137753248215,14,30,97,13,376,2.0021788052504244,23082
921,tile_x28672_y54272_gray_matter_cell_2,2017-129_Iba1_Tp_B8_100,tile_x28672_y54272_gray_matter,270.31604,272.44702,373.49707,383.3025,156,3,3,6,3,9,2.0,608,94.32590091228484,0.8587198845693678,1465,342.634556889534,4739.0,269.21114099025726,0.3091369487233593,0.7857092507953056,0.156814119648437,0.821694755970045,857,437.78888487815857,15,46,65,8,156,2.001001200129973,73045
922,tile_x74752_y20480_gray_matter_cell_4,2017-063_Iba1_Temporal_pole_Batch_6,tile_x74752_y20480_gray_matter,6.2970734,261.8711,88.23064,355.91443,159,5,4,9,4,13,2.25,367,73.35533845424652,0.8570624693514864,1082,382.7766922712326,3608.5,243.2370012998581,0.2998475820978246,0.6354540550956593,0.0927996107125165,0.7664384648667626,754,370.29141104221344,9,51,81,10,159,2.000562690439823,61169
923,tile_x83968_y14848_gray_matter_cell_0,2014-048_Iba1_Temporal_pole_Batch_8,tile_x83968_y14848_gray_matter,318.51746,156.65201,424.82397,214.34903,121,5,2,4,2,6,2.0,379,71.11269783973694,0.9417914945905074,1204,286.4507913589477,2344.0,215.3365799188614,0.5136518771331058,0.7517402165212591,0.184389547344597,0.6352312415993502,827,331.0782079696655,12,36,59,8,121,1.9997910376905803,14190
924,tile_x26624_y47616_gray_matter_cell_1,2017-063_Iba1_Temporal_pole_Batch_6,tile_x26624_y47616_gray_matter,1.3949766,88.04742,33.142864,120.23637,0,0,0,0,0,0,0.0,480,89.11269783973694,0.7595771954856791,508,84.18376553058624,490.5,80.65533089637756,1.035677879714577,0.95808651927162,0.9007761540483984,0.9475076415505372,94,61.69848430156708,0,0,0,0,0,1.9991274215062746,54393
925,tile_x57856_y23552_gray_matter_cell_0,2017-063_Iba1_Temporal_pole_Batch_8,tile_x57856_y23552_gray_matter,420.91364,22.49356,510.57428,94.25218,0,0,0,0,0,0,0.0,1656,252.7939372062683,0.3256393569791604,847,259.0365778207779,2388.5,206.65465116500852,0.3546158676993929,0.7977817376354804,0.1586247996406625,0.7028210183600825,23,42.62741661071777,0,0,0,0,0,1.9988339567982565,65947
926,tile_x89088_y27648_gray_matter_cell_0,2016-032_Iba1_Temporal_pole_Batch_8,tile_x89088_y27648_gray_matter,188.24084,283.83984,313.06616,359.15308,126,3,4,6,2,8,3.0,440,78.76955199241638,0.8911396957609427,1157,291.4213538169861,3177.5,253.2861145734787,0.3641227380015736,0.8691405460031715,0.1711987069507096,0.6224044074508791,719,350.8771975040436,12,15,68,7,126,1.9980684391454249,31448
927,tile_x37888_y48128_gray_matter_cell_0,2014-048_Iba1_Temporal_pole_Batch_8,tile_x37888_y48128_gray_matter,97.76926,17.935059,243.8988,183.07147,293,8,4,15,3,18,5.0,815,174.16652059555054,0.3376277395375606,2706,707.8965303897858,10876.5,439.026006937027,0.2487932698938077,0.6201838659885621,0.0678575364778852,0.7091180382098969,1955,744.9675980806351,6,51,101,10,293,1.9962142750979255,4150
928,tile_x25088_y45568_gray_matter_cell_1,2017-160_Iba1_Temporal_pole_Batch_6,tile_x25088_y45568_gray_matter,71.534454,149.23495,204.16708,319.48413,413,13,2,16,2,18,8.0,218,53.89949476718903,0.9429680303977662,1877,836.3229365348816,11138.0,411.68776190280914,0.1685221763332735,0.4922593222284994,0.0337229936923916,0.8258119506591913,1785,827.1513636112213,9,47,116,14,413,1.9958275505441854,84747
929,tile_x18432_y8192_gray_matter_cell_3,2016-020_Iba1_Temporal_pole_Batch_8,tile_x18432_y8192_gray_matter,387.01367,230.23769,460.333,343.7777,110,2,4,6,4,10,1.5,635,112.71067690849304,0.6281356943070232,1200,374.7766922712326,3634.0,257.23652839660645,0.3302146395156852,0.6863728019949538,0.1073608552184243,0.6901277764579689,759,298.2497808933258,10,47,86,6,110,1.9953470988096083,16731
930,tile_x4608_y27136_gray_matter_cell_0,2017-014_Iba1_Temporal_pole_Batch_6,tile_x4608_y27136_gray_matter,97.14059,31.663116,239.60178,188.55844,342,10,3,14,3,17,4.666666666666667,314,63.94112491607666,0.965114780984374,1325,700.3401814699173,8728.5,380.9487327337265,0.1518015695709457,0.5439481309414058,0.0339474887881951,0.7558165787783419,1132,644.5411919355392,11,76,99,13,342,1.9950312115378979,38045
931,tile_x64000_y19456_gray_matter_cell_5,2017-129_Iba1_Tp_B8_100,tile_x64000_y19456_gray_matter,280.90952,12.563874,305.21103,36.85491,0,0,0,0,0,0,0.0,559,90.48528122901917,0.8579575312245383,303,63.455843687057495,281.0,61.30948972702026,1.0782918149466192,0.9661756296138412,0.9456038833945456,0.939422117382403,0,0.0,0,0,0,0,0,1.9940539092145624,78357
932,tile_x37376_y37376_gray_matter_cell_2,2017-129_Iba1_Tp_B8_100,tile_x37376_y37376_gray_matter,122.19178,89.61049,165.9347,168.85176,40,0,1,1,1,2,1.0,384,73.35533845424652,0.896762910711092,679,167.29646337032318,940.0,153.02444088459015,0.7223404255319149,0.914690231949848,0.3048639821177138,0.5044476635969615,305,197.4385987520218,14,52,54,2,40,1.9940181085642206,74697
933,tile_x37888_y12800_gray_matter_cell_2,2017-014_Iba1_Temporal_pole_Batch_6,tile_x37888_y12800_gray_matter,247.20728,409.48883,349.70282,510.85004,113,1,4,5,4,9,1.25,798,125.15432798862456,0.6402078722584905,1435,334.14927566051483,4182.5,282.3153281211853,0.3430962343096234,0.8448778695184388,0.1615030457553016,0.6594424443398493,667,382.534051656723,13,76,85,4,113,1.993536288484267,36432
934,tile_x20992_y13312_gray_matter_cell_2,2014-048_Iba1_Temporal_pole_Batch_8,tile_x20992_y13312_gray_matter,94.9924,186.97089,202.96799,245.20926,83,1,3,4,2,6,2.0,281,60.87005722522736,0.9530348102722128,844,230.89444243907928,1594.0,205.61636757850647,0.5294855708908407,0.8905210771054295,0.1989414830895386,0.4737866461647371,564,267.2792184352875,11,12,59,4,83,1.9928256928288133,1064
935,tile_x28672_y39424_gray_matter_cell_1,2017-063_Iba1_Temporal_pole_Batch_8,tile_x28672_y39424_gray_matter,126.470566,283.71692,176.77089,329.57562,19,0,3,3,3,6,1.0,771,103.39696860313416,0.9062512727615102,748,143.88224983215332,997.5,118.33428609371184,0.749874686716792,0.822438391335661,0.4540430388536641,0.8951618770865982,121,145.29646337032318,15,16,23,3,19,1.991906189188328,63949
936,tile_x5632_y27648_gray_matter_cell_0,2017-026_Iba1_Temporal_pole_Batch_8,tile_x5632_y27648_gray_matter,141.64874,315.78577,233.2576,470.2019,202,2,8,9,7,16,1.2857142857142858,1860,187.0538227558136,0.6680202565997765,3571,452.3330411911011,8380.0,353.76210153102875,0.4261336515513126,0.7820832645775523,0.2193224503420613,0.8414557302720004,1723,619.7300097942352,14,56,93,10,202,1.990911117055318,48068
937,tile_x5632_y36352_gray_matter_cell_0,2016-020_Iba1_Temporal_pole_Batch_8,tile_x5632_y36352_gray_matter,76.39926,246.52321,196.22324,365.31445,268,5,3,6,3,9,2.0,386,72.76955199241638,0.916004835610397,1937,559.9726504087448,6353.0,305.08761489391327,0.3048953250432866,0.5448259208217018,0.0776257577124466,0.8577082036102684,1560,605.5289993286133,11,60,93,33,268,1.9907258582156644,23854
938,tile_x58880_y41984_gray_matter_cell_1,2017-026_Iba1_Temporal_pole_Batch_8,tile_x58880_y41984_gray_matter,96.000786,274.6994,248.67017,427.09283,153,3,2,5,2,7,2.5,325,73.5979790687561,0.7539828136460985,1314,419.8305150270462,3127.0,345.6836745738983,0.4202110649184521,0.8233886347009073,0.093682231234637,0.3288364913015165,1030,422.41630148887634,16,27,135,10,153,1.9895127033144453,48416
939,tile_x28672_y13824_gray_matter_cell_4,2017-014_Iba1_Temporal_pole_Batch_6,tile_x28672_y13824_gray_matter,228.22295,310.02356,375.4749,482.64014,355,5,6,12,5,17,2.4,669,130.36753106117249,0.4946489598478117,1995,789.0092282295227,12520.5,437.6770992279053,0.159338684557326,0.5547173386172171,0.0402706462033891,0.8213417320653795,1399,789.1513636112213,7,59,84,16,355,1.9892601810655448,34622
940,tile_x28160_y35840_gray_matter_cell_0,2017-026_Iba1_Temporal_pole_Batch_8,tile_x28160_y35840_gray_matter,232.42061,210.86208,396.5865,330.2406,435,15,5,17,6,23,2.833333333333333,527,125.74011445045473,0.418863750046532,3308,881.192993760109,10283.0,381.7317568063736,0.3216960031119323,0.4331988106005006,0.0535344436821663,0.8867743400840288,2790,1030.004175901413,9,52,86,28,435,1.989198874701052,44489
941,tile_x7168_y512_gray_matter_cell_1,2017-160_Iba1_Temporal_pole_Batch_6,tile_x7168_y512_gray_matter,2.2714233,178.28662,115.39734,341.14136,222,7,7,13,5,18,2.6,879,140.61017167568207,0.5586827498995119,1535,626.6000670194626,5680.0,308.0163573026657,0.2702464788732394,0.4915677056464447,0.049128937272669,0.7523339127350585,892,492.3746713399887,16,31,66,10,222,1.9887739737997965,92607
942,tile_x5632_y37376_gray_matter_cell_1,2017-014_Iba1_Temporal_pole_Batch_6,tile_x5632_y37376_gray_matter,159.34506,198.78308,269.34027,381.60126,240,9,2,10,2,12,5.0,338,70.76955199241638,0.8480738491360015,1647,548.357426404953,6851.0,378.018928527832,0.2404028608962195,0.6893659323739535,0.0688297202149988,0.6024718198764731,1315,594.6416971683502,15,22,102,8,240,1.98787016994572,39349
943,tile_x52736_y37376_gray_matter_cell_0,2017-129_Iba1_Tp_B8_100,tile_x52736_y37376_gray_matter,11.247118,1.7631226,63.548325,101.01854,78,3,3,4,5,9,0.8,865,112.81118214130402,0.8541254668343644,1025,225.9655101299286,1600.5,185.08191227912903,0.640424867228991,0.8190715130495279,0.2522605955112987,0.5871344813769919,394,232.20815074443817,14,23,52,9,78,1.9856497666430526,76991
944,tile_x8192_y16896_gray_matter_cell_0,2017-026_Iba1_Temporal_pole_Batch_8,tile_x8192_y16896_gray_matter,324.458,369.57764,426.58618,480.44104,199,5,4,8,4,12,2.0,394,74.5269113779068,0.8914147985403006,1430,448.8183224201202,4453.5,269.94704473018646,0.3210957673739755,0.6014617301597153,0.0892081935885695,0.767987525791467,1036,501.2030984163284,11,33,54,15,199,1.9845139767217819,51123
945,tile_x55296_y32768_gray_matter_cell_0,2017-014_Iba1_Temporal_pole_Batch_6,tile_x55296_y32768_gray_matter,250.63431,91.29764,383.94913,270.5899,272,6,5,10,6,16,1.6666666666666667,649,126.46803629398346,0.5099093909921688,2659,569.7716399431229,6740.0,351.2235368490219,0.3945103857566766,0.6164286044213829,0.1029263433639822,0.6865980041101792,2027,709.068103313446,12,28,87,15,272,1.983846046484554,39285
946,tile_x77312_y12288_gray_matter_cell_0,2017-014_Iba1_Temporal_pole_Batch_6,tile_x77312_y12288_gray_matter,146.97226,324.3025,244.73062,439.47668,142,5,4,7,3,10,2.333333333333333,594,111.39696860313416,0.6015192960057933,1498,413.8477599620819,4589.0,283.1843464374542,0.326432774024842,0.6842717874403875,0.1099108229735196,0.7191002426330745,912,488.6173119544983,9,30,75,6,142,1.982215831941294,40932
947,tile_x50176_y32256_gray_matter_cell_3,2017-063_Iba1_Temporal_pole_Batch_8,tile_x50176_y32256_gray_matter,366.7652,226.07889,413.62885,272.48312,50,2,3,3,4,7,0.75,594,98.32590091228484,0.7720766893054547,936,179.33809351921082,1136.0,126.74707663059236,0.823943661971831,0.706749325496845,0.3657131827776517,0.8886122436034458,456,198.6518018245697,11,14,27,8,50,1.9820675035767161,65303
948,tile_x48128_y30208_gray_matter_cell_1,2017-129_Iba1_Tp_B8_100,tile_x48128_y30208_gray_matter,252.03357,146.5795,305.01617,256.16663,56,1,2,4,2,6,2.0,849,138.911687374115,0.5528915858954534,511,291.1787132024765,1916.0,200.5562369823456,0.2667014613778705,0.6887736908256926,0.0757375965741076,0.5985949160051453,238,134.56854152679443,26,45,65,6,56,1.9819469066659294,76405
949,tile_x49664_y23040_gray_matter_cell_0,2017-063_Iba1_Temporal_pole_Batch_8,tile_x49664_y23040_gray_matter,13.572388,405.37854,114.68739,478.41125,136,2,2,4,2,6,2.0,307,63.11269783973694,0.9685337285031128,795,215.23758828639984,3535.0,237.45547139644623,0.2248939179632249,1.1032249212924778,0.2156456779698044,0.7878343643227486,490,259.8650048971176,11,14,76,4,136,1.9787552868731024,65245
950,tile_x39936_y39936_gray_matter_cell_0,2017-160_Iba1_Temporal_pole_Batch_6,tile_x39936_y39936_gray_matter,241.04066,252.5989,381.86304,463.15573,180,4,4,8,4,12,2.0,1293,179.78174459934235,0.5027096336693166,2388,502.2741661071777,7589.0,389.43344509601593,0.3146659638951113,0.77534038454392,0.1189494679678681,0.628822283906395,1171,559.1442233324051,25,68,86,9,180,1.9772514037469695,87872
951,tile_x53760_y27136_gray_matter_cell_0,2016-020_Iba1_Temporal_pole_Batch_8,tile_x53760_y27136_gray_matter,301.94867,225.43163,463.88678,383.797,271,2,2,4,2,6,2.0,864,114.911687374115,0.8222335672857656,1786,507.5878744125366,10128.0,422.0227543115616,0.1763428120063191,0.8314279666353241,0.0871101659098285,0.7145980414571443,976,536.9015827178955,22,94,111,9,271,1.9772346062085644,23371
952,tile_x75264_y45056_gray_matter_cell_1,2017-160_Iba1_Temporal_pole_Batch_6,tile_x75264_y45056_gray_matter,334.49542,18.939857,404.82062,87.56756,95,4,4,9,3,12,3.0,368,71.94112491607666,0.8935178518617559,986,257.722869515419,2056.5,182.1283860206604,0.4794553853634816,0.7066830598429452,0.1865438185810685,0.779082232141392,619,287.52185904979706,12,27,38,7,95,1.977176133953615,92960
953,tile_x40448_y39936_gray_matter_cell_1,2017-160_Iba1_Temporal_pole_Batch_6,tile_x40448_y39936_gray_matter,458.8668,433.72797,505.23325,494.16895,18,1,1,2,0,2,0.0,1035,121.39696860313416,0.8825402666194482,1182,161.4385987520218,1309.0,138.6301507949829,0.9029793735676088,0.8587175053961298,0.5699182731714335,0.8559218619949575,204,141.0538227558136,20,21,30,4,18,1.9770960304354241,87951
954,tile_x57856_y40960_gray_matter_cell_1,2016-020_Iba1_Temporal_pole_Batch_8,tile_x57856_y40960_gray_matter,219.31668,329.1308,348.31247,499.82367,230,4,6,9,5,14,1.8,802,137.9827550649643,0.5293398720041635,1615,557.0020879507065,9286.5,377.4614177942276,0.1739083616001722,0.6776660733588348,0.065413704447483,0.8190620299947322,950,541.345233798027,9,58,96,7,230,1.9756640107761618,24105
955,tile_x75264_y43008_gray_matter_cell_2,2017-160_Iba1_Temporal_pole_Batch_6,tile_x75264_y43008_gray_matter,322.19812,139.47412,443.7326,214.39023,150,4,5,8,4,12,2.0,451,78.76955199241638,0.9134181881549662,1477,382.6761870384216,3698.0,251.98818826675412,0.3994050838290968,0.6584893358975951,0.1267440216181791,0.7318404377523738,1026,451.445739030838,10,23,80,7,150,1.9753899565411295,92948
956,tile_x4608_y59392_gray_matter_cell_3,2018-001_Iba1_Temporal_pole_Batch_6,tile_x4608_y59392_gray_matter,199.7792,103.0455,299.41995,167.76581,110,3,3,6,4,10,1.5,247,56.041630148887634,0.9882920413098896,690,242.4091612100601,2018.0,208.8410816192627,0.3419226957383548,0.8615230570361615,0.1475573670086718,0.5814323054169245,468,250.6518018245697,9,40,51,8,110,1.9746556003206037,105683
957,tile_x26112_y25088_gray_matter_cell_4,2018-001_Iba1_Temporal_pole_Batch_6,tile_x26112_y25088_gray_matter,439.41162,131.0426,505.43066,232.5452,79,1,4,4,5,9,0.8,356,71.69848430156708,0.8702417450599575,1118,261.2792184352875,2094.5,214.333668589592,0.5337789448555741,0.8203242105252899,0.2057983701557975,0.5729403825226915,774,306.4924215078354,10,18,65,4,79,1.9744956546655352,99111
958,tile_x67072_y51200_gray_matter_cell_2,2014-048_Iba1_Temporal_pole_Batch_8,tile_x67072_y51200_gray_matter,2.122589,35.401752,131.4722,97.01195,156,3,5,7,4,11,1.75,399,75.35533845424652,0.8829878143192644,1516,373.7056245803833,3355.5,260.4864445924759,0.4517955595291312,0.6970364571979991,0.1364111268571528,0.6214366333172133,1118,373.7056245803833,10,17,58,11,156,1.9737603528435366,10583
959,tile_x13312_y33792_gray_matter_cell_1,2017-026_Iba1_Temporal_pole_Batch_8,tile_x13312_y33792_gray_matter,22.08715,89.63333,125.76078,204.4418,205,3,5,8,5,13,1.6,393,71.94112491607666,0.954218792884973,1613,505.77163994312286,4535.0,273.18607926368713,0.3556780595369349,0.5401372036091399,0.079238324593209,0.7636072180471258,1224,558.3990565538406,11,28,76,12,205,1.9734647480056056,43429
960,tile_x43520_y9216_gray_matter_cell_0,2017-129_Iba1_Tp_B8_100,tile_x43520_y9216_gray_matter,157.29256,283.2918,214.97746,351.96454,8,0,1,1,1,2,1.0,1407,204.36753106117249,0.4233310900310517,625,235.27921843528748,1526.5,156.14550757408142,0.4094333442515558,0.6636604312634121,0.141880510910891,0.7867698070178328,47,48.14213538169861,17,17,24,1,8,1.9733679693211075,75845
961,tile_x32768_y16384_gray_matter_cell_0,2017-160_Iba1_Temporal_pole_Batch_6,tile_x32768_y16384_gray_matter,61.06653,106.35535,139.08788,234.25354,194,7,1,6,1,7,6.0,482,81.5979790687561,0.9096997948406554,1527,490.5168067216873,4857.5,284.5935139656067,0.3143592382913021,0.5801911577049821,0.0797519143205827,0.753655160377643,1045,490.5168067216873,16,76,95,17,194,1.9730081184570878,86671
962,tile_x46080_y50176_gray_matter_cell_1,2017-014_Iba1_Temporal_pole_Batch_6,tile_x46080_y50176_gray_matter,258.9428,345.04504,357.65466,440.67603,163,3,6,9,6,15,1.5,304,66.28427076339722,0.8694857770512725,1220,416.3330411911011,4234.5,263.80231034755707,0.2881095761010745,0.6336328954166988,0.0884479836782123,0.7646361241191498,920,465.546244263649,9,37,63,8,163,1.9727037821228703,38010
963,tile_x28160_y13312_gray_matter_cell_1,2017-014_Iba1_Temporal_pole_Batch_6,tile_x28160_y13312_gray_matter,156.49329,189.10634,308.59152,350.14307,245,8,3,11,3,14,3.6666666666666665,523,91.25483322143556,0.7892231239994426,1880,478.03152549266815,8270.0,389.4287518262863,0.2273276904474002,0.8146507731366333,0.1033843105755296,0.6852662583728344,1357,478.03152549266815,14,30,83,9,245,1.97256748049337,34515
964,tile_x29696_y38912_gray_matter_cell_0,2017-014_Iba1_Temporal_pole_Batch_6,tile_x29696_y38912_gray_matter,293.9625,68.949814,400.20694,179.91829,108,3,5,7,6,13,1.1666666666666667,627,126.36753106117249,0.4934082468016539,1115,341.1198381185532,3003.5,273.08194518089294,0.37123356084568,0.8005454818666563,0.1204122793809712,0.5061176989996901,623,301.66399443149567,7,71,92,5,108,1.9724748601605553,34823
965,tile_x70144_y34816_gray_matter_cell_0,2017-014_Iba1_Temporal_pole_Batch_6,tile_x70144_y34816_gray_matter,28.569103,201.24954,129.11223,289.9024,101,4,3,6,3,9,2.0,632,105.5979790687561,0.7122225644840209,1340,322.9777027368545,2561.0,235.68412721157077,0.5232331120655994,0.7297225945148106,0.1614245483743278,0.579373694582478,709,402.0904005765915,13,21,82,7,101,1.9721653648142101,40070
966,tile_x30720_y14848_gray_matter_cell_3,2018-001_Iba1_Temporal_pole_Batch_6,tile_x30720_y14848_gray_matter,359.61755,362.44275,411.87878,478.21252,128,3,3,5,4,9,1.25,464,84.91168737411499,0.8087101649740362,1005,331.4213538169861,2692.0,226.6081941127777,0.3733283803863298,0.6837465103045618,0.1149780534127011,0.6587698278261801,563,325.1787132024765,13,38,67,9,128,1.9721079322861794,101375
967,tile_x20992_y56832_gray_matter_cell_2,2014-048_Iba1_Temporal_pole_Batch_8,tile_x20992_y56832_gray_matter,376.008,109.94131,421.7541,169.82736,42,2,1,3,1,4,3.0,292,62.5269113779068,0.9385529140870142,598,154.95331752300262,875.5,126.97281408309937,0.683038263849229,0.8194262382555986,0.3129747421668279,0.6824086522641666,308,193.3380935192108,12,33,40,4,42,1.9721061208975033,1093
968,tile_x57344_y21504_gray_matter_cell_1,2017-160_Iba1_Temporal_pole_Batch_6,tile_x57344_y21504_gray_matter,36.778305,148.00906,163.6879,244.79861,207,5,4,9,4,13,2.25,439,76.76955199241638,0.936044232966978,764,438.57568180561066,6623.0,317.71652829647064,0.1153555790427298,0.7244280553550886,0.049913052230692,0.8244892592112281,506,374.534051656723,11,14,61,12,207,1.9714210998874442,90320
969,tile_x18944_y30720_gray_matter_cell_0,2016-020_Iba1_Temporal_pole_Batch_8,tile_x18944_y30720_gray_matter,149.85684,275.65204,274.06522,390.37103,178,3,4,7,3,10,2.333333333333333,407,77.94112491607666,0.8419202085625875,1557,474.5168067216873,4879.0,308.23464596271515,0.3191227710596434,0.6495758244944533,0.0868950981923818,0.6453239410080135,1156,510.9015827178955,11,48,76,7,178,1.9701127314275317,16777
970,tile_x28160_y7680_gray_matter_cell_1,2018-001_Iba1_Temporal_pole_Batch_6,tile_x28160_y7680_gray_matter,372.73932,371.7171,430.6056,429.46625,48,1,2,3,2,5,1.5,355,71.79898953437805,0.8653694366890803,478,161.1959581375122,1117.0,141.04506397247314,0.4279319606087735,0.8749913186542255,0.2311689309591892,0.7055816097723139,221,143.78174459934235,13,14,46,7,48,1.9669785365048413,100300
971,tile_x49664_y19456_gray_matter_cell_1,2017-129_Iba1_Tp_B8_100,tile_x49664_y19456_gray_matter,74.3688,213.27582,217.81558,286.71646,121,1,4,4,5,9,0.8,641,98.22539567947388,0.8348728146002117,1388,365.26197350025177,3584.5,276.99869430065155,0.3872227646812665,0.7583562330516199,0.1307345594115644,0.5870606957068515,756,422.3746713399887,13,20,82,5,121,1.9668459967189562,76573
972,tile_x31744_y13824_gray_matter_cell_0,2016-032_Iba1_Temporal_pole_Batch_8,tile_x31744_y13824_gray_matter,426.1925,232.56305,506.67487,299.51324,78,4,2,5,2,7,2.5,241,54.87005722522736,1.0059029466008322,438,189.68123936653137,1326.0,157.93627321720123,0.3303167420814479,0.8326404537668187,0.1529801974957534,0.6680202326673396,218,167.78174459934235,10,22,35,8,78,1.9665974716110461,29130
973,tile_x63488_y33792_gray_matter_cell_0,2017-063_Iba1_Temporal_pole_Batch_8,tile_x63488_y33792_gray_matter,222.23885,269.06738,319.84576,430.0869,208,2,7,10,7,17,1.4285714285714286,945,206.6934319734573,0.2779638508651381,2879,643.0264731645584,7575.0,349.55554127693176,0.3800660066006601,0.5436098758992713,0.0874971330011274,0.7790406489612176,1953,783.8792854547501,8,53,73,8,208,1.9664147612072655,66555
974,tile_x20480_y1536_gray_matter_cell_1,2017-160_Iba1_Temporal_pole_Batch_6,tile_x20480_y1536_gray_matter,177.17215,175.77435,308.40402,321.83853,162,3,4,7,3,10,2.333333333333333,1191,221.37972366809845,0.3053837638581466,2398,595.6295045614243,7315.0,369.6045025587082,0.3278195488721804,0.6205275254637638,0.0849389010872975,0.6728986981615159,1254,693.369619011879,27,29,82,10,162,1.9662307563215844,83652
975,tile_x51712_y15360_gray_matter_cell_0,2017-129_Iba1_Tp_B8_100,tile_x51712_y15360_gray_matter,7.5778503,209.45084,50.48552,250.65768,7,0,2,1,3,4,0.3333333333333333,389,76.5269113779068,0.8347013082553801,766,109.25483322143556,753.0,103.68715536594392,1.0172642762284196,0.9490395281258892,0.8064126221573363,0.8801464071660998,387,168.36753106117249,11,11,17,1,7,1.9660578147045857,76823
976,tile_x35840_y12288_gray_matter_cell_0,2017-026_Iba1_Temporal_pole_Batch_8,tile_x35840_y12288_gray_matter,366.59454,346.61743,510.31042,415.7268,134,5,2,6,2,8,3.0,469,110.32590091228484,0.4842032962895837,1302,417.0609630346298,3948.0,283.8264306783676,0.3297872340425531,0.6805394314854653,0.0940636365541344,0.6158590626871774,902,383.1614682674408,21,61,80,8,134,1.9657642455272766,45311
977,tile_x41472_y7168_gray_matter_cell_0,2014-048_Iba1_Temporal_pole_Batch_8,tile_x41472_y7168_gray_matter,335.65826,135.5307,390.1501,204.18152,36,0,4,1,5,6,0.2,778,125.5979790687561,0.6197608778477084,851,160.95331752300262,1254.5,149.03450214862823,0.6783579115185333,0.9259486194022002,0.4127998765828206,0.7097524287940566,179,149.15432798862457,8,8,33,5,36,1.9648390780310068,4956
978,tile_x68096_y27136_gray_matter_cell_1,2017-160_Iba1_Temporal_pole_Batch_6,tile_x68096_y27136_gray_matter,265.79688,313.75793,394.97852,479.9718,347,13,3,14,2,16,7.0,357,73.94112491607666,0.8205517445006036,2669,758.5411919355392,7723.5,375.1652617454529,0.3455687188450831,0.494587855918752,0.0582908110800977,0.689570665727706,2312,799.168608546257,11,45,87,13,347,1.9637808852645622,91961
979,tile_x39936_y18432_gray_matter_cell_3,2016-020_Iba1_Temporal_pole_Batch_8,tile_x39936_y18432_gray_matter,199.02505,95.107544,266.90213,185.38507,88,4,2,4,2,6,2.0,488,86.18376553058624,0.8256172445173944,1735,256.7939372062683,2966.0,225.6653553247452,0.5849629130141605,0.8787799189491017,0.3306281378661125,0.731899128691739,1250,318.0071402788162,14,51,59,10,88,1.961752091794996,20679
980,tile_x16384_y41984_gray_matter_cell_1,2018-001_Iba1_Temporal_pole_Batch_6,tile_x16384_y41984_gray_matter,61.495716,215.51717,153.70003,304.67743,89,1,3,4,3,7,1.3333333333333333,721,120.71067690849304,0.6218043530921339,1428,281.76449966430664,3468.5,240.83809792995453,0.4117053481331988,0.8547496161400329,0.226029707537524,0.7514518978395092,707,383.9898953437805,23,47,56,8,89,1.9616859874723973,95768
981,tile_x6144_y43520_gray_matter_cell_4,2018-001_Iba1_Temporal_pole_Batch_6,tile_x6144_y43520_gray_matter,287.8994,107.1241,362.15497,184.76973,76,2,4,6,4,10,1.5,653,148.36753106117249,0.3727737355264224,844,309.7056245803833,2239.0,203.52887749671936,0.3769539973202322,0.6571688123923431,0.1105742813088523,0.6792222167243919,353,217.722869515419,11,43,67,11,76,1.9610474227894004,106006
982,tile_x21504_y55296_gray_matter_cell_1,2017-063_Iba1_Temporal_pole_Batch_6,tile_x21504_y55296_gray_matter,192.74515,217.21207,274.94016,280.07944,103,2,4,6,4,10,1.5,249,56.87005722522736,0.9674797430677978,622,271.722869515419,1994.0,177.70961034297943,0.3119358074222668,0.6540105021704669,0.10586389387825,0.7934383517537202,403,249.9655101299286,10,29,37,8,103,1.960195789766117,53698
983,tile_x39424_y5120_gray_matter_cell_0,2017-129_Iba1_Tp_B8_100,tile_x39424_y5120_gray_matter,395.26422,400.75464,490.7292,498.52612,130,4,3,7,3,10,2.333333333333333,691,115.63960921764374,0.6493437737243435,1827,377.36247873306274,3973.5,248.7371381521225,0.4597961494903737,0.6591464498198647,0.161224478001283,0.8070525515336021,1218,429.546244263649,15,63,66,10,130,1.9586526218378535,75113
984,tile_x5120_y9216_gray_matter_cell_0,2014-048_Iba1_Temporal_pole_Batch_8,tile_x5120_y9216_gray_matter,204.68396,188.87326,310.0827,378.33218,277,6,4,11,3,14,3.6666666666666665,576,93.01219260692596,0.8366668904491787,2232,611.7716399431229,8846.5,391.0037558078766,0.2523031707454926,0.6391335104128538,0.0749420162896404,0.72714243092331,1656,611.7716399431229,17,30,105,9,277,1.9585142373360451,7166
985,tile_x52224_y40448_gray_matter_cell_0,2017-014_Iba1_Temporal_pole_Batch_6,tile_x52224_y40448_gray_matter,344.7762,287.85388,415.42545,385.74762,155,5,5,8,7,15,1.1428571428571428,497,85.84061968326569,0.8475797349406528,1361,361.36247873306274,2814.5,209.1577265262604,0.4835672410730147,0.5788031099951705,0.1309730303801116,0.8084688510385541,871,417.0609630346298,11,26,49,12,155,1.957619875855607,38987
986,tile_x13312_y36864_gray_matter_cell_1,2017-014_Iba1_Temporal_pole_Batch_6,tile_x13312_y36864_gray_matter,312.84723,346.28894,367.65967,410.9956,54,1,5,5,6,11,0.8333333333333334,486,96.32590091228484,0.6582031769589171,644,195.09545290470123,1419.5,151.74158191680908,0.4536808735470236,0.7777812330199755,0.2126186892976663,0.7747044422629844,235,174.5096664428711,11,19,43,6,54,1.9574867027723282,32241
987,tile_x40448_y72192_gray_matter_cell_2,2014-048_Iba1_Temporal_pole_Batch_8,tile_x40448_y72192_gray_matter,3.2979202,83.614075,100.44624,144.41573,102,4,2,4,2,6,2.0,244,59.79898953437805,0.8574563075554593,1157,272.69343197345734,2393.0,212.88968181610107,0.4834935227747597,0.780692370459523,0.1955212060461411,0.6635036814402506,1000,284.83556735515594,9,73,74,5,102,1.9572689256259748,4716
988,tile_x7168_y46080_gray_matter_cell_0,2016-032_Iba1_Temporal_pole_Batch_8,tile_x7168_y46080_gray_matter,162.06036,126.157166,269.86932,260.15253,157,3,5,6,5,11,1.2,477,82.42640614509583,0.8822578143665776,863,374.534051656723,4392.0,283.3345640897751,0.1964936247723133,0.7564988092176561,0.0773104217079217,0.6875005983273179,632,362.634556889534,10,42,74,10,157,1.957157815558952,30564
989,tile_x25600_y32256_gray_matter_cell_4,2018-001_Iba1_Temporal_pole_Batch_6,tile_x25600_y32256_gray_matter,160.12006,166.08043,205.0185,202.34706,44,3,2,1,3,4,0.3333333333333333,344,67.94112491607666,0.9364893438742586,569,117.15432798862456,716.5,104.52718937397005,0.7941381716678297,0.8922179075118709,0.5209612920748758,0.8240764685985571,352,140.71067690849304,11,19,23,6,44,1.9560335777550382,98815
990,tile_x33792_y34304_gray_matter_cell_3,2018-001_Iba1_Temporal_pole_Batch_6,tile_x33792_y34304_gray_matter,269.29926,4.7157288,319.14618,148.3627,138,1,2,3,2,5,1.5,243,56.5269113779068,0.9556648771076544,914,329.1787132024765,3463.0,286.2016537189484,0.2639330060641062,0.869441559372361,0.1059967558429922,0.5312734071341242,751,291.37972366809845,10,89,124,7,138,1.9557592582529286,102930
991,tile_x45568_y26112_gray_matter_cell_1,2017-026_Iba1_Temporal_pole_Batch_8,tile_x45568_y26112_gray_matter,49.215343,78.48173,151.27876,223.25156,159,1,5,5,4,9,1.25,664,98.18376553058624,0.865562784218639,1798,375.1198381185532,5977.0,330.1035557985306,0.300819809268864,0.8799949302979929,0.1605681807442502,0.6892752983542625,1136,453.8893901109696,12,26,90,6,159,1.9551358647803916,46507
992,tile_x26624_y36864_gray_matter_cell_2,2016-020_Iba1_Temporal_pole_Batch_8,tile_x26624_y36864_gray_matter,176.06793,300.48883,432.48206,438.61163,373,7,3,10,3,13,3.333333333333333,470,85.01219260692596,0.8172318554334509,2167,652.8427076339722,13070.5,483.7026072740555,0.1657931984239317,0.7409175313102401,0.0638927617296503,0.7020130876403287,1711,696.5411919355392,10,99,107,11,373,1.9548893623763144,18383
993,tile_x12800_y3072_gray_matter_cell_2,2016-020_Iba1_Temporal_pole_Batch_8,tile_x12800_y3072_gray_matter,423.97186,362.03287,489.4378,416.35794,53,3,1,4,1,5,4.0,437,77.84061968326569,0.9063140897386064,894,187.92387998104093,1204.5,138.2661384344101,0.7422166874221668,0.7357560861789323,0.3181144828274783,0.7917444007660493,457,266.5929267406464,15,18,38,6,53,1.9525216329492525,15485
994,tile_x59904_y5632_gray_matter_cell_0,2014-048_Iba1_Temporal_pole_Batch_8,tile_x59904_y5632_gray_matter,422.95404,264.03424,495.96698,385.66656,104,3,3,5,3,8,1.6666666666666667,559,125.25483322143556,0.4477470012206289,960,327.66399443149567,3206.5,259.5518890619278,0.2993918602837985,0.7921281967896904,0.1123630849960911,0.5981260535384146,536,314.4924215078354,15,43,62,5,104,1.9518709031004013,8906
995,tile_x41472_y46080_gray_matter_cell_2,2018-001_Iba1_Temporal_pole_Batch_6,tile_x41472_y46080_gray_matter,168.67303,299.36176,214.77911,328.4931,8,0,1,1,1,2,1.0,383,76.66904675960541,0.8187824225321307,594,105.9827550649643,634.5,97.55235123634338,0.9361702127659576,0.920454947378436,0.6645473018165958,0.8378494863425143,213,155.33809351921082,14,14,21,1,8,1.950653737796035,105494
996,tile_x74752_y14848_gray_matter_cell_4,2017-014_Iba1_Temporal_pole_Batch_6,tile_x74752_y14848_gray_matter,19.429047,62.597137,108.46469,183.5634,163,2,4,7,4,11,1.75,730,152.61017167568207,0.3938816625112992,943,492.0731556415558,4063.5,255.0596764087677,0.2320659529961855,0.5183369047560127,0.0489398022356035,0.784922031815999,585,359.0193328857422,23,33,75,11,163,1.9505357334984292,40573
997,tile_x65536_y19456_gray_matter_cell_0,2017-026_Iba1_Temporal_pole_Batch_8,tile_x65536_y19456_gray_matter,384.11792,158.20697,500.3888,248.75836,182,2,3,6,2,8,3.0,407,78.5269113779068,0.8294061303688145,1166,397.50461411476135,5317.0,296.33349227905273,0.2192965958247132,0.745484408876572,0.0927308127193207,0.7608780330066272,794,412.3330411911011,12,36,64,9,182,1.9501469254592625,49195
998,tile_x84480_y36352_gray_matter_cell_3,2017-026_Iba1_Temporal_pole_Batch_8,tile_x84480_y36352_gray_matter,90.229614,200.55872,219.08112,301.28033,128,2,2,4,3,7,1.3333333333333333,354,73.01219260692596,0.8344923205944884,947,295.52185904979706,3882.0,278.9427917003632,0.243946419371458,0.9438990151092672,0.1362638397764072,0.6269531791394112,623,324.2497808933258,11,38,80,6,128,1.9501165929411959,51449
999,tile_x72704_y15872_gray_matter_cell_1,2014-048_Iba1_Temporal_pole_Batch_8,tile_x72704_y15872_gray_matter,249.95032,303.56674,336.28333,423.8077,209,5,2,7,2,9,3.5,257,58.28427076339722,0.9506929059276658,975,403.36247873306274,6463.5,321.81000912189484,0.1508470642840566,0.7978184042617962,0.0753049432214272,0.784293330506435,721,440.8183224201202,9,89,109,13,209,1.9489856036494038,11848
1000,tile_x84992_y33280_gray_matter_cell_1,2017-014_Iba1_Temporal_pole_Batch_6,tile_x84992_y33280_gray_matter,257.95767,356.38593,367.8879,478.13336,154,2,3,5,3,8,1.6666666666666667,281,61.11269783973694,0.94548201371632,901,407.4041088819504,4253.0,289.98807978630066,0.2118504584998824,0.7117946860725642,0.0682156223159679,0.6355430214217596,730,390.3330411911011,10,39,77,9,154,1.9487789828495337,41588
